,Q1,Q2,Q3,Q4,Q5,Q6,Q27,Q28,Q29,Q30,Q31,Q32,Q46,Q51,Q52,Q53,Q54,Q55,Q58,Q59,Q60,Q61,Q62,Q63,Q64,Q65,Q66,Q67,Q68,Q69,Q70,Q71,Q72,Q73,Q74,Q75,Q76,Q77,Q78,Q79,Q80,Q81,Q113,Q114,Q115,Q116,Q117,Q118,Q130,Q131,Q132,Q133,Q134,Q135,Q136,Q137,Q138,Q142,Q143,Q146,Q147,Q148,Q169,Q170,Q196,Q197,Q198,Q199,Q224,Q225,Q226,Q227,Q228,Q229,Q230,Q231,Q232,Q233,Q234,Q235,Q236,Q237,Q238,Q239,Q253,Q254,Q255,Q256,Q257,Q258,Q259
pid_574,1,1,1,1,1,2,1,2,1,4,2,2,1,4,4,4,4,4,1,1,1,2,2,3,1,1,4,3,4,1,2,3,2,3,3,2,2,1,1,2,2,1,2,2,2,2,3,2,3,1,4,4,4,4,4,4,4,4,4,4,3,3,4,3,1,1,1,1,2,4,4,4,4,3,3,4,2,1,1,3,4,4,1,4,2,1,1,1,1,3,1
pid_2001,1,1,1,1,1,4,1,4,4,4,4,2,1,4,4,4,4,4,1,1,1,2,1,2,4,1,2,3,1,2,2,2,3,2,2,1,1,3,2,1,1,1,3,3,2,2,2,2,1,1,4,4,4,3,4,4,4,2,4,1,2,2,4,4,4,4,4,1,1,4,2,4,2,1,1,2,4,4,1,4,1,4,1,4,3,2,1,1,1,1,1
pid_1710,1,1,1,2,1,2,1,3,2,4,2,3,3,4,2,4,4,4,1,3,2,3,3,3,1,1,4,3,4,1,2,4,3,4,3,2,3,2,2,3,3,2,3,2,3,3,3,2,3,3,3,4,4,3,4,4,4,1,1,1,1,1,2,2,1,1,2,1,3,4,1,3,4,4,2,2,3,1,1,4,4,4,1,4,2,1,2,2,1,3,4
pid_1277,1,1,1,1,1,4,3,4,4,4,4,4,4,3,1,2,4,4,1,3,2,3,1,2,4,3,2,4,1,3,3,3,4,3,2,1,2,3,3,1,1,1,3,3,3,2,2,2,1,4,1,2,1,2,1,2,2,1,1,1,1,1,4,4,4,4,4,1,1,3,2,4,3,2,1,2,4,4,1,4,2,4,1,4,4,3,4,3,4,3,4
pid_789,1,1,1,1,1,3,1,4,4,4,4,3,1,4,4,4,4,4,1,1,1,1,1,2,2,1,4,4,2,1,2,4,2,4,3,3,2,1,2,3,1,1,2,2,2,2,3,1,3,1,4,4,4,3,4,4,4,4,1,1,3,2,2,4,1,1,1,1,4,4,4,4,4,3,2,3,3,2,1,2,4,4,1,4,1,1,1,1,1,2,1
pid_1239,1,1,1,1,1,4,1,4,4,4,4,2,2,4,4,4,4,4,1,2,2,2,1,2,4,2,2,3,1,3,3,2,3,3,2,1,1,3,3,2,1,2,3,3,3,3,2,2,2,2,4,4,4,2,4,4,4,4,2,2,3,2,4,4,4,4,4,1,1,4,2,2,2,2,1,2,3,4,1,4,2,4,1,4,3,2,3,3,3,4,3
pid_820,1,1,1,3,2,1,2,4,4,4,4,2,2,3,2,2,3,4,2,2,2,2,1,1,4,3,2,3,2,3,2,3,4,3,2,2,2,3,3,1,1,1,3,3,3,3,2,1,1,3,3,3,2,3,3,3,4,1,1,1,2,1,4,4,2,2,4,2,2,4,2,3,3,2,2,3,4,3,1,4,2,4,1,4,3,2,1,1,2,1,1
pid_1913,4,1,1,1,3,4,4,4,4,4,4,4,4,2,1,2,4,4,3,4,4,4,2,3,4,4,4,4,1,4,3,4,4,4,4,1,4,4,3,1,2,2,3,3,4,3,3,2,1,4,2,3,3,2,2,2,2,1,1,1,1,1,4,4,4,4,4,1,4,2,1,2,4,4,1,2,4,4,1,4,2,4,1,4,4,4,4,4,4,2,3
pid_490,1,1,1,3,1,3,1,4,4,4,4,4,4,2,1,2,3,4,1,2,1,2,2,2,3,1,3,3,2,2,2,4,4,4,2,3,3,3,3,3,2,1,3,3,3,3,2,2,3,4,2,3,3,2,2,2,2,1,1,1,1,1,4,4,2,2,4,3,2,4,2,3,3,3,1,2,4,3,1,4,2,4,1,4,3,2,2,2,2,4,2
pid_1393,1,1,1,1,1,2,1,4,4,4,4,1,3,4,2,3,4,4,1,2,2,4,1,3,2,1,3,4,3,2,2,3,4,4,3,1,2,3,2,1,1,1,3,3,3,2,2,1,2,3,2,4,4,4,3,4,4,1,1,1,1,1,4,4,1,1,4,1,3,4,3,2,4,2,1,2,3,2,1,4,1,4,1,4,3,1,2,1,1,3,1
pid_1409,1,1,1,1,1,4,1,4,4,4,4,1,3,2,2,3,2,4,2,3,2,2,1,2,4,2,2,4,1,4,4,2,3,4,2,1,3,3,3,1,1,1,3,3,3,2,2,3,1,3,1,2,2,2,2,2,2,1,1,1,1,1,4,4,4,4,4,1,3,4,2,4,3,3,1,1,4,3,1,4,2,4,1,4,3,3,2,3,3,2,1
pid_1120,1,1,1,2,1,4,2,4,4,4,4,2,1,4,3,3,4,4,1,2,2,4,2,2,4,1,3,3,2,3,2,3,4,3,3,2,2,3,2,2,2,2,2,3,3,3,2,1,2,2,4,4,4,3,4,4,4,2,2,2,3,2,4,4,4,4,4,2,2,4,2,4,3,3,2,4,3,2,1,4,2,4,1,4,3,2,2,3,3,2,2
pid_64,1,1,2,1,1,2,1,2,3,4,4,1,1,4,4,4,4,4,1,2,1,2,2,2,2,1,3,3,2,2,1,2,3,3,2,2,2,2,3,3,1,1,3,3,2,2,2,2,2,1,4,4,4,4,4,4,4,2,1,2,2,1,3,4,1,1,4,2,2,4,3,4,3,2,1,3,3,2,1,4,2,4,1,4,3,1,1,1,1,3,2
pid_344,1,2,1,1,1,4,3,4,4,4,4,4,4,4,3,4,4,4,1,2,1,3,2,2,4,2,2,4,2,3,3,2,3,4,2,2,1,3,2,2,1,2,3,3,3,3,3,2,2,1,4,4,3,2,4,4,4,1,2,1,2,1,4,4,4,4,4,1,1,4,1,2,2,1,1,2,3,3,1,4,1,4,1,4,3,2,4,4,3,4,4
pid_623,1,2,1,1,4,1,1,2,1,4,1,1,1,4,4,4,4,4,1,2,1,3,3,3,1,1,4,4,4,1,1,3,2,4,4,3,4,2,1,4,2,1,3,2,3,2,3,2,4,1,4,4,4,4,4,4,4,4,4,2,2,4,1,3,1,1,1,1,4,4,1,3,4,4,3,4,2,1,1,1,4,4,1,4,1,1,1,1,1,1,4
pid_1447,1,1,1,1,2,4,3,4,4,4,4,4,3,4,2,3,4,4,2,2,2,2,2,2,4,3,2,3,1,4,3,3,4,3,2,1,2,3,3,1,1,1,3,3,3,3,3,2,1,3,2,3,2,2,3,4,2,1,1,1,2,1,4,4,4,4,4,1,3,2,1,3,3,3,1,1,4,4,1,4,2,4,1,4,3,3,3,2,3,2,2
pid_1014,1,1,1,2,1,4,1,4,4,4,4,1,1,4,4,4,4,4,1,2,1,2,1,2,4,2,2,2,1,2,1,2,3,2,2,1,1,2,2,1,1,1,3,2,2,2,2,1,2,1,4,4,4,4,4,4,4,4,4,2,3,2,4,4,3,4,4,1,2,4,2,3,3,2,2,3,3,3,1,4,2,4,1,4,2,2,2,2,2,2,1
pid_1869,1,1,1,1,1,2,1,4,4,4,4,1,1,4,4,4,4,4,1,2,1,2,1,2,3,2,2,3,1,3,2,2,3,3,2,1,1,3,2,1,1,1,2,3,2,2,2,1,1,1,4,4,3,3,4,3,3,2,1,2,2,2,4,4,4,4,4,1,1,4,2,4,2,2,1,2,3,3,1,4,2,4,1,4,3,2,2,2,1,2,1
pid_270,1,1,1,1,1,4,1,4,4,4,4,2,1,4,4,4,4,4,1,1,1,1,1,1,4,2,2,3,1,2,1,2,2,2,1,1,1,3,2,1,1,1,3,3,3,2,2,1,1,1,4,4,4,4,4,4,4,4,4,2,4,3,4,4,4,4,4,1,1,4,2,3,2,1,1,4,3,3,1,4,2,4,1,4,3,2,1,1,1,2,2
pid_717,1,1,1,1,1,1,1,4,4,4,4,1,2,4,3,4,4,4,1,1,1,2,2,2,1,1,4,4,3,1,1,4,2,3,2,2,3,2,2,1,2,1,3,2,3,3,3,1,3,3,4,4,4,3,4,4,3,1,1,1,1,1,3,4,1,2,2,1,2,4,1,4,4,3,2,2,3,2,1,4,3,4,1,4,2,1,1,1,1,2,1
pid_1573,1,1,1,1,1,1,1,4,4,4,4,3,3,4,2,4,4,4,1,1,1,1,1,1,1,1,2,2,1,3,3,2,3,4,2,1,1,3,2,1,1,1,3,3,3,2,2,2,1,3,3,3,2,2,4,3,2,1,1,1,1,1,4,4,4,4,4,1,2,3,1,3,2,2,1,2,3,4,1,4,1,4,1,4,3,2,1,1,1,1,1
pid_1827,1,2,3,1,1,1,1,3,1,2,2,4,2,4,3,4,4,4,1,2,2,3,3,3,1,1,4,3,4,1,1,4,2,4,4,2,2,1,2,1,3,1,3,2,3,3,4,1,4,3,4,4,4,4,4,4,4,1,1,1,1,1,3,1,1,1,1,1,4,4,1,3,4,4,4,2,3,1,1,2,4,4,1,4,2,1,1,2,1,3,2
pid_759,1,1,1,1,1,3,1,4,4,4,4,4,4,2,2,2,3,4,1,2,2,3,2,2,3,2,2,3,1,3,3,2,4,4,2,1,2,4,3,1,1,1,3,3,3,2,2,2,1,3,2,3,3,2,2,2,2,1,1,1,1,1,4,4,4,4,4,1,1,4,1,3,2,2,1,2,4,4,1,4,3,4,1,4,4,2,2,2,2,1,3
pid_394,1,1,1,1,1,4,2,4,4,4,4,4,1,4,4,4,4,4,1,1,1,2,1,1,4,1,2,3,1,2,3,2,3,2,2,1,1,3,2,1,1,1,3,3,3,2,2,2,2,1,4,4,4,3,4,4,4,4,4,2,4,2,4,4,4,4,4,1,1,4,2,4,2,1,1,2,3,3,1,4,2,4,1,4,3,1,1,1,1,1,1
pid_1497,1,1,1,1,1,4,3,4,4,4,4,1,1,4,4,4,4,4,1,1,1,1,1,1,4,3,2,4,1,3,2,2,4,4,1,1,1,4,3,1,1,1,3,3,2,2,2,1,1,1,4,4,3,2,4,4,3,2,2,2,4,2,4,4,4,4,4,1,1,4,2,3,3,2,1,3,4,4,1,4,1,4,1,4,3,3,3,3,3,3,1
pid_914,1,1,1,1,1,1,1,2,1,4,4,1,1,4,4,4,4,4,1,1,1,2,2,3,1,1,4,4,3,1,1,2,2,2,1,3,4,2,1,2,1,1,3,2,3,2,3,2,2,1,3,4,4,3,4,4,4,1,1,1,1,1,1,2,1,1,1,1,3,4,4,4,4,4,3,3,1,2,1,1,4,4,1,2,1,1,1,1,1,1,1
pid_169,1,1,1,1,2,3,1,4,4,4,4,1,1,4,4,4,4,4,1,2,1,1,1,2,2,1,2,3,2,2,2,3,3,3,2,1,2,2,2,1,2,2,2,3,2,2,2,1,2,1,4,4,4,4,4,4,4,4,4,3,4,3,4,4,2,4,4,1,1,4,3,4,3,2,2,3,3,2,1,4,2,4,1,4,2,2,1,1,2,2,2
pid_440,1,1,1,2,1,4,1,4,4,4,4,3,2,4,3,4,4,4,1,1,1,1,1,1,4,2,2,3,2,3,2,3,3,3,2,1,2,3,2,2,1,1,2,2,2,2,2,1,2,1,4,4,4,3,4,4,3,3,3,1,3,2,4,4,3,4,4,2,2,4,3,4,3,2,2,3,3,3,1,4,2,4,1,4,3,2,2,2,2,2,1
pid_1624,1,1,1,2,1,2,1,4,4,4,4,3,4,4,2,4,4,4,1,2,1,2,2,2,3,2,2,3,2,2,2,2,3,3,2,1,2,2,2,2,1,1,3,3,2,2,2,2,2,3,3,4,4,2,4,4,2,1,1,1,1,1,4,4,1,4,4,2,3,3,2,3,2,2,1,2,3,3,1,4,2,4,1,4,3,1,1,2,1,2,1
pid_1343,1,2,2,2,1,3,1,3,3,4,4,4,1,4,4,4,4,4,1,3,2,4,3,3,3,2,3,3,3,2,2,2,4,3,2,1,2,2,2,4,3,2,3,3,2,2,2,1,2,1,4,4,4,4,4,4,4,3,4,2,2,2,4,4,1,2,2,2,2,4,3,4,3,3,2,3,3,2,1,2,1,4,1,4,2,2,3,3,2,3,3
pid_127,1,2,1,1,1,3,1,3,2,4,2,4,3,4,3,4,4,4,2,2,1,2,2,2,2,1,4,4,4,1,3,4,4,4,4,3,3,3,2,1,2,2,3,2,3,3,4,2,3,2,4,4,4,4,4,4,4,1,1,1,2,1,4,4,2,4,2,1,3,4,4,3,4,3,1,3,4,1,1,4,1,4,1,4,3,1,2,2,1,3,2
pid_771,1,1,1,1,3,4,2,4,4,4,4,1,3,4,4,4,4,4,1,2,1,2,1,2,4,2,2,3,1,3,3,2,3,3,2,1,1,4,3,1,1,1,3,3,3,2,2,1,1,1,4,4,4,3,4,4,3,4,2,2,3,2,4,4,3,4,4,1,1,3,1,4,2,1,1,2,4,3,1,4,1,4,1,4,3,3,1,3,2,2,1
pid_1515,1,1,1,1,1,4,1,4,4,4,4,4,2,4,3,4,4,4,1,3,1,3,2,2,4,2,1,3,1,4,3,4,4,3,1,1,3,4,3,1,1,1,3,3,3,3,2,1,1,2,4,3,3,2,3,4,2,2,2,1,2,1,4,4,4,4,4,1,4,2,1,4,3,1,1,2,4,4,1,4,1,4,1,4,4,2,1,1,2,1,1
pid_896,1,1,1,1,1,1,1,4,4,4,4,4,1,4,4,4,4,4,1,1,2,2,2,2,1,1,2,3,1,3,3,3,4,3,2,1,1,3,2,3,1,1,2,3,3,2,2,2,1,1,4,4,2,2,4,3,3,4,1,2,4,2,3,4,4,4,4,1,3,3,2,3,3,2,1,2,4,4,1,4,1,4,1,4,3,1,1,1,1,2,1
pid_1072,1,2,1,2,1,2,1,4,4,4,4,1,3,4,4,4,4,4,1,2,2,3,2,2,3,1,2,3,1,3,2,2,3,3,2,1,2,3,2,1,1,1,3,3,3,3,2,2,1,1,3,3,4,2,3,4,4,2,1,1,3,1,4,4,1,4,4,2,1,4,1,4,2,2,1,2,3,3,1,4,1,4,1,4,3,1,2,3,1,3,4
pid_216,1,1,1,1,1,1,1,2,1,4,2,4,2,4,3,4,4,4,1,3,3,3,4,4,4,1,4,4,4,1,3,4,4,4,3,3,3,2,2,2,3,3,3,3,3,3,3,2,4,3,2,3,3,2,3,2,4,1,1,1,1,1,3,2,1,2,4,2,4,4,1,2,4,4,1,2,3,1,1,4,3,4,1,4,2,1,1,2,1,2,3
pid_1841,1,1,1,1,1,3,1,4,4,4,4,3,4,2,1,2,2,4,1,2,2,2,1,2,3,2,2,3,1,3,3,2,4,4,2,1,3,4,3,1,1,1,3,3,3,3,2,2,1,3,2,3,2,1,2,2,2,1,1,1,1,1,4,4,4,4,4,1,4,3,1,3,3,3,1,2,4,4,1,4,2,4,1,4,4,3,2,3,3,2,2
pid_258,3,3,1,1,4,4,4,1,1,4,1,4,2,4,4,3,4,4,3,4,2,4,4,4,4,1,4,4,4,1,3,4,3,4,3,4,4,4,3,4,4,4,3,3,3,3,4,2,4,2,3,4,4,4,4,4,4,4,4,4,4,4,4,4,1,1,4,1,4,4,1,2,4,4,1,4,4,1,1,4,4,4,1,4,3,1,4,4,1,4,4
pid_695,1,1,1,1,1,4,3,4,4,4,4,4,3,4,3,4,4,4,1,3,3,4,2,2,4,4,2,4,1,4,3,3,4,4,3,1,3,4,3,1,1,2,3,3,3,3,3,2,1,3,2,3,2,4,2,4,2,1,1,1,1,1,4,4,4,4,4,1,2,2,2,3,4,3,1,2,4,4,1,4,1,4,1,4,3,4,3,4,3,4,2
pid_972,1,3,1,2,3,4,4,4,4,4,4,3,1,4,4,4,4,4,1,4,2,4,3,4,4,2,3,4,1,3,3,4,4,4,3,1,3,4,2,3,2,3,3,3,3,3,3,3,1,2,4,4,4,2,4,4,4,4,4,1,3,1,4,4,1,4,4,1,3,3,1,2,4,2,1,2,4,3,1,4,1,4,1,4,3,3,4,4,4,4,4
pid_1196,1,1,1,2,1,4,1,4,4,4,4,4,3,4,4,4,4,4,1,2,1,2,2,2,4,1,2,3,2,2,2,2,4,3,2,1,2,2,2,2,1,1,3,3,3,2,2,2,2,1,4,4,4,2,4,4,4,4,4,1,3,1,4,4,1,4,4,2,3,4,2,3,3,2,2,2,3,3,1,4,2,4,1,4,3,2,1,2,2,2,1
pid_468,1,1,1,2,1,3,1,3,2,4,4,1,1,4,4,4,4,4,1,1,1,2,2,3,2,1,4,3,4,1,2,4,2,4,2,2,3,1,1,3,2,1,2,2,2,2,4,1,3,1,4,4,4,4,4,4,3,4,4,1,2,2,3,4,1,1,1,1,3,4,4,4,4,3,3,2,2,2,1,2,4,4,1,4,1,1,1,1,1,2,2
pid_1325,1,1,1,1,1,1,1,3,4,4,4,1,1,4,4,4,4,4,1,1,1,2,1,2,1,1,4,4,4,1,1,2,2,4,3,3,3,1,1,1,1,1,3,2,2,2,3,1,3,1,4,4,4,4,4,4,4,4,4,2,3,3,3,4,1,1,2,1,4,4,4,3,4,4,3,3,1,2,1,1,4,4,1,4,1,1,1,1,1,1,1
pid_141,1,1,1,2,1,3,2,4,4,4,4,2,1,4,4,4,4,4,1,1,1,1,1,2,3,2,2,3,1,3,3,2,4,4,2,1,2,3,2,2,1,1,3,3,3,2,2,2,2,1,4,3,4,2,4,4,3,4,2,2,4,3,4,4,4,4,4,1,2,3,2,3,3,2,1,2,3,3,1,4,1,4,1,4,3,2,2,2,1,2,1
pid_426,1,1,1,2,1,4,1,4,4,4,4,3,1,4,4,4,4,4,1,1,1,2,1,2,3,1,3,3,3,1,2,3,3,3,3,1,1,2,2,1,1,1,2,2,2,2,2,2,2,1,4,4,4,4,4,4,4,4,4,2,4,4,4,4,3,4,4,2,2,4,2,4,3,2,2,3,3,1,1,4,2,4,1,4,2,1,1,1,1,2,1
pid_1642,1,1,1,2,1,1,2,4,4,4,4,3,3,4,3,4,4,4,1,2,1,2,2,2,1,1,3,3,3,1,2,3,3,3,2,2,2,2,2,2,1,1,3,2,3,2,3,2,3,2,4,4,4,3,4,4,4,2,1,1,1,2,4,4,2,4,4,1,3,4,3,3,3,3,2,3,3,3,1,4,2,4,1,4,3,1,1,1,1,3,1
pid_1211,1,1,1,1,2,4,1,4,4,4,4,1,4,2,1,2,3,4,1,2,2,4,1,2,4,2,2,4,1,4,4,3,3,4,2,1,2,4,3,1,1,1,3,3,3,2,2,1,1,4,2,3,4,2,2,2,3,1,1,1,1,1,4,4,4,4,4,1,3,4,1,3,2,2,1,1,4,3,1,4,1,4,1,4,4,3,4,4,4,2,4
pid_808,1,1,1,2,1,4,2,4,4,4,4,3,3,4,2,4,4,4,1,2,1,2,1,1,4,2,3,4,3,3,2,2,3,3,2,2,2,3,2,1,1,2,3,3,2,2,2,2,2,3,4,4,4,4,4,4,3,1,1,1,1,1,4,4,1,4,4,2,3,3,2,4,3,2,2,3,3,1,1,4,2,4,1,4,3,2,2,3,3,4,2
pid_1891,1,1,1,2,2,2,1,4,4,4,4,2,1,4,3,4,4,4,1,2,1,3,2,3,2,2,3,4,2,3,3,3,3,3,3,2,2,3,3,2,1,1,3,3,3,2,2,2,2,2,4,4,4,3,3,4,3,2,1,2,2,2,3,4,2,4,4,2,2,4,2,3,3,3,1,2,3,3,1,4,3,4,1,4,2,2,1,2,2,1,2
pid_512,1,1,1,1,1,1,1,4,4,4,4,2,3,4,2,4,4,4,1,2,2,3,2,3,1,1,4,4,4,1,2,4,2,4,3,3,3,2,2,1,2,1,3,2,3,2,3,1,4,2,3,4,4,4,4,4,3,1,1,1,1,1,2,2,1,1,2,1,4,4,4,3,4,4,3,2,3,1,1,2,4,4,1,4,3,1,1,1,1,2,1
pid_1776,1,1,1,1,1,4,2,4,4,4,4,4,4,4,2,4,4,4,1,2,1,2,1,2,4,1,2,4,1,3,3,2,4,3,2,1,3,3,3,1,1,1,3,3,3,2,2,2,1,3,4,3,3,2,4,4,3,1,1,1,1,1,4,4,4,4,4,1,2,3,1,2,4,3,1,1,4,4,1,4,3,4,1,4,4,3,2,3,3,3,2
pid_288,1,1,1,1,1,4,1,4,4,4,4,4,4,4,1,2,4,4,2,2,2,3,2,2,4,3,2,3,1,4,4,3,3,3,2,1,3,3,3,1,1,1,3,3,3,3,2,3,1,4,1,2,2,2,2,2,2,1,1,1,1,1,4,4,4,4,4,1,3,2,1,2,2,4,1,1,4,4,1,4,2,4,1,4,3,3,2,1,3,2,4
pid_846,1,2,1,1,1,4,4,4,4,4,4,4,3,4,2,4,4,4,4,4,2,4,2,2,4,2,2,4,1,4,3,2,3,3,2,1,2,4,3,1,1,1,3,3,3,2,2,2,1,3,4,4,3,2,4,4,2,1,1,1,1,1,4,4,4,4,4,1,2,4,1,3,3,2,1,2,4,4,1,4,1,4,1,4,4,3,3,3,3,3,1
pid_1738,2,3,1,1,1,4,2,4,4,4,4,4,3,4,2,4,4,4,1,3,2,3,2,2,4,2,2,4,2,3,3,2,3,3,2,2,2,4,3,1,1,1,3,3,3,2,2,2,2,3,3,4,4,2,3,3,3,1,1,1,2,1,4,4,4,4,4,1,2,3,1,3,2,2,1,2,4,3,1,4,1,4,1,4,3,3,4,4,3,3,4
pid_2029,2,1,1,1,1,4,3,4,4,4,4,1,3,2,2,2,2,4,2,3,3,4,2,3,4,3,3,4,1,4,3,2,4,4,3,2,3,4,4,2,1,3,3,3,3,3,3,2,1,3,2,2,1,2,2,3,3,1,1,1,2,1,4,4,4,4,4,1,3,4,1,2,4,2,1,2,4,3,1,4,2,4,1,4,4,3,3,4,3,3,3
pid_191,1,1,1,2,1,2,1,4,4,4,4,4,2,4,4,2,4,4,1,2,1,2,1,2,2,1,2,2,2,1,2,3,4,3,2,1,2,2,2,2,1,1,3,2,2,2,2,2,2,1,4,4,4,3,3,4,3,1,1,2,3,2,4,4,1,4,1,2,2,4,3,4,3,2,2,3,3,3,1,4,1,4,1,4,2,1,1,1,1,1,1
pid_1975,1,2,1,2,2,4,1,4,4,4,4,1,3,4,3,2,4,4,1,1,1,2,1,1,4,2,2,3,1,3,3,2,3,3,2,1,1,3,3,3,1,1,3,3,3,2,2,2,1,3,4,4,4,3,4,4,3,1,1,1,1,1,4,4,4,4,4,1,1,4,2,4,2,2,1,2,3,3,1,4,1,4,1,4,3,3,2,2,2,2,2
pid_1108,1,2,2,1,1,2,1,2,2,2,3,2,2,2,2,2,2,4,1,2,1,2,3,3,1,1,4,3,4,1,1,4,2,4,3,3,2,2,2,4,2,1,2,2,2,2,3,1,4,2,3,2,4,4,2,2,4,1,1,2,1,1,3,4,1,1,1,1,4,4,1,4,4,4,2,3,3,2,1,2,4,4,1,4,2,1,1,1,1,2,2
pid_1692,1,2,1,1,1,4,2,4,4,4,4,4,4,4,2,2,4,4,1,2,2,2,1,2,4,3,2,4,1,4,2,2,3,4,2,1,1,4,3,1,1,1,3,3,3,3,2,1,1,3,3,4,4,2,4,4,2,1,1,1,2,1,4,4,4,4,4,1,2,3,1,4,2,2,1,2,4,4,1,4,1,4,1,4,4,3,2,2,3,2,1
pid_645,1,1,1,1,1,1,1,2,1,4,2,1,1,4,4,4,4,4,1,1,1,2,2,3,1,1,4,4,4,1,1,2,2,4,3,3,2,2,1,3,3,1,3,2,3,2,4,2,3,1,4,4,4,4,4,4,4,4,4,1,1,2,2,3,1,1,2,1,3,4,4,2,4,4,3,3,1,1,1,2,2,4,1,4,2,1,1,1,1,1,1
pid_1421,1,2,1,3,1,3,2,3,3,4,2,3,3,4,3,4,4,4,1,2,2,3,3,3,2,1,3,3,3,2,2,3,4,4,2,2,2,3,2,4,2,2,3,3,3,3,3,2,3,3,4,4,4,3,4,4,4,2,4,1,1,1,4,3,1,2,2,3,2,4,4,4,3,3,2,3,3,3,1,4,1,4,1,4,2,2,3,2,2,2,3
pid_1146,1,1,1,2,1,4,2,4,4,4,4,3,1,4,4,4,4,4,1,2,1,2,1,2,4,1,3,3,3,2,2,3,3,3,2,1,2,2,2,2,1,1,3,3,3,2,2,1,1,1,4,4,3,3,4,4,4,4,2,3,3,4,4,4,2,4,4,2,2,4,3,3,3,2,2,3,3,2,1,4,1,4,1,4,2,2,1,1,2,3,1
pid_322,1,1,1,1,1,2,3,4,4,4,4,4,1,4,3,4,4,4,1,2,1,2,1,2,3,1,2,3,2,3,3,2,3,3,2,1,1,3,3,1,2,1,3,3,3,3,2,2,2,2,3,3,2,2,2,3,4,2,1,2,2,2,4,4,4,4,4,1,2,4,2,3,3,2,1,2,4,3,1,4,1,4,1,4,3,2,2,3,2,3,1
pid_814,1,1,1,2,1,4,3,4,4,4,4,4,2,4,2,4,4,4,1,2,1,2,2,1,3,2,3,3,3,3,2,3,4,4,3,1,2,3,2,3,2,2,3,3,3,3,3,1,2,2,4,4,4,3,4,4,4,1,1,1,2,1,4,4,3,4,4,1,3,4,3,4,3,2,1,3,3,2,1,4,1,4,1,4,3,2,2,3,2,3,2
pid_1597,1,2,1,1,1,3,2,2,2,4,4,4,3,4,2,3,4,4,1,2,1,3,3,3,3,1,4,4,3,1,2,3,2,4,3,3,3,2,2,3,3,3,3,2,3,3,3,1,3,3,2,4,4,4,3,4,3,1,1,1,1,1,3,2,1,1,1,2,4,4,1,4,4,3,1,2,4,1,1,4,4,4,1,4,3,1,1,1,1,3,4
pid_294,1,2,2,1,1,2,1,4,4,4,4,2,2,4,1,3,4,4,1,3,2,3,2,3,1,1,2,3,1,4,3,2,3,3,2,1,2,3,3,2,1,1,3,3,3,3,2,2,1,3,2,4,2,2,4,3,3,1,1,1,1,1,4,4,4,4,4,1,2,3,1,3,2,2,1,2,3,4,1,4,2,4,1,4,3,2,2,2,2,2,3
pid_1243,1,1,1,2,1,4,2,4,4,4,4,4,4,2,2,2,3,4,2,3,2,2,2,2,4,2,2,3,1,3,2,3,3,4,2,2,2,4,2,1,1,2,3,3,3,3,2,2,1,3,2,3,4,3,3,4,3,1,1,1,1,1,4,4,4,4,4,2,2,3,2,4,2,2,1,2,3,4,1,4,1,4,1,4,3,3,4,3,2,4,3
pid_1724,1,2,2,2,1,3,1,4,4,4,4,4,3,4,3,4,4,4,1,2,2,3,2,2,4,2,2,3,1,3,3,3,3,3,2,1,2,2,2,3,1,1,3,3,3,3,2,1,2,2,4,4,3,2,4,3,2,2,1,3,3,2,4,4,4,4,4,2,3,4,2,3,3,2,1,2,3,4,1,4,2,4,1,4,3,2,3,3,2,4,3
pid_2035,1,1,1,2,1,2,1,4,4,4,4,4,3,3,2,2,4,4,1,2,1,2,2,2,2,1,3,3,2,2,2,3,3,3,2,2,2,3,3,2,1,1,3,3,3,2,2,2,2,3,2,4,4,2,2,2,2,1,1,1,1,1,4,4,2,4,4,2,3,3,3,3,3,3,1,2,3,3,1,3,2,4,1,4,3,2,1,1,1,2,1
pid_540,1,1,1,2,4,4,1,4,4,4,4,3,1,4,4,4,4,4,1,2,1,2,2,3,4,2,3,2,2,2,2,2,3,3,2,1,2,3,2,2,1,1,3,3,3,3,2,2,2,2,4,4,4,3,4,4,4,4,2,3,4,3,4,4,2,4,4,2,2,3,2,3,3,2,1,3,3,2,1,4,2,4,1,4,3,1,1,2,1,2,2
pid_1473,1,1,1,1,1,4,1,4,4,4,4,1,1,4,4,3,4,4,1,2,1,3,1,2,3,2,3,3,1,3,2,3,3,3,2,1,3,2,2,3,1,1,3,3,3,3,2,2,1,1,3,3,3,2,3,3,4,4,2,3,4,3,4,4,2,4,4,2,3,4,2,4,3,3,1,3,3,3,1,4,3,4,1,4,2,1,1,1,1,2,1
pid_617,1,2,1,2,3,4,1,4,4,4,4,1,4,2,2,2,3,4,1,2,1,2,2,2,4,1,3,4,1,3,2,3,4,4,3,2,3,4,3,2,1,2,3,3,3,3,2,2,1,3,2,3,3,1,2,2,3,1,1,1,2,1,4,4,4,4,4,3,2,4,1,4,3,3,1,2,4,4,1,4,2,4,1,4,3,3,3,3,3,3,3
pid_370,1,1,1,1,1,2,1,4,3,4,4,2,1,4,4,4,4,4,1,1,1,1,2,1,1,1,4,3,3,1,1,3,2,3,2,3,1,2,1,3,1,1,2,2,2,2,3,1,3,1,4,4,4,4,4,4,4,4,2,3,2,2,3,4,1,2,2,1,3,4,4,4,4,2,3,4,2,2,1,4,4,4,1,4,1,1,1,1,1,1,1
pid_50,1,3,1,1,4,2,3,4,4,4,4,4,2,4,4,4,4,4,2,4,2,4,2,3,2,1,3,4,2,3,3,2,3,4,3,1,2,4,3,1,2,2,3,3,3,2,2,2,1,1,4,4,4,4,4,4,4,4,4,1,2,1,4,4,4,4,4,2,3,3,2,3,3,2,1,2,4,4,1,4,2,4,1,4,3,2,4,4,1,2,2
pid_1969,1,1,1,1,2,4,2,4,4,4,4,4,2,4,4,4,4,4,1,2,1,2,2,1,4,3,2,4,1,4,3,2,4,4,2,1,2,4,2,1,1,1,3,3,3,2,2,2,1,1,4,4,3,2,4,4,3,2,1,2,4,2,4,4,4,4,4,1,2,3,2,3,3,2,1,2,4,4,1,4,2,4,1,4,3,3,1,2,3,3,1
pid_1114,1,1,4,2,1,3,1,4,4,4,4,3,1,4,4,4,4,4,1,2,1,2,2,1,4,1,3,4,3,2,2,3,4,3,2,1,2,3,2,1,2,2,3,2,3,2,3,2,2,1,4,4,4,4,4,4,4,4,4,2,4,2,4,4,2,4,4,1,2,3,2,4,3,2,2,3,3,2,1,4,1,4,1,4,3,2,2,2,2,2,2
pid_659,1,1,1,2,1,1,1,4,4,4,4,2,1,4,4,4,4,4,1,2,1,2,2,2,1,2,3,3,2,1,2,2,3,3,2,1,2,2,2,4,1,1,2,3,2,2,3,2,2,1,4,4,4,3,4,4,4,4,4,3,4,3,4,4,2,3,4,1,2,4,2,4,3,2,3,3,3,2,1,4,1,4,1,4,2,1,1,1,1,2,1
pid_1927,1,2,2,2,1,4,2,4,2,4,4,3,1,4,3,4,4,4,2,4,2,4,3,4,4,1,4,4,4,2,2,4,4,4,4,2,3,2,3,4,3,3,3,3,3,3,3,2,3,1,3,4,4,3,3,3,3,3,1,2,4,2,4,4,2,4,4,1,4,3,3,4,4,3,1,3,3,3,1,4,2,4,1,4,3,1,4,3,2,4,4
pid_1509,1,2,1,1,3,4,3,4,4,4,4,4,3,4,2,4,4,4,1,2,1,2,2,1,4,3,2,4,1,4,3,2,4,4,2,1,1,4,4,1,1,1,3,3,2,3,2,2,1,3,3,4,4,3,4,4,3,1,1,1,1,1,4,4,4,4,4,1,2,2,1,3,4,1,1,2,4,4,1,4,2,4,1,4,3,3,2,2,3,2,2
pid_1293,1,1,1,2,2,1,1,4,4,4,4,1,1,4,3,4,4,4,1,2,1,2,2,3,1,1,3,3,2,3,2,2,3,3,2,1,2,3,3,2,1,1,3,3,2,3,2,1,2,2,4,4,4,3,4,4,4,3,1,2,2,2,3,4,1,2,4,1,3,3,2,3,3,3,1,2,3,3,1,4,2,4,1,4,3,1,1,1,1,2,1
pid_590,1,1,1,1,1,4,1,4,4,4,4,4,1,4,4,4,4,4,1,2,1,2,2,2,4,2,2,3,1,3,2,2,3,3,2,1,2,3,2,1,1,1,3,3,3,2,3,2,2,1,4,4,4,2,4,4,4,4,4,2,3,2,4,4,4,4,4,1,1,4,2,4,2,2,1,2,3,3,1,4,1,4,1,4,3,2,1,1,2,2,1
pid_1813,1,1,1,1,2,4,3,4,4,4,4,1,1,4,4,4,4,4,1,1,1,2,2,2,4,2,2,3,1,3,3,2,3,2,2,1,1,3,3,1,1,1,3,3,3,3,2,2,1,1,4,4,4,2,4,4,3,4,4,4,4,2,4,4,4,4,4,1,1,3,1,3,4,1,1,2,4,3,1,4,1,4,1,4,3,2,3,2,3,2,3
pid_1547,3,3,3,2,1,4,3,4,2,4,1,4,3,4,3,4,4,4,1,3,2,3,3,3,4,1,4,4,4,1,2,4,3,4,4,3,3,1,1,4,3,3,3,2,3,3,4,1,4,1,3,3,4,3,4,3,4,4,4,3,1,2,4,4,1,1,2,2,4,4,1,3,4,4,2,3,3,1,1,2,1,4,1,4,2,1,4,4,1,4,4
pid_723,2,2,2,4,2,4,3,4,3,4,4,2,3,4,3,3,4,4,2,2,2,3,3,3,4,2,3,3,2,2,2,3,3,3,3,2,2,3,2,3,2,2,3,3,3,2,2,1,3,2,4,4,4,4,4,4,4,2,1,1,2,2,4,4,2,4,4,3,3,4,3,4,3,2,2,3,3,3,1,4,1,4,1,4,3,2,2,3,2,3,3
pid_244,1,1,2,1,1,2,1,4,3,4,4,4,1,4,4,4,4,4,1,2,2,3,3,3,1,1,4,4,4,1,2,3,2,3,2,2,3,2,1,1,2,1,3,2,3,2,3,2,3,1,4,4,4,4,4,4,3,2,4,2,2,2,4,3,1,2,2,1,3,4,4,4,4,3,2,4,3,2,1,2,3,4,1,4,3,1,1,1,1,1,1
pid_1020,1,1,1,1,1,4,2,4,4,4,4,3,3,4,4,4,4,4,1,2,1,2,1,2,4,2,2,3,1,4,3,3,4,3,2,1,3,4,3,1,1,1,3,3,3,2,3,2,1,2,4,4,3,2,4,4,4,1,2,1,2,1,4,4,4,4,4,1,3,3,2,4,2,3,1,2,4,3,1,4,2,4,1,4,4,3,1,2,3,2,1
pid_113,1,1,1,1,2,1,2,4,4,4,4,3,1,4,4,4,4,4,1,1,1,1,1,1,1,2,2,3,1,2,1,1,2,2,2,1,1,3,1,1,1,1,3,2,3,2,2,1,1,1,4,4,4,3,4,4,4,4,4,1,4,2,4,4,4,4,4,1,3,4,3,3,2,2,1,2,3,4,1,4,1,4,1,4,3,1,1,1,1,2,1
pid_689,1,1,1,1,1,1,1,2,1,2,2,1,1,4,4,4,4,4,1,2,1,3,3,3,1,1,4,4,4,1,1,4,1,4,3,3,3,1,2,4,3,3,4,2,3,2,3,2,4,1,4,4,4,4,4,4,4,4,4,2,1,2,1,2,1,1,1,1,4,4,4,2,4,4,4,4,3,1,1,4,4,4,1,4,1,1,1,1,1,2,3
pid_1377,1,2,1,2,1,3,2,4,4,4,4,1,1,4,4,4,4,4,1,2,1,2,1,2,3,2,2,3,1,2,2,2,3,2,2,1,1,3,2,1,1,1,3,3,3,2,2,2,1,1,4,4,3,3,4,4,4,4,2,2,3,2,4,4,4,4,4,2,2,3,2,3,2,2,1,3,3,3,1,4,2,4,1,4,3,2,2,3,2,2,2
pid_1610,1,1,1,2,1,4,2,4,4,4,4,4,3,4,2,4,4,4,1,2,2,3,2,2,4,2,2,3,1,3,3,3,3,4,3,2,2,3,3,3,1,1,3,3,3,3,2,2,2,3,4,4,2,2,4,2,2,1,1,1,1,1,4,4,4,4,4,1,3,3,1,3,3,2,2,2,3,4,1,4,2,4,1,4,3,2,2,2,2,2,2
pid_474,1,1,1,1,1,1,2,4,4,4,4,4,1,4,4,4,4,4,1,2,1,2,1,2,1,2,2,4,2,3,3,3,3,3,2,1,2,2,2,1,1,1,3,3,3,2,2,2,2,1,4,4,4,2,4,4,3,4,2,2,3,2,4,4,3,4,4,1,3,3,4,3,3,3,1,2,3,3,1,4,1,4,1,4,3,2,1,2,2,2,1
pid_920,1,1,1,2,1,1,1,4,4,4,4,1,1,4,4,4,4,4,1,2,1,2,2,2,1,1,2,2,1,2,2,2,2,3,2,1,2,2,2,2,1,1,2,3,3,2,2,2,2,1,4,4,3,3,4,4,4,4,4,2,4,2,3,4,1,4,4,1,2,3,3,4,2,3,2,2,2,3,1,4,1,4,1,4,3,1,1,1,1,2,1
pid_1339,1,1,1,1,2,4,4,4,4,4,4,3,2,4,2,3,2,4,1,3,3,4,2,4,4,2,2,4,1,4,4,3,4,4,2,1,3,4,4,2,1,2,3,4,3,3,3,2,1,3,2,3,2,3,3,3,2,1,1,1,1,1,4,4,4,4,4,1,4,4,1,2,4,3,1,2,4,4,1,4,2,4,1,4,3,3,2,3,3,3,2
pid_80,2,3,1,1,1,4,4,2,1,4,1,4,2,4,3,4,4,4,2,4,3,4,4,3,4,1,4,4,4,1,2,4,4,4,4,3,3,3,3,4,4,3,3,3,3,3,3,2,4,2,3,4,4,3,4,3,4,4,4,3,3,3,4,3,1,4,1,1,4,4,4,2,4,4,2,3,4,1,1,2,3,3,1,4,3,1,4,4,1,3,4
pid_1792,1,1,1,1,4,4,2,4,4,4,4,2,1,4,4,4,4,4,1,1,2,2,2,2,4,1,2,3,1,3,3,2,2,2,2,1,2,3,3,1,1,1,3,3,2,2,2,1,1,1,4,4,4,3,4,4,4,4,4,2,4,2,4,4,3,4,4,1,2,4,4,4,2,2,1,2,3,3,1,4,2,4,1,4,3,2,1,1,1,1,1
pid_1008,1,1,1,2,2,2,2,4,4,4,4,1,2,4,2,4,4,4,1,2,1,1,2,2,2,1,3,3,2,1,2,3,4,4,2,2,2,3,2,2,1,1,3,3,3,2,3,2,2,2,4,4,4,3,4,4,4,1,1,1,1,1,4,4,1,4,4,1,2,3,2,4,3,2,1,4,3,2,1,4,2,4,1,4,2,2,1,1,1,2,1
pid_1875,1,1,1,1,1,4,1,4,4,4,4,4,3,4,2,4,4,4,1,4,2,4,1,3,4,3,2,3,1,4,4,2,4,3,2,1,2,4,3,1,1,2,3,3,3,3,2,2,1,3,2,4,3,2,4,4,2,1,1,1,1,1,4,4,4,4,4,1,2,4,1,3,2,2,1,1,4,4,1,4,2,4,1,4,4,3,3,3,3,2,2
pid_222,1,1,1,2,2,3,1,2,2,4,4,1,1,4,4,4,4,4,1,1,1,2,2,3,1,1,4,3,4,1,2,4,2,4,3,3,3,2,2,2,1,1,3,2,2,2,3,2,3,1,4,4,4,4,4,4,4,3,4,2,3,3,4,4,1,2,2,1,4,4,4,4,4,3,3,4,1,1,1,4,4,4,1,4,2,1,1,1,1,1,1
pid_1046,1,1,1,1,3,2,1,3,2,4,3,1,2,4,4,4,4,4,1,2,1,2,2,2,2,1,4,4,3,1,2,4,2,3,3,3,3,2,2,2,2,1,3,2,2,3,3,2,3,1,4,4,4,3,4,4,4,4,4,2,2,3,4,4,1,2,2,1,3,4,4,3,4,3,3,3,3,2,1,4,4,4,1,4,2,1,1,1,1,2,3
pid_1521,1,1,1,1,1,4,1,4,4,4,4,1,1,4,4,4,4,4,1,2,1,2,2,2,4,3,2,3,1,3,3,2,4,3,2,1,1,4,3,1,1,1,3,3,3,2,2,2,1,1,4,4,4,2,4,4,4,4,2,2,3,2,4,4,4,4,4,1,2,3,2,4,2,1,1,2,3,4,1,4,1,4,1,4,3,2,1,1,1,1,1
pid_745,1,1,1,2,1,2,1,4,3,4,4,3,1,4,4,4,4,4,1,1,1,2,2,2,1,1,4,3,4,1,2,3,2,3,2,2,2,1,1,3,1,1,2,2,2,2,3,2,3,1,4,4,4,3,4,4,4,4,4,2,2,2,2,4,1,1,2,1,3,4,1,4,4,3,3,3,2,2,1,4,4,4,1,4,2,1,1,1,1,2,1
pid_388,1,1,1,1,3,1,1,4,4,4,4,1,1,4,4,4,4,4,1,2,1,2,1,1,1,1,2,2,1,2,1,2,3,2,1,1,1,3,2,1,1,1,2,3,2,2,1,2,2,1,4,4,4,3,4,4,4,4,1,1,4,4,4,4,2,4,4,1,1,4,2,4,2,1,1,2,3,3,1,4,1,4,1,4,3,1,1,1,1,1,1
pid_1676,1,1,2,2,1,3,1,4,3,4,4,4,2,4,4,4,4,4,1,3,3,4,3,3,3,1,4,3,4,1,3,4,3,4,3,1,3,2,1,4,2,2,3,2,3,3,3,2,3,2,4,4,4,3,4,4,2,4,2,2,2,2,4,4,1,1,1,1,3,4,4,3,4,3,3,3,3,1,1,4,1,4,1,4,2,1,2,2,1,2,3
pid_412,1,1,1,1,1,1,1,2,1,4,1,1,1,4,4,4,4,4,1,2,2,3,3,3,1,1,4,4,4,1,1,4,2,4,3,3,4,2,1,2,4,1,3,3,2,3,3,1,3,1,4,4,4,4,4,4,4,4,4,1,1,1,3,2,1,1,1,1,4,4,1,3,4,4,3,3,3,1,1,2,4,4,1,4,1,1,1,1,1,2,2
pid_1991,1,1,2,1,1,4,1,4,4,4,4,4,3,4,2,3,4,4,2,3,2,3,1,2,4,3,2,2,1,3,3,2,3,4,2,1,2,4,3,2,1,2,3,3,2,2,2,1,1,3,3,3,4,2,4,4,2,1,1,1,2,1,4,4,4,4,4,1,2,4,2,4,2,3,1,2,4,4,1,4,2,4,1,4,3,4,3,3,3,2,3
pid_908,2,1,1,2,1,4,2,4,4,4,4,4,3,4,2,4,4,4,2,3,2,3,2,3,4,2,2,4,1,4,3,3,3,3,2,1,2,4,3,1,1,2,3,3,3,3,2,1,1,3,4,4,4,3,4,4,3,1,1,1,1,1,4,4,4,4,4,1,2,4,2,3,2,2,1,2,3,3,1,4,1,4,1,4,3,3,3,3,3,2,3
pid_175,1,2,1,2,1,3,2,4,3,4,4,4,2,4,4,4,2,4,1,2,2,2,2,2,2,1,3,3,4,1,2,3,4,3,3,1,2,2,2,1,2,2,3,2,2,2,3,2,2,2,4,4,4,3,4,4,4,1,1,2,3,3,4,4,2,4,4,2,2,4,3,3,3,2,2,4,3,2,1,4,2,4,1,4,2,2,3,3,2,4,3
pid_1311,1,4,1,1,1,4,1,4,4,4,4,4,4,4,2,2,4,4,2,3,2,4,2,2,4,2,2,3,1,4,3,2,4,4,2,1,2,4,3,2,1,2,3,3,3,3,2,2,1,3,2,3,2,2,4,1,2,1,1,1,1,1,4,4,4,4,4,1,2,4,1,4,3,1,1,1,4,4,1,4,1,4,1,4,4,3,4,4,4,4,4
pid_1638,1,1,1,1,2,3,1,4,4,4,4,4,2,4,3,4,4,4,1,2,1,1,2,2,3,2,2,4,1,4,3,4,4,4,3,1,3,4,3,3,1,1,3,3,3,2,2,2,1,3,4,3,2,2,4,3,2,1,1,1,2,1,4,4,4,4,4,1,4,4,1,3,3,2,1,1,3,4,1,4,3,4,1,4,4,3,1,2,3,3,2
pid_2,1,1,1,1,4,4,2,4,4,4,4,1,4,4,1,1,4,4,2,4,2,4,2,2,4,3,2,4,1,4,4,3,4,4,2,1,2,4,3,1,1,1,3,3,3,3,2,2,1,4,1,4,4,4,1,1,4,4,1,1,1,1,4,4,4,4,4,1,4,1,1,2,3,3,1,1,4,4,1,4,1,4,1,4,4,3,4,4,4,4,4
pid_946,1,1,1,2,2,1,1,4,4,4,4,4,1,4,4,4,4,4,1,2,1,2,2,2,1,1,3,3,2,2,2,3,3,2,2,1,2,2,2,2,2,1,2,2,3,2,2,2,2,2,4,4,4,3,4,4,3,4,4,2,2,2,4,4,1,2,4,1,2,3,2,4,3,2,2,3,3,3,1,4,1,4,1,4,3,2,1,2,1,3,2
pid_568,1,1,1,1,1,4,3,4,4,4,4,3,1,4,3,4,4,4,1,2,1,3,2,2,4,2,2,3,1,3,2,2,3,3,2,1,1,3,3,1,1,1,3,3,3,2,2,2,1,2,4,4,4,3,3,4,3,2,1,2,3,2,4,4,4,4,4,1,2,3,2,3,3,1,1,3,4,4,1,4,2,4,1,4,3,2,1,1,2,1,1
pid_1096,1,1,1,3,1,3,1,4,4,4,4,4,4,1,1,2,1,4,2,4,4,4,3,4,4,2,3,4,2,4,3,4,4,4,4,3,3,4,4,3,3,3,3,3,3,4,3,3,3,4,1,3,2,2,2,1,2,1,1,1,1,1,4,4,1,1,4,2,3,3,2,1,3,4,1,1,4,3,1,4,2,4,1,4,4,3,3,3,3,3,4
pid_872,1,1,1,1,1,3,1,4,4,4,4,1,3,4,3,4,4,4,1,1,1,2,1,2,3,1,2,2,1,3,3,2,3,3,2,2,2,4,3,3,1,1,3,2,2,2,2,2,1,1,3,3,2,2,3,2,3,1,1,1,3,1,4,4,2,4,4,1,2,2,2,4,2,3,1,2,3,3,1,4,2,4,1,4,3,2,1,1,1,2,2
pid_795,2,1,1,1,1,4,3,4,4,4,4,4,3,4,3,4,4,4,2,3,2,3,1,2,4,3,2,4,1,4,4,3,4,4,2,1,2,4,3,2,1,2,3,3,3,3,2,1,1,2,3,3,2,2,4,4,2,1,1,1,3,1,4,4,4,4,4,1,3,3,2,3,3,3,1,1,4,4,1,4,3,4,1,4,3,3,1,3,3,4,2
pid_2053,1,1,1,1,1,2,1,1,1,4,1,4,1,4,3,4,4,4,1,2,1,2,3,3,2,1,4,4,4,1,1,4,1,4,4,4,4,1,1,1,1,1,2,2,3,2,4,2,4,1,2,4,4,4,4,4,4,1,1,1,1,1,1,1,1,1,1,1,4,4,4,2,4,4,4,2,2,1,1,1,4,2,1,4,3,1,1,1,1,4,2
pid_1742,1,1,1,3,1,4,3,4,2,4,2,4,2,4,3,3,4,4,1,3,2,4,3,3,4,1,3,2,3,3,3,4,4,4,3,3,3,3,3,3,2,3,3,3,3,3,3,2,3,3,2,3,2,2,2,3,4,1,1,2,4,1,4,4,2,1,1,2,3,4,2,2,3,3,1,3,3,3,1,2,2,4,1,4,3,2,2,2,2,4,4
pid_526,1,1,1,1,4,1,1,1,2,4,2,1,1,4,4,3,4,4,1,1,1,2,2,3,1,1,4,4,4,1,1,4,2,4,3,2,4,2,2,3,1,1,3,2,2,2,3,2,3,1,4,4,4,4,4,4,4,4,2,2,4,2,1,1,1,1,1,1,4,4,1,4,4,3,4,4,3,1,1,2,4,4,1,4,2,1,1,1,1,2,1
pid_1225,1,1,2,1,1,4,1,2,2,4,2,1,1,4,4,4,4,4,1,3,2,4,3,4,2,1,4,4,4,1,2,4,3,4,4,3,4,2,2,4,2,4,3,3,3,3,4,1,4,1,4,4,4,4,4,4,4,4,4,4,4,4,4,4,1,1,1,1,3,4,4,3,4,4,1,4,1,1,1,4,4,4,1,4,1,1,2,2,1,2,4
pid_316,1,1,1,1,1,1,1,4,1,4,2,4,1,4,4,4,4,4,1,2,1,2,3,3,1,1,4,3,4,1,1,3,2,3,3,3,3,1,2,1,1,1,3,2,2,2,3,1,3,1,4,4,4,4,4,4,4,2,4,1,2,2,1,1,1,1,1,1,4,4,4,3,4,4,3,2,3,2,1,2,3,4,1,4,2,1,1,1,1,2,1
pid_1172,1,1,2,2,1,4,1,2,2,4,3,2,1,4,4,4,4,4,1,1,1,1,2,2,3,1,4,2,3,1,2,3,3,2,2,2,1,1,1,4,2,1,2,2,2,2,3,1,3,1,4,4,4,4,4,4,4,4,4,3,4,4,4,4,1,1,2,1,2,4,4,4,3,2,3,4,3,1,1,4,2,4,1,4,2,1,1,2,1,3,2
pid_36,1,1,1,1,1,4,3,4,4,4,4,1,1,4,4,4,4,4,1,1,1,1,1,1,4,1,2,4,1,3,2,1,2,2,1,1,1,4,1,1,1,1,3,3,2,2,2,2,1,1,4,4,4,2,4,4,4,4,4,2,4,1,4,4,4,4,4,1,1,4,2,4,2,2,1,2,4,4,1,4,4,4,1,4,4,1,1,1,1,1,1
pid_996,1,1,1,2,1,4,2,4,4,4,4,4,1,4,4,4,4,4,1,2,1,1,2,2,4,1,3,3,3,1,2,2,3,3,2,1,2,2,1,4,2,1,2,2,3,2,2,2,3,1,4,4,4,4,4,4,4,4,4,4,4,3,4,4,1,4,4,1,2,4,3,3,3,2,3,3,3,3,1,4,1,4,1,4,2,2,1,1,2,3,2
pid_1415,2,3,2,3,1,3,2,4,4,4,4,4,1,4,4,4,4,4,3,4,3,4,4,4,3,2,4,4,2,4,3,4,4,4,4,2,3,4,4,4,2,4,4,3,3,3,3,2,2,2,3,4,3,2,3,4,4,4,2,4,4,4,4,4,1,4,4,2,3,4,2,2,3,4,1,3,3,1,1,4,2,4,1,4,3,2,4,3,3,4,4
pid_671,1,2,1,2,1,4,4,2,1,4,1,2,3,2,4,2,4,4,2,3,3,4,3,4,4,1,4,4,4,1,3,4,4,4,4,3,3,2,2,4,3,4,3,3,3,3,3,2,4,1,4,4,4,4,4,4,4,1,1,2,4,2,4,4,1,2,4,2,3,4,1,3,4,3,2,4,4,2,1,2,4,4,1,4,3,1,4,4,1,3,4
pid_358,1,1,1,1,1,2,2,4,4,4,4,1,2,4,2,4,4,4,1,3,2,3,2,2,2,1,2,2,1,3,2,2,3,3,2,1,1,3,2,2,1,1,3,3,3,3,2,2,1,3,4,4,4,2,4,4,4,1,1,1,1,1,4,4,4,4,4,1,2,3,2,4,3,2,1,1,3,3,1,4,1,4,1,4,3,2,2,2,2,3,2
pid_1941,1,3,1,2,1,3,1,4,4,4,4,4,2,4,3,4,4,4,1,2,2,2,2,3,2,1,4,3,4,1,2,4,2,4,3,2,3,2,1,3,2,2,3,2,2,3,3,2,3,3,3,4,4,4,4,4,3,2,1,1,2,2,4,2,1,2,2,1,3,4,4,3,4,3,3,4,2,2,1,2,4,4,1,4,3,1,3,2,1,3,3
pid_78,1,1,1,1,2,2,1,2,1,1,1,1,1,4,4,4,4,4,1,2,1,3,3,3,1,1,4,4,4,1,1,4,2,4,4,4,3,1,1,4,3,1,3,2,3,3,4,2,4,1,4,4,4,4,4,4,4,4,4,1,1,1,3,2,1,1,1,1,4,4,4,3,4,4,3,3,2,1,1,2,4,4,1,4,2,1,1,1,1,2,4
pid_1538,1,1,1,1,1,4,2,4,4,4,4,1,3,4,3,3,3,4,1,1,1,1,1,1,4,2,2,3,1,3,2,2,3,3,2,1,2,3,2,1,1,1,3,3,3,3,2,2,1,2,4,3,3,2,3,3,3,1,1,2,3,2,4,4,4,4,4,1,2,4,1,3,2,2,1,2,4,3,1,4,1,4,1,4,3,3,1,1,2,1,1
pid_1822,1,1,1,1,1,4,2,4,4,4,4,4,2,4,3,4,4,4,1,2,2,3,2,2,4,3,2,4,1,4,3,2,4,4,2,1,1,3,3,2,1,1,3,3,3,2,2,2,1,2,4,4,4,3,4,4,4,2,4,1,2,1,4,4,4,4,4,1,2,3,1,4,2,1,1,2,3,4,1,4,2,4,1,4,3,3,3,3,2,2,2
pid_712,1,3,1,2,1,4,2,2,1,2,2,4,4,4,3,2,4,4,1,4,3,4,4,4,4,1,4,4,4,1,3,4,4,4,4,3,4,2,3,4,3,4,3,3,3,3,3,2,4,3,2,4,4,3,3,3,4,1,1,1,2,2,4,4,1,1,4,1,3,4,4,2,4,3,2,2,3,2,1,4,2,4,1,4,3,2,4,4,1,4,4
pid_1576,1,2,1,1,4,4,3,4,4,4,4,2,2,4,4,4,4,4,1,2,1,2,1,2,4,1,2,4,1,3,1,3,3,4,1,1,2,3,3,3,1,1,2,3,2,2,2,1,2,1,4,4,4,3,4,4,4,4,4,1,3,1,4,4,4,4,4,1,2,4,3,4,3,2,1,2,3,2,1,4,1,4,1,4,3,2,3,3,2,4,2
pid_1011,1,1,1,2,1,2,1,4,4,4,4,2,1,4,4,4,4,4,1,1,1,1,2,2,2,1,2,3,2,1,1,2,3,3,2,1,2,2,1,2,1,1,2,2,2,2,2,2,2,1,4,4,4,4,4,4,4,4,4,2,4,2,4,4,2,2,2,2,2,4,3,4,3,2,2,3,2,3,1,4,1,4,1,4,3,1,1,1,1,2,1
pid_275,1,2,1,1,4,4,3,4,4,4,4,2,2,3,4,3,4,4,1,3,2,3,3,3,4,1,2,2,1,3,2,2,3,4,2,1,2,4,3,2,1,1,3,3,3,3,2,2,1,3,3,3,3,2,3,4,3,4,4,2,4,2,4,4,4,4,4,1,3,3,2,3,3,3,1,2,4,3,1,4,1,4,1,4,3,2,3,3,2,3,1
pid_1346,1,3,3,2,1,4,2,4,4,4,4,4,1,4,4,4,4,4,1,2,1,1,2,2,3,1,3,3,4,1,1,2,4,2,2,1,2,3,1,3,2,3,3,2,2,2,2,2,2,1,4,4,4,4,4,4,4,4,4,4,4,4,4,4,1,4,4,1,2,4,3,4,3,2,3,3,3,3,1,4,1,4,1,4,2,2,2,2,1,2,4
pid_122,1,1,1,2,1,2,1,3,2,4,2,1,2,4,4,4,4,4,1,2,2,4,3,3,2,1,3,4,2,1,2,3,3,3,2,2,2,3,2,1,2,1,3,3,3,2,2,1,2,2,4,4,4,4,4,4,4,1,1,2,2,1,4,4,1,1,2,2,2,4,4,4,3,2,1,2,3,3,1,4,1,4,1,4,3,1,2,1,1,2,1
pid_445,1,1,1,2,1,3,1,4,4,4,4,1,1,4,4,4,4,4,1,2,1,2,2,2,2,1,2,3,1,1,2,3,2,2,2,2,2,2,2,2,1,1,2,2,2,2,2,2,2,1,4,4,4,3,4,4,4,4,2,3,3,2,4,4,1,2,3,2,2,3,2,3,3,2,2,3,3,2,1,4,2,4,1,4,2,1,1,1,1,2,1
pid_1621,1,1,1,1,1,4,1,4,4,4,4,4,4,2,1,2,2,3,1,3,2,4,2,3,4,2,2,3,1,4,4,2,3,4,2,2,2,4,4,2,1,1,3,3,3,3,2,3,1,3,1,3,2,2,2,2,2,1,1,1,1,1,4,4,4,4,4,2,2,3,1,2,2,2,1,2,4,4,1,4,3,4,1,4,3,3,2,3,3,1,3
pid_1308,1,1,1,2,3,1,2,4,4,4,4,3,2,4,4,4,4,4,1,2,2,2,2,2,1,2,2,3,2,2,2,2,3,3,2,1,2,3,3,1,1,1,3,3,3,2,2,2,1,2,4,4,4,3,4,4,4,2,2,2,3,1,4,4,2,4,4,2,2,4,3,4,2,2,1,2,3,3,1,4,2,4,1,4,3,1,1,2,1,2,1
pid_1492,1,1,1,1,1,4,1,4,4,4,4,4,3,2,2,2,2,4,1,2,2,3,2,2,4,2,2,3,1,3,3,2,3,4,2,1,2,3,3,2,1,1,3,4,3,3,2,2,1,3,2,2,2,2,1,2,2,1,1,1,1,1,4,4,4,4,4,2,2,4,4,2,2,2,1,2,3,4,1,4,2,4,1,4,3,3,2,3,2,3,3
pid_911,1,1,1,2,2,4,2,4,4,4,4,1,2,4,3,4,4,4,1,2,1,2,2,2,4,2,2,3,2,3,2,3,4,3,2,1,2,3,3,2,1,1,2,3,2,2,2,2,2,3,3,4,4,3,4,4,3,1,2,1,2,1,4,4,2,4,4,1,2,3,2,3,3,2,2,3,3,2,1,4,2,4,1,4,3,2,2,2,2,2,1
pid_1988,1,1,1,4,1,4,3,1,4,4,4,4,4,2,2,2,1,3,4,3,3,4,2,2,4,1,3,2,1,2,3,4,4,4,4,3,3,3,3,3,2,1,3,3,3,3,2,1,3,4,2,3,4,4,2,2,3,1,1,1,2,1,4,4,1,2,4,3,3,4,3,4,3,3,1,2,3,4,1,4,3,4,1,4,3,1,4,4,3,4,4
pid_391,1,1,1,3,1,2,1,3,2,4,4,2,2,4,4,4,4,4,1,3,2,4,3,4,4,1,3,4,3,1,2,3,3,3,3,2,2,3,2,4,3,3,3,3,3,3,3,2,3,1,4,4,4,4,4,4,4,4,4,2,3,3,4,4,1,1,1,2,2,4,1,3,4,2,1,4,3,3,1,3,1,4,1,4,2,1,2,1,1,2,3
pid_825,1,1,1,1,3,1,1,2,1,4,2,2,3,4,4,4,4,4,1,3,2,3,3,3,1,1,4,4,4,1,2,3,2,4,3,3,3,2,2,4,2,1,3,2,3,2,4,1,4,1,4,4,4,4,4,4,4,4,2,2,2,2,1,1,1,1,2,1,3,4,4,3,4,4,3,2,3,2,1,2,4,4,1,4,1,1,2,2,1,2,4
pid_1272,1,1,1,2,2,3,1,4,4,4,4,2,3,4,2,4,4,4,1,2,1,3,2,3,2,1,2,2,1,2,2,2,3,4,2,2,2,3,3,1,1,1,3,3,2,3,2,2,2,3,3,4,4,3,4,3,3,4,1,1,2,1,3,4,2,4,4,2,2,3,2,4,2,2,1,3,3,3,1,4,2,4,1,4,3,2,1,1,1,2,1
pid_571,1,2,1,3,3,4,4,4,4,4,4,1,4,3,1,2,3,4,2,3,3,3,3,3,4,2,3,3,3,3,2,3,4,4,3,2,2,3,3,3,2,2,3,3,3,3,3,2,3,3,2,3,2,3,3,2,2,1,1,1,1,1,4,4,1,4,4,3,3,3,2,3,3,3,1,3,3,2,1,4,4,4,1,4,3,3,4,4,4,3,4
pid_2004,1,2,1,1,1,3,1,2,1,3,1,1,1,3,4,3,4,4,1,3,2,3,3,4,2,1,4,4,4,1,2,3,2,4,4,3,3,1,2,4,3,2,3,2,3,2,4,2,4,1,2,4,4,4,3,4,3,4,2,2,4,4,4,2,1,1,1,1,4,4,4,3,4,4,3,3,2,1,1,1,4,2,1,4,1,1,2,1,1,2,3
pid_1715,1,1,1,2,1,3,1,4,4,4,4,3,3,4,2,2,4,4,1,2,1,2,1,2,2,1,3,3,2,2,2,2,3,4,2,2,2,3,2,1,1,1,3,3,3,2,2,2,1,3,3,4,4,2,3,3,3,1,1,1,1,1,4,4,1,4,4,1,4,4,2,4,3,3,1,3,4,3,1,4,2,4,1,4,3,1,1,1,1,1,1
pid_626,1,1,1,2,1,2,1,4,4,4,4,1,3,4,2,4,4,4,1,2,1,2,1,2,2,2,2,2,1,3,3,2,3,3,2,1,2,3,2,1,1,1,3,3,3,2,2,2,1,3,3,4,3,2,4,3,2,1,1,1,1,1,4,4,3,4,4,1,1,4,3,4,2,1,1,1,3,3,1,4,2,4,1,4,3,2,1,1,2,2,1
pid_1442,1,1,1,1,3,1,1,3,4,4,4,1,1,4,4,4,4,4,1,1,1,2,2,2,1,1,4,4,2,1,1,3,2,3,2,2,3,2,1,3,2,1,2,2,2,2,3,2,3,1,4,4,4,3,4,4,4,4,1,2,3,2,4,4,1,2,2,1,3,4,4,3,4,3,2,3,3,2,1,4,2,4,1,4,2,1,1,1,1,2,1
pid_1958,1,1,1,1,1,1,1,4,4,4,4,2,1,4,4,4,4,4,1,1,1,2,2,2,1,1,4,4,4,1,2,3,2,4,3,3,3,2,2,1,1,1,2,2,2,2,3,1,3,1,4,4,4,4,4,4,4,4,2,2,2,2,2,2,1,1,2,1,3,4,1,4,4,4,4,3,3,2,1,4,2,4,1,4,1,1,1,1,1,2,1
pid_1125,1,1,2,1,1,4,1,4,4,4,4,2,2,3,3,3,4,4,1,2,2,3,1,2,4,2,2,3,1,4,3,2,3,3,2,1,2,4,3,1,1,1,3,3,3,3,3,1,1,3,3,3,3,3,4,4,3,2,1,2,4,2,4,4,4,4,4,1,1,3,2,4,2,2,1,2,4,3,1,4,1,4,1,4,4,3,2,2,2,2,1
pid_61,1,1,1,1,1,1,1,3,2,4,4,1,1,4,4,4,3,4,1,1,1,2,2,2,1,1,4,4,4,1,2,3,2,3,3,3,3,1,2,2,2,1,2,3,2,2,3,2,3,1,4,4,4,4,4,4,4,4,1,2,2,2,2,4,1,1,2,1,2,4,4,3,4,4,2,4,3,1,1,4,3,4,1,4,2,1,1,1,1,2,1
pid_341,1,1,1,1,1,4,3,4,4,4,4,4,3,4,2,4,4,4,1,3,2,3,2,2,4,2,2,3,1,3,3,2,3,3,2,1,1,3,2,1,2,2,3,3,3,2,2,2,2,3,4,4,4,3,4,4,4,1,2,1,1,1,4,4,4,4,4,1,2,4,2,4,3,2,1,2,3,3,1,4,1,4,1,4,3,2,2,3,2,3,3
pid_1396,1,3,3,2,1,4,3,3,1,3,1,4,1,4,4,4,4,4,3,4,4,4,4,4,4,1,4,4,4,1,2,4,3,4,4,3,4,1,3,4,3,4,3,3,4,4,3,3,4,1,3,4,4,4,4,4,4,2,4,4,2,3,4,4,1,1,2,1,4,4,4,2,4,4,1,3,3,1,1,2,4,4,1,4,2,1,4,4,1,3,4
pid_668,1,3,1,1,1,2,1,2,1,1,1,1,3,4,2,4,4,4,1,3,2,3,3,3,2,1,4,4,4,1,2,4,2,4,3,4,3,1,2,4,3,3,3,2,3,3,3,2,4,2,3,4,4,4,4,4,4,1,1,1,1,1,2,1,1,1,1,1,4,4,4,3,4,4,4,3,3,1,1,2,4,4,1,4,2,1,2,4,1,3,4
pid_1916,1,1,1,1,1,1,1,3,1,4,3,1,1,4,4,4,4,4,1,1,1,2,3,2,1,1,4,4,4,1,2,4,1,4,4,4,4,2,1,2,2,1,3,2,2,2,3,1,3,1,4,4,4,3,4,4,4,4,2,2,4,2,1,1,1,1,1,1,4,4,1,1,4,4,4,4,2,1,1,2,4,4,1,4,3,1,1,1,1,2,1
pid_495,1,1,1,1,2,1,1,4,4,4,4,4,1,4,4,4,4,4,1,2,1,2,2,2,1,1,2,2,2,3,2,2,3,2,2,1,1,3,2,1,1,1,3,3,3,2,2,2,2,1,4,4,3,2,4,4,4,4,4,2,3,2,3,4,2,4,4,1,3,3,3,3,2,3,1,2,3,3,1,4,2,4,1,4,3,1,1,1,1,1,1
pid_559,1,1,1,1,1,4,2,4,4,4,4,4,3,4,3,4,4,4,1,2,2,2,2,2,4,2,2,3,1,3,3,3,4,4,2,1,1,3,3,1,1,1,3,3,3,2,2,2,1,3,4,4,4,2,4,4,2,1,1,1,1,1,4,4,4,4,4,1,2,4,1,4,2,2,1,1,4,4,1,4,1,4,1,4,3,3,1,2,3,2,1
pid_843,1,1,1,1,1,4,1,4,4,4,4,4,2,4,2,4,4,4,1,2,2,2,1,2,4,2,2,2,1,3,3,2,3,4,2,1,2,3,3,1,1,1,3,3,3,3,2,2,1,3,3,3,4,1,4,3,2,1,1,1,3,1,4,4,4,4,4,1,3,2,1,3,2,3,1,2,4,3,1,4,2,4,1,4,4,2,2,3,2,3,1
pid_1894,1,1,1,2,1,3,2,4,4,4,4,4,2,4,4,4,4,4,1,2,1,2,2,3,3,2,3,3,1,3,2,2,4,3,2,2,2,3,2,2,2,1,3,3,2,2,2,2,2,1,4,4,4,3,4,4,4,2,3,2,2,2,4,4,4,4,4,2,2,3,1,4,2,2,1,3,4,3,1,4,1,4,1,4,3,2,2,2,2,3,2
pid_517,1,1,1,1,1,4,1,4,4,4,4,3,3,4,4,4,4,4,1,4,4,4,3,3,4,3,3,4,1,4,3,3,3,4,3,2,2,4,3,1,1,2,3,3,3,3,3,2,1,3,3,3,3,2,4,3,2,2,1,1,2,2,4,4,4,4,4,1,3,3,2,3,3,4,1,2,4,4,1,4,2,4,1,4,3,3,3,4,3,3,3
pid_1773,1,2,1,2,1,4,1,4,4,4,4,1,1,4,4,4,4,4,1,2,1,1,1,1,4,2,2,3,1,3,3,2,2,3,2,1,2,3,2,3,1,1,2,3,3,3,2,1,1,1,4,4,3,2,4,4,4,3,1,2,4,2,4,4,4,4,4,1,2,3,2,4,2,2,1,2,3,3,1,4,2,4,1,4,3,2,2,3,2,2,2
pid_1214,1,1,2,3,1,4,1,4,2,4,3,3,1,4,3,4,4,4,1,2,2,3,2,3,3,1,4,3,3,1,2,3,3,3,2,3,3,2,2,4,2,2,2,2,2,2,3,2,3,1,4,4,4,3,4,4,4,2,2,1,2,1,4,4,1,2,1,2,2,4,4,3,4,3,3,3,3,3,1,2,2,3,1,4,2,1,1,1,1,2,2
pid_1143,1,2,1,2,1,3,2,3,4,4,4,4,3,4,3,4,4,4,1,3,1,2,2,2,3,1,3,3,3,2,2,3,3,3,3,1,2,3,2,3,2,2,3,3,3,2,2,2,2,2,4,4,4,3,4,4,3,2,1,1,1,2,4,4,3,4,4,1,3,4,3,4,4,3,1,3,3,3,1,4,2,4,1,4,3,2,3,3,2,2,3
pid_327,1,1,1,1,2,1,1,1,1,2,1,1,1,4,4,4,4,4,1,1,1,2,2,3,1,1,4,4,4,1,2,3,1,3,4,4,4,1,1,4,2,1,2,2,2,2,3,2,4,1,4,4,4,4,4,4,4,4,4,2,2,2,1,2,1,1,1,1,4,4,4,4,4,4,3,4,1,1,1,1,4,4,1,4,2,1,1,1,1,3,2
pid_640,1,3,1,3,3,4,4,2,1,2,1,4,4,2,4,2,4,4,2,3,3,4,3,4,4,2,4,3,4,2,3,4,4,4,3,3,3,3,3,3,3,3,4,3,3,3,3,1,4,2,2,3,4,3,4,4,4,4,1,2,2,1,4,4,1,1,1,3,3,4,1,2,4,3,1,3,4,3,1,2,3,4,1,4,3,2,4,3,3,4,4
pid_1424,1,1,1,2,1,4,2,4,4,4,4,2,3,4,3,4,4,4,1,2,1,2,2,2,4,1,2,3,1,3,2,2,4,4,2,1,2,3,2,1,1,1,3,3,2,3,2,2,1,2,4,4,4,3,4,4,3,2,2,1,2,1,4,4,4,4,4,1,2,4,3,4,2,2,1,2,3,3,1,4,2,4,1,4,3,2,1,1,2,2,1
pid_49,1,1,1,2,1,2,1,4,4,4,4,3,2,4,3,3,4,4,1,2,2,2,2,2,3,1,3,3,2,2,2,2,3,3,2,2,2,3,2,2,1,1,2,2,2,2,2,2,2,2,4,4,4,3,3,4,3,1,1,2,3,1,4,4,1,2,4,2,2,4,3,3,3,2,2,3,3,3,1,4,1,4,1,4,3,1,1,1,1,2,1
pid_1970,1,1,1,1,3,2,2,4,4,4,4,1,1,2,3,2,3,4,1,2,1,3,2,2,3,2,2,2,1,4,3,2,4,4,3,2,2,3,4,2,1,1,3,3,3,3,2,2,2,3,2,2,2,3,2,3,2,1,1,2,3,1,4,4,4,4,4,1,2,4,2,2,2,2,1,2,3,4,1,4,2,4,1,4,4,2,1,1,2,2,2
pid_1697,1,1,1,1,1,2,1,4,4,4,4,1,1,4,4,4,4,4,1,2,1,2,2,2,2,1,2,2,1,3,3,2,3,3,2,1,1,3,2,1,1,1,3,3,3,3,2,1,2,1,4,4,3,2,4,4,4,4,4,2,4,2,4,4,4,4,4,1,2,4,2,4,2,2,1,2,3,4,1,4,1,4,1,4,3,2,2,2,2,2,2
pid_369,1,2,2,2,1,4,1,2,4,4,4,1,2,4,4,4,4,4,1,2,2,2,2,3,3,1,4,3,4,1,1,3,3,4,3,3,2,2,2,4,2,1,2,2,3,3,3,1,3,3,4,4,4,4,4,4,4,1,2,1,1,1,4,4,1,1,3,2,3,4,4,3,4,3,3,3,2,2,1,2,3,4,1,4,2,1,1,1,1,2,3
pid_194,1,1,1,2,4,4,1,4,4,4,4,1,1,4,4,4,4,4,1,1,1,1,1,1,4,1,3,2,2,1,2,2,3,2,2,2,1,3,2,3,1,1,2,2,2,2,2,2,2,1,4,4,4,3,4,4,4,4,2,2,2,2,4,4,1,2,4,2,2,4,3,4,2,2,2,3,3,3,1,4,1,4,1,4,2,2,1,1,2,2,1
pid_1039,1,2,1,1,2,4,2,4,4,4,4,1,1,4,4,4,4,4,1,4,3,4,1,3,4,2,2,2,1,4,3,2,3,3,2,1,2,4,4,1,1,2,3,3,3,3,2,2,1,1,4,4,3,2,4,4,4,4,2,4,4,4,4,4,4,4,4,1,1,4,2,3,2,2,1,3,3,3,1,4,2,4,1,4,4,3,3,3,3,2,2
pid_1844,1,1,1,3,2,4,1,4,4,4,4,2,3,4,2,3,4,4,1,2,2,3,2,3,4,2,3,3,2,2,2,3,4,3,3,2,3,3,3,3,1,1,3,3,3,2,2,2,3,3,2,4,4,2,3,2,3,1,1,1,1,1,4,4,2,2,4,2,3,4,2,3,3,3,1,2,3,2,1,4,2,4,1,4,3,2,2,2,2,3,2
pid_1077,1,1,1,1,1,1,1,4,4,4,4,4,1,4,4,4,4,4,1,2,2,3,2,2,1,1,4,3,4,1,2,3,2,3,3,1,3,1,2,2,1,1,3,2,2,2,3,2,3,1,4,4,4,4,4,4,4,4,4,2,2,2,4,4,1,2,2,1,3,4,4,4,4,4,3,3,3,2,1,4,2,4,1,4,1,1,2,2,1,2,2
pid_589,1,1,1,1,1,1,1,4,4,4,4,3,1,4,4,4,4,4,1,2,1,2,1,2,1,2,2,3,1,3,2,2,2,2,2,1,1,3,2,1,1,1,2,3,2,2,2,1,1,1,4,4,4,3,4,4,3,4,3,2,3,3,4,4,4,4,4,1,2,4,2,4,2,2,1,2,3,4,1,4,1,4,1,4,3,2,1,1,1,2,1
pid_213,1,1,1,1,3,2,1,4,4,4,4,1,1,4,4,4,4,4,1,1,1,2,1,2,2,1,2,3,1,2,2,2,2,3,2,1,1,3,2,1,1,1,2,3,2,2,2,2,1,1,4,4,4,2,4,4,4,4,1,2,3,2,4,4,2,4,4,1,2,4,2,4,2,2,1,3,3,4,1,4,2,4,1,4,3,1,1,1,1,2,1
pid_774,1,2,1,2,3,1,1,4,4,4,4,1,3,4,4,4,4,4,1,3,2,4,4,3,1,1,2,2,1,2,2,2,4,3,2,1,2,3,3,2,2,2,3,3,3,3,3,2,2,2,4,4,4,3,4,4,4,4,1,2,3,1,4,3,1,1,4,1,2,4,1,2,4,2,1,2,3,3,1,4,1,4,1,4,3,1,2,1,1,4,2
pid_1510,1,2,1,3,4,4,1,1,4,4,4,1,4,4,1,2,4,4,1,4,2,4,4,4,4,2,4,4,2,2,2,3,4,3,3,3,3,3,3,2,2,2,3,3,3,3,3,2,3,4,2,4,3,2,4,2,1,1,1,1,1,1,4,4,1,1,1,4,3,3,1,3,4,4,2,1,4,3,1,1,2,4,1,4,3,3,4,4,3,4,4
pid_893,1,1,1,2,1,3,1,4,4,4,4,4,2,4,4,4,4,4,1,2,1,2,1,2,2,1,2,2,1,3,2,2,3,4,2,1,2,3,2,2,1,1,2,3,3,2,2,1,1,1,4,4,3,3,4,4,4,1,2,2,3,1,4,4,2,4,4,1,1,4,1,3,2,2,1,2,3,4,1,4,1,4,1,4,3,2,1,1,1,2,1
pid_99,1,2,3,3,1,4,1,4,4,4,4,2,1,4,4,3,3,4,1,3,2,4,2,3,4,1,4,4,3,2,2,4,4,4,3,2,3,4,2,4,2,3,3,3,3,3,3,2,3,2,2,4,3,4,3,4,4,4,2,4,4,4,4,4,1,1,4,2,3,4,2,2,3,3,2,3,3,2,1,4,2,4,1,4,3,1,3,3,2,4,3
pid_423,1,1,1,1,1,1,1,3,2,4,4,2,1,4,4,4,4,4,1,2,1,2,2,2,1,1,4,3,4,2,2,3,2,2,2,2,3,1,2,1,2,1,3,2,3,2,3,1,3,1,4,4,4,3,4,4,4,4,3,2,4,2,3,4,1,2,4,1,3,4,4,4,4,3,3,3,2,2,1,4,2,4,1,4,2,1,1,1,1,2,1
pid_1647,1,2,1,2,4,4,1,4,4,4,4,1,1,4,4,4,4,4,1,2,2,3,2,3,4,2,2,3,2,2,2,2,3,3,2,1,2,3,2,3,1,1,3,3,3,3,2,1,2,1,4,4,4,4,4,4,4,4,4,2,4,3,4,4,2,4,4,2,2,4,3,4,2,1,2,3,3,2,1,4,2,4,1,4,3,2,2,3,1,2,3
pid_1320,1,1,1,1,1,2,1,4,3,4,4,2,3,4,2,4,4,4,1,2,1,3,2,3,2,1,3,4,2,3,3,3,3,4,3,3,2,3,3,3,2,2,3,3,3,3,3,2,3,3,3,4,3,2,3,2,4,1,1,1,1,1,2,4,1,1,2,2,4,4,1,3,3,3,1,1,4,3,1,4,2,4,1,4,3,1,1,1,3,2,1
pid_939,1,1,1,3,1,1,1,4,4,4,4,2,2,4,3,4,4,4,1,1,1,2,1,2,1,1,2,2,1,2,2,3,3,3,2,1,2,3,2,2,1,1,3,2,2,2,2,1,2,2,3,4,4,3,4,4,3,1,1,1,1,1,3,4,1,2,4,2,2,3,2,3,2,2,1,3,3,3,1,4,1,4,1,4,3,1,1,1,1,2,1
pid_144,1,1,2,1,1,2,1,4,2,4,4,4,1,4,4,4,4,4,1,2,1,2,2,2,2,1,4,4,4,1,2,3,3,4,3,2,2,2,1,1,2,1,2,2,3,2,3,2,3,1,4,4,4,4,4,4,4,2,4,2,2,2,4,4,1,2,3,1,2,4,1,3,4,3,3,3,3,2,1,4,2,4,1,4,3,1,1,2,1,3,1
pid_1193,1,3,2,2,1,3,1,2,1,2,2,4,2,4,4,4,4,4,2,3,2,3,3,3,3,1,4,4,4,1,2,3,2,4,3,2,3,2,2,4,3,2,3,2,3,3,3,2,4,2,4,4,4,3,4,3,4,2,1,1,2,2,3,2,1,2,1,2,4,4,4,3,4,3,3,3,3,1,1,2,4,4,1,4,2,1,3,3,1,3,3
pid_1609,1,1,2,1,1,2,1,1,2,4,3,1,1,4,4,4,4,4,1,1,1,1,2,3,1,1,4,2,4,1,1,2,2,2,3,3,2,2,1,4,2,1,3,2,2,2,3,2,3,1,4,4,4,4,4,4,4,4,4,3,4,2,4,4,1,1,1,1,3,4,1,3,4,2,3,3,2,2,1,4,2,4,1,4,2,1,1,1,1,2,2
pid_690,1,2,1,1,3,4,2,4,4,4,4,4,2,4,4,4,4,4,2,2,2,3,2,2,4,2,2,4,1,4,3,3,4,3,2,1,2,4,3,1,1,1,3,3,3,2,2,2,1,3,3,4,4,3,4,4,3,4,2,1,3,1,4,4,4,4,4,1,2,4,3,3,3,1,1,2,4,4,1,4,1,4,1,4,4,3,3,2,3,3,3
pid_977,1,1,1,1,1,1,1,4,4,4,4,1,2,4,2,4,4,4,1,2,1,2,1,1,1,2,2,2,1,4,3,2,3,3,2,1,2,3,3,1,1,1,3,3,3,3,2,2,1,3,4,4,2,2,4,3,4,1,1,1,1,1,4,4,4,4,4,1,3,3,1,3,3,3,1,1,3,4,1,4,2,4,1,4,3,2,1,1,2,2,1
pid_241,1,1,1,2,1,4,1,4,4,4,4,3,3,4,4,2,4,4,1,3,2,2,1,2,4,2,3,3,2,2,2,3,3,3,3,1,2,3,2,2,2,2,3,3,2,2,2,1,2,2,4,3,4,3,4,4,4,1,1,2,3,4,4,4,4,4,4,2,2,4,2,3,3,2,2,3,3,3,1,4,2,4,1,4,2,2,3,3,2,2,4
pid_1025,1,2,1,2,1,3,2,4,4,4,4,4,3,2,2,2,3,4,1,3,2,3,2,3,4,3,3,3,1,3,3,3,4,4,3,1,2,4,3,3,1,1,3,3,3,2,2,2,1,3,2,2,3,2,2,3,2,1,1,1,1,1,4,4,4,4,4,2,2,2,3,3,2,3,1,2,4,4,1,4,1,4,1,4,3,3,3,3,2,3,2
pid_1858,1,1,1,1,1,2,1,4,1,4,4,1,1,4,4,4,4,4,1,2,1,2,2,3,2,1,4,3,4,1,2,4,1,4,4,3,4,1,1,4,2,1,2,2,3,2,4,1,3,1,4,4,4,4,4,4,4,4,4,2,2,1,2,4,1,1,1,1,4,4,1,2,4,4,3,4,2,2,1,2,4,4,1,4,2,1,1,1,1,1,1
pid_1542,1,2,1,2,1,3,3,4,4,4,3,1,1,4,4,4,4,4,1,2,1,1,3,3,2,1,4,4,4,1,2,3,2,3,3,3,3,2,1,4,2,1,3,2,2,2,3,2,4,1,4,4,4,4,4,4,4,4,4,2,2,1,3,3,1,1,4,2,3,4,4,3,4,4,2,4,2,2,1,4,4,4,1,4,3,1,2,2,1,2,3
pid_726,1,1,1,2,1,4,1,3,4,4,1,1,2,3,2,2,2,4,1,2,1,2,2,2,4,1,4,4,2,1,2,3,3,4,2,3,2,2,2,3,1,1,2,2,2,2,3,2,3,3,2,4,4,3,2,3,4,1,1,1,2,1,4,4,1,1,2,2,2,4,4,3,4,2,1,3,3,2,1,4,4,4,1,4,2,1,1,1,1,2,1
pid_595,1,1,1,1,1,2,1,4,4,4,4,1,1,4,4,4,4,4,1,2,1,2,1,1,1,1,2,2,1,3,3,2,3,3,2,1,1,3,3,1,1,1,3,3,3,3,2,2,1,1,4,4,3,2,4,4,4,4,4,3,4,2,4,4,4,4,4,1,3,4,1,4,2,3,1,2,3,4,1,4,2,4,1,4,3,2,1,1,1,1,1
pid_1816,1,1,1,1,2,3,2,4,4,4,4,3,3,4,4,4,4,4,1,2,2,3,2,2,3,2,2,3,1,3,3,2,3,3,2,1,2,3,3,2,1,1,3,3,3,3,2,2,1,2,4,4,4,3,4,4,3,2,2,1,2,1,4,4,4,4,4,1,2,3,3,3,2,2,1,2,4,3,1,4,3,4,1,4,3,2,2,2,2,2,2
pid_768,1,1,1,1,1,1,1,4,1,4,2,3,1,4,4,4,4,4,1,2,1,2,3,2,1,1,4,4,4,1,1,4,1,4,4,2,3,2,1,2,1,1,3,2,2,2,3,2,4,1,4,4,4,4,4,4,3,4,4,1,1,1,4,1,1,1,1,1,4,4,4,2,4,4,3,1,4,1,1,2,4,2,1,4,1,1,1,1,1,3,2
pid_1296,1,1,1,1,1,4,2,4,4,4,4,4,2,3,2,2,3,4,1,2,1,2,2,2,4,2,2,4,1,3,3,2,3,3,2,1,2,3,3,1,1,1,3,3,2,2,2,1,1,3,2,4,3,3,3,3,2,1,1,1,2,1,4,4,3,4,4,1,3,2,2,3,3,2,1,3,3,4,1,4,1,4,1,4,3,2,1,2,2,1,1
pid_85,1,2,2,1,1,1,1,3,3,4,4,1,1,4,4,4,4,4,1,1,1,2,2,2,1,1,3,3,4,1,1,3,3,4,2,2,2,1,1,2,2,1,3,2,2,2,3,1,3,1,4,4,4,4,4,4,4,4,4,2,3,3,3,4,1,1,2,1,2,4,4,3,3,2,3,4,3,2,1,4,2,4,1,4,2,1,1,1,1,2,1
pid_925,1,1,1,2,2,2,1,3,4,4,4,1,1,4,4,3,4,4,1,2,1,4,3,3,2,1,3,2,2,1,2,3,4,3,2,2,2,3,2,2,1,2,3,3,3,3,3,2,3,1,4,4,4,4,4,4,4,4,1,3,4,3,3,4,1,1,2,2,2,4,3,4,3,2,2,3,4,3,1,4,2,4,1,4,2,1,1,1,1,2,2
pid_158,1,1,1,1,4,2,1,4,4,4,4,1,3,4,3,4,4,4,1,3,2,4,3,3,2,1,2,2,1,3,3,2,3,3,2,1,1,4,3,1,1,1,3,3,3,3,2,2,2,3,2,3,4,3,3,4,4,4,2,1,2,1,4,4,2,4,4,1,1,4,1,2,2,3,1,2,3,4,1,4,2,4,1,4,3,2,1,1,2,1,2
pid_1615,1,1,1,1,1,4,2,4,4,4,4,3,1,4,4,4,4,4,1,2,2,2,2,2,4,2,2,3,1,3,3,2,3,3,2,1,1,4,3,1,1,1,3,3,3,2,2,2,1,2,4,4,4,3,4,4,3,2,4,2,3,2,4,4,4,4,4,1,2,4,2,3,2,2,1,2,3,3,1,4,3,4,1,4,3,3,2,2,2,3,2
pid_471,1,2,1,3,1,1,1,3,4,4,4,4,3,2,2,2,3,4,1,3,2,3,3,4,1,2,4,4,2,3,3,4,4,3,3,2,3,3,3,4,2,2,3,3,3,3,3,2,3,3,1,4,4,3,3,3,2,1,1,1,1,1,4,4,1,1,4,2,3,4,1,2,3,3,1,2,3,3,1,4,2,4,1,4,3,1,1,1,2,3,2
pid_116,1,1,1,1,1,3,1,4,4,4,4,4,1,4,3,3,4,4,1,2,1,2,2,2,3,2,2,2,1,3,3,2,3,4,2,1,2,3,2,3,1,1,3,3,3,3,2,2,2,2,3,3,2,2,3,2,3,1,1,1,1,1,4,4,2,4,4,1,3,4,2,3,3,3,1,2,3,3,1,4,2,4,1,4,3,2,1,1,1,2,2
pid_1372,1,1,4,2,1,3,1,4,4,4,4,4,3,4,3,4,4,4,1,2,1,4,2,3,2,2,2,4,1,3,3,2,3,4,3,1,2,4,3,2,1,1,3,3,3,3,2,3,1,3,4,4,4,2,4,4,3,1,1,1,1,1,4,4,4,4,4,1,3,3,1,3,3,3,1,2,3,3,1,4,1,4,1,4,3,2,1,1,2,2,2
pid_1721,1,1,2,1,2,1,1,2,2,4,4,1,1,4,4,4,4,4,1,2,1,3,3,3,1,1,4,4,4,1,1,4,2,3,2,2,3,1,2,3,1,1,2,2,2,2,3,1,3,1,4,4,4,4,4,4,3,2,3,1,2,2,1,4,1,1,1,1,3,4,4,4,4,3,3,3,2,2,1,4,3,4,1,4,2,1,1,1,1,2,1
pid_2030,1,1,1,2,1,1,1,4,4,4,4,1,2,4,4,2,4,4,1,1,1,2,2,2,1,1,2,2,1,1,2,2,2,2,2,2,1,3,2,2,1,1,2,3,2,2,2,2,2,2,4,4,4,3,4,4,4,4,4,1,3,1,3,4,1,4,4,1,2,4,3,4,2,2,1,2,2,3,1,4,2,4,1,4,3,1,1,1,1,1,1
pid_545,1,1,2,2,1,2,1,4,4,4,4,1,1,4,4,4,4,4,1,1,1,2,2,2,2,1,2,2,1,2,1,2,3,2,2,1,2,3,2,1,1,1,3,3,2,3,2,1,2,1,4,4,4,3,4,4,4,1,1,1,1,1,4,4,2,4,4,2,2,4,3,3,2,2,1,2,3,3,1,4,1,4,1,4,3,1,1,1,1,1,1
pid_1246,1,2,1,2,2,4,1,4,4,4,4,1,2,3,3,3,4,4,1,3,2,3,2,2,4,2,2,3,1,4,3,3,3,3,2,1,3,3,3,3,1,1,3,3,3,2,2,2,1,3,3,4,2,2,3,3,2,1,1,1,2,1,4,4,2,4,4,2,4,3,2,3,3,3,1,1,4,3,1,4,2,4,1,4,3,2,3,3,2,2,3
pid_291,1,1,1,1,1,1,1,2,2,4,4,1,1,4,4,4,4,4,1,1,1,2,2,2,1,1,3,4,4,1,2,3,2,3,3,3,3,1,1,2,1,1,2,2,2,3,3,1,3,1,4,4,4,4,4,4,4,3,1,2,2,2,2,4,1,1,2,1,4,4,4,4,4,3,3,2,2,1,1,2,4,4,1,4,1,1,1,1,1,4,2
pid_1888,1,1,1,1,1,4,1,4,4,4,4,1,3,4,4,4,4,4,1,2,1,2,1,2,4,1,2,3,1,2,3,2,3,3,2,1,1,4,2,1,1,1,3,2,2,2,2,1,1,2,4,4,4,3,4,4,3,1,1,1,2,1,4,4,4,4,4,1,2,3,2,4,2,2,1,3,3,3,1,4,1,4,1,4,3,2,1,1,1,1,1
pid_811,1,1,1,2,1,3,1,4,4,4,4,1,2,2,2,2,2,4,1,1,2,2,1,2,2,1,2,2,1,2,1,3,3,3,2,2,2,2,3,3,1,1,2,2,2,2,2,2,2,3,3,3,4,2,4,3,3,1,1,1,2,2,3,4,2,2,2,2,2,4,3,4,3,2,1,2,3,3,1,2,2,4,1,4,2,1,1,1,1,1,1
pid_1592,1,1,1,2,1,2,1,4,4,4,4,1,2,3,3,2,2,4,1,2,1,3,2,3,1,1,2,3,1,3,3,3,3,4,2,1,3,3,3,2,1,1,3,3,3,2,2,2,2,3,3,4,2,2,3,3,3,1,1,3,3,3,3,4,2,4,4,1,3,3,3,4,3,2,1,2,3,3,1,4,2,4,1,4,3,1,1,1,1,2,1
pid_1208,1,1,3,1,1,4,1,4,2,4,3,4,2,4,4,4,4,4,1,2,1,4,3,3,4,1,4,4,4,1,2,3,2,3,3,2,3,1,1,1,2,2,3,2,3,3,3,1,3,2,4,4,4,3,4,4,3,2,1,1,2,1,4,4,1,1,1,1,3,4,4,1,4,4,3,2,3,2,1,2,2,4,1,4,1,1,1,2,1,3,2
pid_1922,1,1,1,2,1,4,3,4,4,4,4,4,3,2,2,2,2,4,1,3,2,3,3,3,4,2,4,4,4,3,3,4,4,4,4,2,3,3,3,3,3,3,3,3,3,3,3,2,3,3,2,3,3,3,2,2,2,1,1,1,2,1,4,4,1,4,4,2,3,4,2,3,3,3,1,2,3,3,1,4,1,4,1,4,3,2,4,3,3,3,2
pid_1438,1,1,1,1,1,4,1,4,4,4,4,1,4,4,1,2,4,4,1,2,1,2,1,2,4,2,2,4,1,4,4,2,3,3,2,1,2,4,4,1,1,1,3,3,3,3,2,2,1,4,2,3,2,1,3,2,2,1,1,1,1,1,4,4,4,4,4,1,4,3,1,3,2,3,1,1,4,4,1,4,1,4,1,4,4,3,2,2,3,2,3
pid_375,1,1,1,2,1,3,1,4,4,4,4,1,1,4,4,4,4,4,1,1,1,2,2,1,2,1,2,2,1,2,1,2,2,2,2,1,1,3,2,1,1,1,3,3,2,3,2,2,2,1,4,4,4,3,4,4,4,4,2,2,3,2,4,4,1,4,4,2,2,4,2,3,2,1,1,2,3,2,1,4,1,4,1,4,3,1,1,1,1,2,2
pid_55,1,1,1,1,4,3,1,4,4,4,4,2,1,4,3,4,4,4,1,2,1,2,2,2,3,1,2,2,1,2,2,2,2,4,2,1,1,3,2,1,1,1,3,3,2,2,2,2,1,1,4,4,4,2,4,4,3,4,2,1,3,2,4,4,4,4,4,1,2,4,3,4,2,2,1,2,3,4,1,4,1,4,1,4,3,1,1,1,1,2,1
pid_1111,1,1,1,1,1,4,1,4,4,4,4,1,1,4,4,4,4,4,1,1,1,1,1,1,4,1,2,2,1,3,2,2,2,1,1,1,1,3,2,1,1,1,3,3,3,2,2,1,1,1,4,4,4,2,4,4,3,4,4,2,4,2,4,4,4,4,4,1,1,4,2,4,2,1,1,2,4,3,1,4,1,4,1,4,3,2,1,1,1,1,1
pid_188,1,1,1,3,3,3,2,4,4,4,4,1,1,4,4,4,4,4,1,2,2,2,1,2,3,1,2,3,2,1,2,2,3,3,2,2,2,3,2,2,1,1,3,3,2,2,3,2,2,1,4,4,4,4,4,4,4,4,4,2,3,2,4,4,2,3,4,2,2,3,3,3,3,2,2,3,3,3,1,4,2,4,1,4,2,1,1,2,1,2,2
pid_1476,1,1,1,2,1,4,1,4,4,4,4,4,3,3,2,2,4,4,1,2,1,2,2,2,3,1,2,2,2,3,3,2,3,3,2,2,2,3,3,2,1,1,3,3,3,3,2,2,2,3,2,3,2,2,3,3,2,1,1,1,1,1,4,4,2,1,4,1,2,3,3,3,2,2,1,2,3,4,1,4,2,4,1,4,3,2,1,1,2,2,1
pid_612,1,1,1,2,1,1,1,4,4,4,4,1,1,4,4,4,4,4,1,1,1,1,1,1,1,1,2,3,1,1,1,2,3,2,1,1,1,2,1,3,1,1,2,2,2,2,2,1,2,1,4,4,4,4,4,4,4,4,3,2,4,3,3,4,1,4,4,1,2,4,2,3,3,2,3,3,2,2,1,4,1,4,1,4,2,1,1,1,1,1,1
pid_839,1,1,2,1,1,4,1,4,4,4,4,2,2,4,4,4,4,4,1,2,2,2,2,2,4,1,2,3,2,4,2,2,3,2,2,1,2,2,2,3,1,1,3,2,3,2,2,2,2,1,4,4,3,3,4,4,4,2,4,2,3,2,4,4,3,4,4,1,2,3,2,4,3,2,1,2,3,3,1,4,1,4,1,4,3,3,1,2,2,2,1
pid_1220,1,4,4,4,3,4,3,3,2,4,3,4,4,3,2,2,2,4,2,4,4,4,4,4,4,2,4,4,4,3,4,4,4,4,4,4,4,4,4,3,3,3,4,4,3,4,3,3,3,4,1,2,3,2,2,2,2,1,1,1,1,1,4,4,1,1,4,4,4,4,1,2,4,4,1,1,4,3,1,2,2,4,1,4,4,4,4,4,3,4,4
pid_2056,1,1,1,2,1,1,1,3,4,4,4,3,4,4,2,3,4,4,1,2,1,4,4,3,2,2,4,4,2,2,3,3,3,4,3,1,3,3,3,1,1,1,3,3,3,3,3,1,3,3,2,4,3,3,4,2,3,1,1,1,1,1,1,1,1,4,4,1,4,4,2,4,4,4,1,2,4,2,1,4,1,4,1,2,3,2,1,2,2,2,2
pid_1747,1,1,1,1,1,2,1,3,2,4,2,2,1,4,4,4,4,4,1,2,1,2,2,3,1,1,4,3,4,1,2,3,2,3,3,3,2,2,2,2,2,1,3,2,2,2,3,2,3,1,4,4,4,3,4,3,4,3,2,2,3,2,3,3,1,1,2,1,3,4,4,3,4,3,3,3,2,2,1,2,4,4,1,4,2,1,1,1,1,4,1
pid_523,1,1,1,2,1,1,1,4,4,4,4,1,1,4,4,4,4,4,1,2,1,2,2,2,1,1,3,3,1,1,1,2,3,3,3,2,2,3,2,1,1,1,3,3,3,2,3,2,2,1,4,4,4,3,4,4,3,2,1,2,2,2,1,4,1,1,2,2,1,4,2,2,3,2,1,3,3,3,1,4,2,4,1,4,3,1,1,1,1,3,1
pid_877,1,1,1,1,2,4,2,4,4,4,4,4,3,4,2,4,3,4,1,2,1,3,1,1,4,3,2,4,1,4,3,3,4,3,2,1,1,4,3,1,1,1,3,3,3,3,2,2,1,3,3,3,3,3,3,3,2,1,1,1,1,1,4,4,4,4,4,1,3,4,1,4,3,2,1,2,4,4,1,4,2,4,1,4,3,3,2,2,3,2,2
pid_790,1,1,2,2,1,3,1,4,4,4,4,3,1,4,4,4,4,4,1,2,1,2,2,2,2,1,2,2,1,3,2,2,3,3,1,1,2,3,3,1,1,1,3,3,2,2,2,1,2,1,4,4,4,3,4,4,4,2,1,4,4,2,4,4,2,4,4,2,2,4,2,4,2,2,1,2,2,3,1,4,2,4,1,4,3,1,1,1,2,2,1
pid_2018,1,3,1,3,1,4,2,4,4,4,3,4,3,3,3,2,4,4,1,3,2,3,3,3,4,2,3,3,3,3,2,3,4,3,3,2,3,3,3,4,3,2,3,3,3,3,3,2,3,3,3,3,3,3,2,3,4,1,1,3,4,4,4,4,2,4,4,3,2,4,2,3,3,3,1,3,3,2,1,4,2,4,1,4,2,2,3,3,3,2,4
pid_1709,1,2,1,2,1,4,2,4,4,4,4,4,3,2,2,2,2,4,1,2,1,2,2,2,3,1,2,3,2,3,3,3,3,3,3,2,2,3,2,3,2,1,3,3,2,3,2,2,2,3,3,2,3,2,1,3,3,1,1,2,4,2,4,4,2,4,4,3,2,4,2,3,3,1,1,3,3,3,1,4,2,4,1,4,3,2,4,3,3,2,3
pid_1093,1,4,1,4,1,4,1,4,3,4,2,4,3,4,4,2,4,4,2,3,3,4,4,4,4,2,4,3,4,3,3,4,4,4,4,4,3,4,3,4,4,4,3,3,3,3,3,2,3,2,2,4,4,4,4,4,4,2,1,3,4,1,4,4,1,1,2,3,4,4,2,2,3,4,1,3,3,3,1,4,2,4,1,4,3,2,4,4,3,4,4
pid_1944,2,3,1,2,2,4,3,4,4,4,4,3,4,4,2,3,4,4,3,3,3,4,3,3,4,3,2,4,2,4,3,3,4,4,3,1,3,4,3,3,2,2,3,3,3,3,3,2,1,3,4,3,3,2,4,3,4,1,1,1,1,1,4,4,2,4,4,2,2,4,1,3,3,4,1,2,4,4,1,4,1,4,1,4,3,3,4,4,3,4,4
pid_1139,1,1,1,1,1,4,1,4,4,4,4,4,1,4,4,4,4,4,1,1,1,1,1,1,4,2,2,4,1,3,2,2,3,3,1,1,1,4,2,1,1,1,3,3,2,2,2,1,1,1,4,4,4,4,4,4,3,4,3,2,4,3,4,4,4,4,4,1,1,4,3,3,2,1,1,2,3,4,1,4,1,4,1,4,3,2,1,1,1,1,1
pid_993,1,1,1,1,1,4,2,4,4,4,4,1,2,2,4,2,2,4,1,1,1,1,1,1,4,2,2,3,1,2,3,2,3,2,2,1,1,4,3,1,1,1,3,2,3,2,2,1,1,1,4,4,4,4,3,4,3,1,1,2,4,2,4,4,4,4,4,1,2,4,1,4,2,2,1,3,3,4,1,4,1,4,1,4,3,2,1,1,2,2,1
pid_1410,1,1,1,3,2,4,2,3,3,4,2,3,3,4,3,4,4,4,2,3,3,3,3,3,4,2,3,4,2,3,3,3,3,4,3,3,3,3,3,4,3,3,3,3,3,3,3,2,3,2,3,4,4,3,4,4,4,1,2,2,3,3,4,4,1,2,4,3,3,4,3,4,3,3,2,3,3,2,1,4,3,4,1,4,3,2,3,2,2,3,3
pid_674,1,2,3,1,1,3,1,2,1,3,2,4,4,4,2,2,4,4,1,2,2,3,3,3,2,1,4,4,4,1,3,4,3,4,3,3,3,2,2,3,3,3,3,2,3,3,4,2,4,3,2,4,4,4,2,3,4,1,1,1,1,1,3,2,1,1,1,1,3,4,4,2,4,3,2,2,4,1,1,2,3,4,1,4,3,1,3,3,1,3,3
pid_313,1,1,1,1,1,4,1,4,4,4,4,1,4,2,2,2,2,4,1,2,1,1,1,1,4,3,2,4,1,4,3,3,4,4,1,1,2,4,3,2,1,1,3,3,3,2,2,2,1,3,2,3,2,2,2,2,2,1,1,1,1,1,4,4,4,4,4,1,2,3,1,3,3,2,1,2,4,3,1,4,1,4,1,4,3,4,1,1,3,2,1
pid_489,1,1,1,1,1,4,1,4,4,4,4,4,3,4,4,4,4,4,1,3,2,2,1,2,4,3,2,4,1,4,3,3,4,4,2,1,1,4,3,4,1,1,3,3,3,3,3,2,1,1,3,3,2,2,3,2,3,3,1,1,4,2,4,4,4,4,4,1,3,3,1,3,3,1,1,2,4,4,1,4,1,4,1,4,3,3,1,2,2,3,3
pid_1177,1,1,1,2,3,4,2,4,4,4,4,1,1,4,4,4,4,4,1,2,1,3,2,3,4,1,3,3,3,1,2,3,3,3,2,1,2,2,2,3,1,1,3,2,3,2,3,2,3,1,4,4,4,3,4,4,4,4,4,2,4,2,4,4,1,4,4,1,3,4,1,4,3,3,3,3,3,3,1,4,2,4,1,4,2,2,1,1,2,1,1
pid_33,1,1,1,1,1,4,2,4,4,4,4,4,3,4,2,4,4,4,1,2,2,3,2,2,3,2,2,3,1,3,3,2,3,3,2,1,2,3,3,2,1,1,3,3,3,2,2,2,1,3,3,3,4,3,4,2,3,1,1,1,1,1,4,4,4,4,4,1,2,3,2,4,2,2,1,2,3,3,1,4,1,4,1,4,3,2,3,3,2,2,2
pid_1524,1,1,1,1,3,4,2,4,4,4,4,2,2,3,4,2,4,4,1,1,1,2,1,1,4,2,2,3,1,3,2,2,3,3,2,1,2,3,3,1,1,1,3,3,2,2,2,1,1,2,4,3,4,3,4,4,4,4,1,1,3,2,4,4,4,4,4,1,1,4,2,3,3,2,1,3,4,3,1,4,1,4,1,4,4,2,1,1,2,1,1
pid_740,1,2,1,2,1,4,2,4,4,4,4,2,1,4,4,4,4,4,2,3,2,3,3,3,4,1,2,2,2,1,1,3,3,3,2,1,2,3,2,1,2,2,3,3,3,3,3,1,3,1,4,4,4,3,4,4,4,4,4,3,4,3,4,4,1,2,3,2,2,4,2,3,3,2,1,3,3,3,1,4,1,4,1,4,3,1,1,1,1,3,3
pid_227,1,1,1,1,1,3,1,4,4,4,4,1,1,2,2,2,3,4,1,2,1,2,1,2,3,2,2,2,1,4,3,2,3,4,2,2,2,3,3,2,1,1,3,3,3,2,2,2,2,1,2,2,2,2,2,2,2,1,1,2,3,2,4,4,4,4,4,1,3,4,2,3,2,3,1,2,3,4,1,4,1,4,1,4,3,2,1,1,2,1,1
pid_1043,1,1,1,2,1,4,1,3,4,4,4,3,1,4,4,3,4,4,1,2,1,3,2,3,4,1,4,4,4,1,2,3,3,4,3,3,3,2,2,4,2,2,3,2,2,2,3,2,4,2,4,4,4,4,4,4,4,3,2,3,2,3,4,4,1,2,2,1,3,4,4,3,4,3,2,4,4,2,1,4,3,4,1,4,2,1,1,1,1,3,2
pid_269,1,1,1,2,2,3,1,3,4,4,4,1,4,2,2,2,2,4,1,2,1,2,2,2,4,2,2,3,2,2,3,2,3,4,2,1,2,3,3,4,2,1,3,3,3,3,2,2,2,3,1,4,3,2,4,2,2,1,1,1,1,1,4,4,2,2,4,3,2,4,1,2,3,2,1,2,3,3,1,4,2,4,1,4,3,2,2,2,2,2,3
pid_1797,1,3,1,2,1,4,3,4,4,4,4,4,1,4,4,4,4,4,1,4,3,4,4,4,4,2,3,4,4,2,2,4,4,3,3,1,3,4,2,4,3,3,3,3,3,3,3,2,3,1,4,4,4,4,4,4,4,4,4,2,2,2,4,4,1,4,4,2,3,4,2,2,3,3,1,4,4,2,1,4,1,4,1,4,2,2,4,4,3,3,4
pid_1870,1,2,1,3,3,4,2,4,3,4,4,2,4,4,2,3,4,4,1,3,2,3,2,3,4,1,3,4,3,2,2,3,3,4,3,3,3,3,3,3,2,1,3,3,3,3,3,2,3,3,2,4,4,3,4,4,2,1,1,1,2,2,4,4,1,2,4,3,3,4,1,3,3,3,2,3,3,3,1,4,3,4,1,4,3,2,3,4,2,3,4
pid_943,1,1,1,1,2,4,1,4,4,4,4,1,3,4,2,4,4,4,1,2,2,2,2,2,4,2,2,3,1,3,3,2,3,3,2,1,2,3,3,1,1,1,3,3,3,2,2,3,1,3,2,3,3,2,3,3,2,1,1,1,1,1,4,4,4,4,4,1,2,3,2,3,2,2,1,2,3,3,1,4,1,4,1,4,4,2,2,2,2,2,2
pid_7,1,1,1,1,1,4,1,4,4,4,4,4,3,4,2,4,4,4,1,2,2,3,1,2,4,3,2,4,1,3,3,2,3,4,2,1,3,4,4,1,1,1,3,3,3,3,2,2,1,3,3,2,4,2,4,3,2,1,1,1,1,1,4,4,4,4,4,1,2,3,1,2,3,2,1,2,3,4,1,4,2,4,1,4,3,3,1,2,3,1,1
pid_459,1,1,1,1,1,3,2,4,4,4,4,3,4,4,2,2,4,4,1,2,2,3,2,2,3,2,2,4,1,3,2,3,4,3,2,1,2,3,3,1,1,1,3,3,3,3,2,3,1,3,4,4,4,2,4,4,3,1,1,1,1,1,4,4,4,4,4,1,2,2,2,3,3,3,1,1,4,3,1,4,1,4,1,4,3,2,2,2,1,1,1
pid_170,1,2,2,2,1,2,1,4,2,4,4,3,2,4,4,4,4,4,1,2,1,3,3,3,1,1,4,4,4,1,2,3,2,2,3,3,3,2,1,3,2,1,2,2,2,2,3,2,4,1,4,4,4,4,4,4,4,2,2,1,2,2,4,2,1,1,1,2,3,4,1,3,4,3,4,4,2,2,1,2,4,4,1,4,1,1,1,1,1,3,3
pid_1314,1,1,1,1,1,2,1,1,1,4,1,1,2,4,4,3,4,4,1,2,2,2,2,3,1,1,4,4,4,1,2,4,3,4,3,3,3,2,2,3,2,1,3,2,3,2,4,2,3,1,3,4,4,4,3,4,4,2,1,3,2,3,2,2,1,1,2,2,4,4,4,4,4,3,2,3,3,3,1,2,4,4,1,4,2,1,1,1,1,3,1
pid_1673,1,1,1,1,2,4,2,4,4,4,4,1,1,4,4,4,4,4,1,2,1,2,2,2,4,2,2,3,1,3,2,2,3,3,2,1,2,3,2,1,1,1,3,3,2,2,2,2,2,1,4,4,4,3,4,4,4,2,4,2,3,2,4,4,4,4,4,1,2,4,3,4,2,2,2,3,3,3,1,4,1,4,1,4,3,2,1,1,2,3,1
pid_417,1,1,1,1,1,4,2,4,4,4,4,1,1,4,4,4,3,4,1,1,1,2,1,2,4,2,2,3,1,3,2,2,3,3,2,1,2,4,2,1,1,1,3,3,3,3,2,2,1,1,4,3,4,2,4,4,4,2,4,2,4,2,4,4,4,4,4,1,1,4,2,3,2,2,1,3,3,3,1,4,1,4,1,4,3,2,1,2,2,2,1
pid_1994,1,1,1,2,1,4,1,4,4,4,4,3,1,4,4,4,4,4,1,3,3,4,2,3,4,1,2,4,2,3,2,2,2,4,2,1,1,3,2,4,2,1,3,3,3,3,2,1,2,1,4,4,4,3,4,4,4,4,4,2,4,4,4,4,2,4,4,2,3,3,2,4,2,2,1,3,3,1,1,4,1,4,1,4,3,1,3,4,2,4,4
pid_821,1,1,2,3,2,1,1,4,4,4,4,2,1,4,4,4,4,4,1,1,1,2,1,2,1,2,2,3,2,1,2,2,3,3,2,1,1,2,2,2,1,1,2,2,2,2,2,1,2,1,4,4,4,4,4,4,4,3,3,2,3,3,1,4,2,2,4,2,2,4,3,4,2,2,1,3,3,3,1,4,2,4,1,4,2,1,1,1,1,2,1
pid_1238,1,1,3,2,4,4,1,4,4,4,4,1,1,4,4,2,4,4,1,2,1,3,2,2,3,2,2,2,1,2,3,2,3,4,2,1,2,3,3,2,1,1,3,3,3,2,2,1,2,1,4,4,4,4,4,4,4,4,2,3,4,2,4,4,4,4,4,2,1,4,2,3,2,2,1,3,3,4,1,4,1,4,1,4,3,1,1,1,1,2,2
pid_788,1,1,2,1,1,2,1,4,4,4,4,1,1,2,4,2,2,4,1,3,2,2,2,2,2,2,2,2,1,3,3,4,3,3,2,1,2,4,4,1,1,1,3,3,3,3,3,2,2,3,3,3,3,2,2,3,3,1,1,2,3,2,4,4,4,4,4,1,4,3,1,1,2,2,1,2,4,4,1,4,2,4,1,4,3,2,1,1,2,3,1
pid_1276,1,1,1,2,1,2,2,4,4,4,4,4,1,4,4,4,4,4,1,2,2,3,2,3,2,1,4,3,2,2,2,4,3,3,3,3,3,2,2,3,1,1,3,3,3,2,3,2,3,1,4,4,4,3,4,4,4,4,3,2,3,3,4,4,2,3,4,2,2,4,1,3,4,3,2,3,3,2,1,4,3,4,1,4,2,1,2,2,1,2,2
pid_1711,1,1,1,1,1,1,1,4,4,4,4,3,2,4,4,4,4,4,1,2,2,2,2,2,1,1,2,3,1,3,3,2,3,3,2,1,2,2,2,1,1,2,3,3,3,3,2,2,2,2,4,4,3,2,4,4,3,2,3,2,3,2,4,4,3,4,4,1,1,4,2,4,2,3,1,2,3,2,1,4,1,4,1,4,3,2,1,1,2,1,1
pid_2000,1,1,1,1,1,1,1,4,2,4,2,1,1,4,3,4,4,4,1,2,1,2,2,2,1,1,4,3,4,1,1,2,1,2,2,2,2,1,2,1,2,1,2,2,2,2,3,2,3,1,4,4,4,3,4,4,4,1,1,1,1,1,3,4,1,1,1,1,3,4,4,3,4,3,3,3,3,2,1,2,2,3,1,4,2,1,1,1,1,1,1
pid_575,1,1,1,1,1,1,1,2,1,4,4,1,1,4,4,3,4,4,1,1,1,2,1,2,1,1,4,4,4,1,2,4,2,3,3,3,4,2,1,2,1,1,2,2,2,3,3,1,4,1,4,4,4,4,4,4,4,4,1,1,2,2,1,3,1,1,2,1,4,4,1,4,4,4,2,4,3,2,1,2,4,4,1,4,2,1,1,1,1,2,1
pid_1446,1,1,1,1,1,4,2,4,4,4,4,3,3,4,3,4,4,4,1,2,1,1,1,2,4,2,2,3,1,3,3,2,3,2,3,1,1,3,3,2,1,1,3,3,2,2,2,1,2,2,3,4,4,2,3,3,3,2,2,1,3,1,4,4,4,4,4,1,2,3,3,3,3,2,1,3,4,4,1,4,2,4,1,4,3,2,1,3,2,2,3
pid_622,1,1,1,2,3,3,1,4,4,4,4,1,2,4,4,4,4,4,1,2,2,2,2,2,2,1,2,2,1,1,1,2,3,3,2,2,2,2,1,1,1,1,2,2,2,2,2,2,2,1,4,4,4,4,4,4,4,4,4,2,2,2,3,4,1,2,4,2,2,4,3,4,3,2,2,3,3,2,1,4,2,4,1,4,2,1,1,1,1,2,1
pid_345,1,2,2,1,1,1,1,2,1,2,2,1,1,4,3,4,4,4,1,3,2,3,3,3,1,1,4,3,4,1,1,3,3,4,3,3,3,2,2,3,3,1,3,2,3,3,3,1,4,1,4,4,4,4,4,4,4,2,2,1,1,2,1,1,1,1,2,1,4,4,1,3,4,3,3,3,3,2,1,3,4,4,1,4,2,1,2,1,1,3,3
pid_65,1,1,1,1,1,4,1,4,4,4,4,4,4,2,2,2,2,4,1,2,1,2,1,1,4,3,2,3,1,4,3,3,3,4,2,1,1,4,3,1,1,1,3,3,3,2,2,2,1,3,2,3,3,2,2,2,2,1,1,1,2,1,4,4,4,4,4,1,2,4,1,4,3,1,1,2,4,4,1,4,1,4,1,4,4,3,3,2,3,2,2
pid_1121,1,1,1,2,2,4,1,4,4,4,4,1,2,4,4,2,4,4,1,2,1,2,2,2,4,2,2,3,1,3,2,2,3,3,2,1,2,4,3,1,1,1,3,3,2,2,2,2,1,2,4,4,4,3,3,4,3,1,1,1,2,2,4,4,4,4,4,1,2,4,2,4,2,2,1,2,3,4,1,4,2,4,1,4,3,2,1,2,1,2,2
pid_1408,1,3,1,2,1,4,4,4,4,4,4,2,2,4,3,4,4,4,1,3,3,3,2,3,4,2,2,3,1,3,3,2,4,3,2,1,2,3,3,2,2,3,3,3,3,3,2,1,1,3,3,4,4,4,4,4,3,1,4,1,1,1,4,4,1,4,4,1,2,4,1,3,2,3,1,2,4,3,1,4,1,4,1,4,3,2,4,3,3,4,4
pid_1392,1,2,1,2,4,4,2,4,4,4,4,4,2,4,3,4,4,4,1,2,2,3,3,3,4,1,2,3,3,1,2,3,4,3,2,1,2,3,2,3,2,2,3,2,2,2,3,1,3,2,4,4,4,4,4,4,4,4,3,1,1,2,4,4,1,2,2,2,2,4,4,3,3,2,2,4,3,3,1,4,2,4,1,4,2,2,3,3,2,3,4
pid_491,1,1,1,2,1,4,1,4,4,4,4,1,1,4,4,4,4,4,1,2,1,2,2,2,4,2,2,3,1,3,2,2,2,3,2,1,1,3,3,3,1,1,3,3,3,2,2,1,2,1,4,4,4,3,4,4,4,4,3,3,3,3,4,4,4,4,4,1,1,4,2,4,2,2,1,2,3,3,1,4,2,4,1,4,3,2,1,2,1,2,2
pid_1912,1,2,2,2,2,4,1,4,4,4,4,2,4,4,3,2,4,4,1,3,2,4,2,4,4,3,2,3,1,3,3,2,3,4,2,1,2,3,3,1,1,1,3,3,3,3,2,2,1,3,3,3,4,3,4,3,4,1,1,1,2,1,4,4,4,4,4,1,1,4,2,4,2,2,1,2,4,3,1,4,1,4,1,4,3,2,2,2,2,3,3
pid_758,1,1,1,2,1,3,3,4,4,4,4,4,2,2,2,2,4,4,1,3,2,3,2,3,2,2,3,3,2,4,3,4,4,3,3,2,3,4,3,3,2,2,3,3,3,3,3,3,3,3,2,3,2,2,2,3,3,1,2,2,3,2,4,4,2,4,4,1,3,3,2,3,3,3,1,2,4,4,1,4,2,4,1,4,3,2,3,3,3,4,2
pid_1826,1,1,1,2,1,4,1,4,4,4,4,1,1,4,3,4,4,4,1,1,1,1,1,1,4,2,2,3,1,2,2,2,3,2,2,1,1,3,1,2,1,1,2,2,2,2,2,2,2,1,4,4,4,3,4,4,3,2,1,1,2,1,4,4,3,4,4,1,2,4,2,3,3,2,2,3,3,3,1,4,2,4,1,4,2,2,1,1,2,3,1
pid_1572,1,2,1,1,1,3,2,4,4,4,4,4,3,4,2,4,4,4,1,3,2,3,3,3,4,3,2,3,1,3,3,3,3,3,2,1,3,4,3,1,1,1,3,3,3,3,2,2,1,3,4,4,4,2,4,4,2,2,1,1,1,1,4,4,4,4,4,1,2,3,1,4,4,3,1,2,4,4,1,4,1,4,1,4,4,3,3,3,3,2,3
pid_716,1,1,1,2,1,1,1,4,4,4,4,2,1,4,4,4,4,4,1,2,1,2,2,2,4,1,3,3,1,2,2,2,3,2,2,1,2,3,2,3,1,1,3,3,3,3,2,2,2,1,4,4,3,2,4,3,4,3,2,2,4,2,3,4,3,4,4,1,2,4,2,3,3,2,2,3,3,2,1,4,1,4,1,4,3,1,1,1,2,2,1
pid_271,1,1,1,1,1,1,1,4,4,4,4,2,4,4,2,4,4,4,1,1,1,2,1,1,1,2,2,2,1,3,2,2,3,4,2,1,1,3,3,1,1,1,2,3,2,2,1,2,1,3,4,4,4,3,4,4,3,1,1,1,1,1,4,4,4,4,4,1,1,4,1,4,2,1,1,2,3,3,1,4,2,4,1,4,3,2,1,1,1,1,1
pid_1015,1,1,1,1,1,4,1,4,4,4,4,4,2,3,3,2,3,4,1,2,1,2,1,1,4,2,2,4,1,3,3,3,4,3,2,1,2,4,3,1,1,1,3,3,2,2,2,2,1,2,4,4,3,2,4,3,3,1,1,1,2,1,4,4,4,4,4,1,2,4,2,3,3,3,1,2,4,4,1,4,2,4,1,4,4,3,1,1,3,2,1
pid_1868,1,1,1,1,1,1,1,4,2,4,4,4,2,4,3,4,4,4,1,3,3,3,3,3,2,1,4,4,4,1,2,4,4,4,3,3,3,2,1,3,2,2,3,3,3,3,3,2,3,2,3,4,4,3,4,4,4,2,2,1,1,2,4,4,1,1,1,1,4,3,4,2,4,4,3,2,4,2,1,4,4,4,1,4,2,1,2,1,1,4,2
pid_126,1,1,1,2,1,4,1,4,4,4,4,4,1,4,4,4,4,4,1,2,2,2,2,2,4,1,1,3,2,2,2,2,3,4,2,1,1,3,2,1,1,1,2,3,2,3,2,2,2,1,4,4,4,3,4,4,4,4,4,3,4,2,4,4,2,4,4,1,1,4,3,4,2,2,2,3,3,3,1,4,2,4,1,4,3,2,1,2,2,3,2
pid_1342,1,3,2,1,1,4,2,4,4,4,4,2,1,4,4,4,4,4,1,2,1,4,2,2,4,2,2,2,1,2,2,2,3,4,2,1,1,3,2,2,1,2,3,2,3,3,2,2,2,1,4,4,3,2,4,4,4,3,3,2,3,3,4,4,1,4,4,1,1,4,2,3,2,2,1,2,3,3,1,4,1,4,1,4,3,2,3,3,2,3,3
pid_1625,1,1,1,1,1,4,1,4,4,4,4,1,1,4,4,2,4,4,1,1,1,1,1,1,4,2,2,2,1,4,3,1,3,2,2,1,1,4,3,2,1,1,3,3,3,2,1,2,1,1,4,3,3,2,3,3,2,1,1,2,3,1,4,4,4,4,4,1,3,4,2,3,2,1,1,2,4,4,1,4,1,4,1,4,3,2,1,1,2,1,1
pid_441,1,1,2,1,1,2,2,3,2,4,2,4,1,4,3,4,4,4,1,2,2,2,2,3,2,1,4,4,4,1,2,2,2,4,4,4,4,2,3,4,3,1,3,2,3,3,3,1,4,1,3,4,4,2,4,4,4,4,4,2,2,4,4,2,1,1,1,1,4,4,4,3,4,4,1,2,3,1,1,2,4,4,1,4,1,1,1,2,1,2,3
pid_915,2,1,1,1,2,4,4,4,4,4,4,4,3,4,3,4,4,4,1,2,1,1,1,1,4,2,2,4,1,3,3,2,3,3,2,1,2,3,2,1,1,1,3,3,3,2,2,2,1,2,4,4,4,3,4,4,4,1,4,1,2,1,4,4,4,4,4,1,1,4,1,4,3,1,1,2,4,4,1,4,1,4,1,4,3,2,3,3,2,2,2
pid_168,1,2,2,1,1,1,2,2,1,4,4,4,1,4,4,4,4,4,1,1,1,3,3,3,1,1,4,4,4,1,2,3,2,4,3,3,4,1,1,4,4,1,3,2,3,2,3,1,4,1,4,4,4,4,4,4,4,1,2,1,1,1,1,1,1,1,1,1,3,4,4,2,4,4,3,2,2,1,1,2,4,4,1,4,1,1,1,1,1,3,4
pid_1496,1,1,1,2,1,1,1,3,2,4,2,2,1,4,4,4,4,4,1,2,1,2,2,3,1,1,4,4,3,1,2,3,3,4,2,2,2,2,2,2,2,1,3,2,2,2,3,2,2,1,4,4,4,2,4,4,3,4,2,2,3,3,3,3,1,4,4,1,2,4,4,4,3,2,2,4,3,2,1,4,1,4,1,4,3,1,1,1,1,2,1
pid_395,1,1,1,1,1,1,1,3,4,4,2,1,1,4,2,3,4,4,1,1,1,2,3,2,1,1,4,4,4,1,1,2,2,2,3,3,4,2,2,1,1,1,3,2,2,2,3,2,3,1,3,4,4,3,3,3,4,1,1,1,2,1,2,2,1,1,2,1,4,4,1,3,4,3,3,2,2,2,1,1,4,4,1,4,3,1,1,1,1,2,1
pid_259,1,1,1,1,1,3,1,4,4,4,4,3,1,4,4,4,4,4,1,2,1,2,1,2,2,1,2,3,1,1,1,2,3,2,2,1,2,2,2,1,1,1,2,2,2,2,2,1,2,1,4,4,4,4,4,4,4,4,4,2,4,3,4,4,2,4,4,1,2,3,3,3,2,2,2,3,3,3,1,4,2,4,1,4,3,2,1,1,2,1,1
pid_1840,1,1,1,2,1,4,1,4,4,4,4,3,2,4,4,4,4,4,1,2,1,2,2,2,3,2,2,3,1,3,2,2,3,3,2,2,2,3,2,3,1,1,2,2,2,2,2,2,2,1,4,4,4,3,4,4,4,2,1,2,4,2,4,4,3,3,4,2,2,4,2,3,2,2,2,3,3,3,1,4,2,4,1,4,3,2,2,2,2,2,3
pid_217,1,2,1,2,4,4,4,3,1,4,2,4,1,4,4,4,4,4,1,2,1,3,3,3,4,1,4,4,4,1,1,3,2,4,1,3,3,2,2,4,3,2,2,2,2,2,3,2,4,1,4,4,4,4,4,4,4,4,4,3,4,4,4,4,1,1,1,1,3,4,4,4,4,4,2,3,2,2,1,3,3,4,1,4,1,1,1,1,1,3,3
pid_1073,1,1,1,1,1,4,2,4,4,4,4,1,2,4,4,2,4,4,1,1,1,2,1,2,4,2,2,2,1,2,2,2,4,4,2,2,2,3,2,2,1,1,3,2,2,2,2,1,1,1,4,4,4,3,4,4,4,2,2,2,4,2,4,4,3,4,4,1,2,3,1,3,2,1,1,3,4,3,1,4,2,4,1,4,3,2,1,1,1,2,1
pid_897,1,1,1,2,1,4,1,4,2,4,2,4,1,4,4,4,4,4,1,2,2,3,2,3,4,1,3,3,4,1,2,3,3,2,2,2,2,2,1,4,2,2,3,2,3,2,3,2,3,1,4,4,4,4,4,4,4,4,4,2,4,4,4,4,1,4,4,1,3,4,4,3,3,2,3,3,3,2,1,3,1,4,1,4,2,1,2,2,1,2,2
pid_1514,1,2,1,2,1,3,1,4,4,4,4,2,1,4,4,4,4,4,1,2,1,2,3,3,2,1,3,3,3,1,1,3,3,3,2,2,3,2,2,4,2,1,3,2,3,2,3,1,3,1,4,4,4,4,4,4,4,4,3,2,2,3,4,4,1,2,2,2,2,4,2,4,3,2,3,4,3,2,1,4,3,4,1,4,2,1,1,2,1,1,3
pid_770,1,1,2,1,1,2,1,4,1,4,2,3,2,4,2,3,4,4,1,1,1,2,2,3,1,1,4,4,4,1,1,3,1,4,3,4,3,2,2,4,2,1,3,2,2,2,3,2,4,3,2,4,4,3,3,4,3,1,1,1,1,1,1,3,1,1,1,2,4,4,1,2,4,4,3,2,2,1,1,1,4,2,1,4,2,1,1,1,1,3,2
pid_1643,1,2,1,3,4,3,2,2,2,4,2,1,2,4,3,4,4,4,1,2,1,2,2,3,2,1,4,4,4,1,2,4,2,4,3,3,3,2,2,4,2,1,3,2,2,2,3,2,3,1,4,4,4,4,4,4,4,3,2,1,1,1,3,4,1,2,2,2,3,4,4,3,4,3,3,2,2,2,1,2,4,4,1,4,1,1,1,2,1,3,3
pid_427,1,2,1,1,1,4,4,4,4,4,4,3,1,4,4,4,4,4,1,2,2,3,2,2,4,2,2,3,2,4,3,3,4,3,3,1,2,3,3,1,2,2,3,3,3,2,3,2,1,1,4,4,2,2,4,4,4,4,4,2,4,2,4,4,4,4,4,1,3,3,1,3,3,3,1,2,3,3,1,4,1,4,1,4,3,2,3,3,3,3,2
pid_140,1,1,1,1,1,1,1,4,2,4,4,1,1,4,4,4,4,4,1,2,1,2,2,2,1,1,4,3,3,1,1,2,2,2,2,1,1,1,2,1,2,1,2,2,2,2,3,1,3,1,4,4,4,4,4,4,4,4,4,1,2,2,2,4,1,1,3,1,1,4,4,4,4,3,2,4,2,2,1,4,2,4,1,4,2,1,1,1,1,2,1
pid_1324,1,1,1,1,1,4,2,4,4,4,4,4,1,4,4,4,4,4,1,2,1,2,1,2,3,2,2,4,1,2,2,2,3,4,2,1,2,3,2,1,1,1,3,3,2,2,2,2,2,1,4,4,4,3,4,4,4,4,2,2,4,2,4,4,3,4,4,1,2,4,2,3,2,1,1,3,3,4,1,4,2,4,1,4,3,2,2,2,2,2,2
pid_469,1,1,1,1,1,1,1,4,4,4,4,3,1,4,4,4,4,4,1,1,1,2,2,2,1,1,4,4,3,2,2,3,2,4,2,2,3,2,2,1,1,1,3,2,2,2,3,2,3,1,4,4,4,3,4,4,3,4,2,1,2,2,3,4,2,2,4,1,3,4,4,4,4,3,2,3,2,3,1,4,4,4,1,4,2,1,1,1,1,2,1
pid_1197,1,1,1,1,2,1,1,2,2,4,3,1,1,4,4,4,4,4,1,1,1,1,2,2,1,1,4,3,4,1,1,3,2,3,3,3,3,1,1,3,1,1,2,2,2,2,3,1,3,1,4,4,4,4,4,4,4,2,2,1,2,1,1,3,1,1,2,1,3,4,4,3,4,3,4,4,1,2,1,4,4,4,1,4,1,1,1,1,1,2,1
pid_973,1,1,2,1,1,2,1,4,4,4,4,4,1,4,4,4,4,4,1,2,2,2,2,2,2,2,2,4,2,3,2,3,3,2,2,1,2,3,2,1,1,1,3,3,3,2,2,1,2,1,4,4,2,2,4,4,4,3,1,1,4,2,4,4,4,4,4,1,2,4,2,3,3,2,1,2,3,3,1,4,1,4,1,4,3,1,1,2,2,3,2
pid_694,1,1,1,1,1,4,2,4,4,4,4,1,1,4,4,4,4,4,1,1,1,1,1,1,4,2,2,4,1,2,2,2,2,2,1,1,1,3,2,1,1,1,3,3,2,2,2,1,1,1,4,4,4,3,4,4,4,2,4,2,4,2,4,4,4,4,4,1,2,4,3,4,2,1,1,3,3,3,1,4,3,4,1,4,3,2,1,1,2,2,1
pid_2028,1,1,1,1,1,1,1,4,4,4,4,2,1,4,4,4,4,4,1,2,1,2,2,2,1,1,2,2,1,2,2,2,3,3,2,1,1,3,2,2,1,1,3,3,2,2,2,1,2,1,4,4,4,3,4,4,4,4,4,3,4,2,4,4,3,4,4,1,1,4,3,4,2,2,1,3,3,3,1,4,1,4,1,4,3,2,1,1,1,2,1
pid_1739,2,3,1,1,1,4,2,4,4,4,4,4,4,4,2,4,4,4,2,3,3,3,2,2,4,2,2,4,1,3,3,2,3,3,2,1,2,4,3,2,2,1,3,3,3,3,2,2,1,3,2,3,2,2,2,2,2,1,1,1,1,1,4,4,4,4,4,1,2,4,1,3,2,2,1,1,4,4,1,4,1,4,1,4,3,3,4,4,3,3,4
pid_847,2,1,1,1,1,4,4,4,4,4,4,4,1,4,4,4,4,4,1,2,1,2,2,2,4,2,2,4,1,3,3,2,2,3,2,1,1,3,2,1,1,1,3,3,3,3,2,1,1,1,4,4,4,3,4,4,4,4,4,2,4,2,4,4,1,4,4,1,2,4,2,4,3,2,1,3,4,3,1,4,1,4,1,4,3,2,1,2,2,4,1
pid_289,1,4,1,3,1,4,3,4,3,4,3,2,3,4,3,4,4,4,1,3,3,4,3,4,4,2,2,3,2,2,3,3,3,4,3,2,3,3,2,4,3,2,3,3,3,3,3,3,3,3,3,4,4,3,4,3,4,1,1,2,2,1,4,4,2,1,4,3,2,3,2,2,3,2,1,3,3,3,1,4,3,4,1,4,3,2,3,4,3,4,4
pid_1777,1,2,2,2,1,4,1,4,4,4,4,1,1,2,3,2,2,4,1,1,2,2,1,2,4,2,2,3,1,3,2,2,3,2,2,1,2,3,3,2,1,1,3,3,2,2,2,2,2,2,3,3,3,3,3,4,4,1,1,1,2,1,4,4,3,4,4,2,2,4,2,4,2,2,1,2,4,4,1,4,3,4,1,4,3,2,1,2,2,3,1
pid_513,1,1,1,1,1,4,1,4,4,4,4,1,2,4,3,4,4,4,1,2,2,2,1,1,4,2,2,3,1,4,3,2,3,2,2,1,1,3,3,1,1,1,3,3,3,3,2,2,1,3,3,4,2,2,3,4,3,1,1,1,1,1,4,4,4,4,4,1,2,4,1,3,2,3,1,2,4,4,1,4,1,4,1,4,4,2,1,1,2,1,1
pid_1890,1,2,3,1,1,2,1,2,1,2,2,2,2,4,4,4,4,4,1,2,2,3,3,3,1,1,4,4,4,1,2,4,2,3,4,3,3,2,2,4,3,2,3,2,3,3,3,1,4,1,4,4,4,4,4,4,4,2,1,2,2,2,2,2,1,1,2,1,3,4,4,3,4,4,3,2,2,1,1,2,4,4,1,4,2,1,2,1,1,4,2
pid_809,1,1,1,2,2,3,1,4,4,4,4,4,3,4,3,4,4,4,1,2,1,2,1,2,3,2,2,3,2,3,2,3,3,3,2,1,2,3,2,1,1,1,2,2,2,2,2,2,1,1,4,4,4,4,4,4,4,2,2,1,2,2,4,4,2,4,4,2,2,4,3,4,3,2,2,2,3,3,1,4,1,4,1,4,3,2,2,2,2,2,2
pid_1210,1,1,2,2,4,1,1,2,1,4,1,1,1,4,4,4,4,4,1,1,1,1,3,3,1,1,4,3,4,1,1,3,2,3,2,2,2,2,1,4,1,1,2,2,2,2,3,2,3,1,4,4,4,4,4,4,4,4,2,1,1,1,2,4,1,1,1,2,3,4,4,3,4,3,3,3,2,1,1,2,4,4,1,3,1,1,1,1,1,2,2
pid_323,1,1,1,1,4,4,1,4,4,4,4,1,1,4,4,4,4,4,1,2,1,2,2,2,4,2,2,2,1,3,3,2,3,3,2,1,1,4,2,3,1,1,3,3,2,2,2,2,2,1,4,3,2,2,4,3,4,4,1,2,3,2,4,4,2,4,4,2,2,4,2,4,2,2,1,2,3,4,1,4,1,4,1,4,3,2,1,1,2,2,1
pid_1147,1,2,1,1,1,4,3,4,4,4,4,2,4,4,2,4,4,4,2,3,2,2,2,2,4,2,3,4,2,3,3,3,4,4,3,1,2,4,3,1,2,2,3,3,3,3,3,2,2,3,4,4,4,2,4,4,2,1,2,1,1,1,4,4,3,4,4,1,2,4,2,4,3,2,1,3,4,3,1,4,1,4,1,4,3,3,4,3,3,4,2
pid_1420,1,1,1,2,1,1,1,2,4,4,4,1,2,4,3,4,4,4,1,2,2,2,3,2,1,2,3,3,2,2,2,3,4,3,3,2,2,2,2,2,2,1,2,2,3,2,3,2,2,1,4,4,4,3,4,4,4,4,2,1,2,2,3,4,2,4,4,1,2,4,3,4,3,2,2,3,3,3,1,4,2,4,1,4,2,2,1,1,2,3,2
pid_644,1,1,1,2,1,4,2,4,4,4,4,1,2,4,4,4,4,4,1,1,1,2,2,3,3,1,4,4,3,1,1,3,2,4,3,3,3,2,2,2,2,1,3,2,2,2,3,2,3,1,4,4,4,3,4,4,4,4,4,1,2,2,4,4,1,2,1,1,3,4,4,3,4,4,3,2,3,1,1,4,4,4,1,4,1,1,1,1,1,3,1
pid_1693,1,1,1,1,1,3,1,4,4,4,4,2,1,4,4,4,4,4,1,2,1,2,1,1,2,1,2,2,1,3,2,2,4,4,2,1,2,3,3,1,1,1,3,3,3,3,2,2,1,1,4,4,4,3,4,4,3,4,3,2,4,2,4,4,4,4,4,1,2,4,2,3,3,2,1,2,3,3,1,4,2,4,1,4,3,2,1,1,1,1,1
pid_1974,1,1,1,2,1,4,1,4,4,4,4,1,2,4,4,4,4,4,1,2,2,2,2,2,4,2,3,3,2,3,3,3,3,3,2,1,2,3,2,2,2,1,3,3,2,2,2,2,2,2,4,4,3,2,4,4,4,2,2,2,3,1,4,4,3,4,4,2,2,3,2,3,3,2,1,3,3,3,1,4,2,4,1,4,3,2,2,2,2,2,2
pid_1109,1,2,1,2,1,3,1,3,1,4,2,1,1,4,4,4,4,4,1,2,2,3,3,3,1,1,4,4,4,1,2,4,3,4,3,3,2,2,2,4,2,2,3,2,3,2,3,1,3,1,4,4,4,4,4,4,4,4,2,3,4,3,4,4,1,2,2,1,3,4,4,3,4,3,3,3,3,1,1,4,4,4,1,4,2,1,1,2,1,3,1
pid_190,1,2,1,1,1,3,2,3,2,2,2,4,1,4,4,4,4,4,1,4,4,4,4,4,2,1,4,4,4,1,2,4,4,4,4,3,3,2,2,2,4,4,3,3,3,3,4,2,4,1,4,4,4,4,4,4,4,4,3,2,2,2,4,2,1,1,1,1,4,4,4,4,4,3,2,2,4,1,1,2,1,4,1,4,3,1,2,4,1,4,3
pid_541,1,3,1,2,2,4,2,4,4,4,4,3,1,4,4,4,4,4,2,3,2,3,3,3,4,2,2,3,2,3,3,3,3,3,3,1,3,3,2,1,2,2,3,3,3,3,3,2,2,1,4,4,4,3,4,4,4,3,4,2,4,2,4,4,2,3,4,2,3,3,4,3,3,3,2,2,3,3,1,4,2,4,1,4,3,2,3,4,3,4,3
pid_2034,1,1,1,1,1,4,1,4,4,4,4,2,2,4,4,4,4,4,1,2,1,3,2,2,4,2,2,3,1,3,3,2,3,3,2,1,2,3,3,1,1,1,3,3,3,2,2,2,1,1,4,3,4,2,4,4,4,4,3,3,4,3,4,4,4,4,4,1,2,4,3,4,2,1,1,3,3,4,1,4,1,4,1,4,3,3,2,2,2,2,2
pid_1725,1,1,1,2,1,4,2,4,4,4,4,4,3,2,2,2,2,4,1,2,2,2,2,2,4,3,2,3,1,3,3,3,4,3,2,1,3,4,3,1,1,1,3,3,3,3,2,2,1,3,2,2,2,3,3,3,2,1,1,1,1,1,4,4,4,4,4,2,2,4,2,3,3,2,1,2,4,3,1,4,2,4,1,4,3,3,2,3,2,2,2
pid_1242,1,3,1,3,1,3,2,1,1,2,1,1,4,4,2,4,4,4,1,3,2,4,4,3,2,1,3,4,4,1,2,3,4,4,3,3,3,2,2,3,3,2,3,3,4,3,3,1,4,3,4,4,4,4,4,4,4,1,1,1,1,1,1,1,1,1,4,4,4,4,4,2,4,3,3,2,4,1,1,1,4,3,1,4,3,1,4,4,1,4,4
pid_295,1,2,1,1,1,4,4,4,4,4,4,4,4,2,1,2,2,4,3,3,4,3,3,3,4,2,2,4,1,4,3,3,4,4,2,2,3,4,4,1,2,2,3,3,3,4,2,3,1,4,1,2,2,2,2,1,2,1,1,1,1,1,4,4,4,4,4,1,4,2,1,2,4,4,1,1,4,4,1,4,1,4,1,4,4,3,4,4,4,4,4
pid_1596,1,2,2,2,1,4,2,4,4,4,4,4,3,4,2,4,4,4,1,3,2,3,1,2,4,2,1,3,1,3,3,2,3,4,2,1,2,3,2,3,1,1,3,3,3,2,2,1,1,3,4,4,3,2,4,4,3,1,1,1,1,1,4,4,4,4,4,2,1,4,1,4,2,2,1,1,3,4,1,4,1,4,1,4,3,2,4,4,2,2,3
pid_815,1,1,1,1,1,3,2,4,4,4,4,4,2,4,4,4,4,4,1,2,1,2,1,2,2,1,2,2,1,2,1,2,3,3,2,1,1,3,2,1,1,1,2,3,3,2,3,2,1,3,4,4,4,3,4,4,4,1,4,1,2,1,4,4,3,4,4,1,1,4,2,4,2,2,1,3,3,4,1,4,1,4,1,4,3,2,1,1,1,1,1
pid_1926,1,1,1,2,2,2,1,4,4,4,4,1,1,4,4,4,4,4,1,1,1,2,2,2,2,2,2,2,1,2,2,2,3,3,2,1,1,3,2,3,1,1,3,3,3,2,2,1,2,1,4,4,4,3,4,4,4,1,2,1,2,2,4,4,2,4,4,1,2,4,2,4,2,1,1,2,3,4,1,4,1,4,1,4,3,1,1,1,1,1,1
pid_658,1,1,2,2,1,4,2,4,4,4,4,2,1,4,4,4,4,4,1,2,1,3,2,3,4,2,3,3,2,2,2,2,3,3,2,1,2,3,2,3,1,2,3,3,3,3,2,2,2,1,4,4,4,3,4,4,4,4,3,2,2,2,4,4,2,4,4,2,2,4,2,3,3,3,1,3,3,3,1,4,2,4,1,4,3,2,1,2,2,3,3
pid_1968,1,1,1,1,1,4,1,4,4,4,4,4,4,4,2,3,4,4,1,2,1,2,1,1,4,4,2,4,1,4,4,3,4,4,2,1,3,4,3,1,1,1,3,3,3,3,2,2,1,3,2,3,2,1,2,1,2,1,1,1,1,1,4,4,4,4,4,1,2,3,1,2,3,2,1,1,4,4,1,4,1,4,1,4,4,3,1,3,4,2,1
pid_1115,1,1,1,3,1,3,1,4,4,4,4,4,4,2,2,2,4,4,1,2,1,1,2,2,2,1,3,3,3,1,2,3,3,4,3,3,3,2,3,4,1,1,3,3,3,3,3,2,3,3,2,3,4,4,3,2,3,1,1,1,1,1,3,3,1,1,2,3,3,4,4,3,3,3,2,2,3,3,1,2,3,4,1,4,3,1,1,2,1,3,2
pid_51,1,1,1,2,1,4,1,4,4,4,4,2,2,4,4,4,4,4,1,2,1,2,2,2,4,1,3,3,2,1,2,3,3,3,2,1,2,2,2,1,1,1,3,2,3,2,2,2,2,2,4,4,4,3,4,4,4,2,1,1,2,2,4,4,1,3,2,2,2,3,3,4,3,2,2,3,3,1,1,4,2,4,1,4,3,1,1,1,1,2,1
pid_371,1,1,1,2,1,2,1,3,4,4,4,2,1,4,4,4,4,4,1,1,1,2,2,3,1,1,4,4,4,1,2,3,2,4,3,3,3,1,1,3,2,1,3,2,3,2,3,1,3,1,4,4,4,4,4,4,4,4,4,2,2,3,3,4,1,1,2,1,4,4,4,3,4,2,3,4,2,2,1,4,4,4,1,4,3,1,1,1,1,4,1
pid_616,1,2,1,2,2,4,3,4,4,4,4,4,2,4,3,4,4,4,2,3,2,3,3,3,4,2,2,3,2,3,3,2,4,4,3,1,2,3,3,2,1,2,3,3,3,3,2,2,2,3,3,4,4,2,4,4,4,2,4,1,2,1,4,4,4,4,4,1,2,3,2,3,3,3,1,2,4,4,1,4,2,4,1,4,3,3,3,3,3,3,3
pid_1472,1,1,1,1,1,3,2,4,4,4,4,1,1,2,4,3,3,4,1,2,2,2,2,2,3,3,2,3,1,4,3,2,3,3,2,2,1,4,3,2,1,1,3,3,2,3,2,2,1,2,3,3,3,2,3,3,3,2,1,2,4,2,4,4,4,4,4,1,1,4,4,3,3,1,1,2,4,4,1,4,1,4,1,4,3,3,1,2,2,2,2
pid_1021,2,1,1,2,1,4,3,4,4,4,4,4,4,2,1,2,4,4,3,4,4,4,3,4,4,3,4,4,2,4,3,4,4,4,4,2,4,4,4,2,1,3,3,3,4,3,3,1,1,4,2,2,3,2,2,2,2,1,1,1,1,1,4,4,1,4,4,1,4,2,1,2,4,4,1,1,4,4,1,4,1,4,1,4,4,3,4,4,4,4,4
pid_245,1,1,1,2,1,1,1,4,4,4,4,1,2,3,2,3,3,4,1,2,1,3,3,3,1,1,4,4,3,2,2,4,3,3,3,3,3,3,3,2,2,1,3,3,3,3,3,1,3,3,2,4,4,4,4,2,2,1,1,1,1,1,3,4,1,1,1,2,3,4,4,4,3,3,1,2,3,2,1,2,3,4,1,4,2,1,1,1,1,2,2
pid_722,1,2,1,3,3,4,2,4,4,4,4,3,2,4,4,2,4,4,1,2,1,2,1,2,4,1,2,3,2,2,2,3,4,3,3,1,2,4,2,1,1,1,3,3,3,3,2,2,2,2,4,4,4,3,4,4,4,4,4,3,3,2,4,4,4,4,4,2,2,4,2,3,3,2,1,3,3,3,1,4,2,4,1,4,3,3,3,3,2,3,2
pid_1546,1,1,1,1,1,4,1,4,4,4,4,4,3,2,2,2,2,3,1,2,1,2,1,1,4,3,2,4,1,4,3,2,3,3,2,1,1,4,3,1,1,1,3,3,3,3,2,2,1,3,2,2,2,2,2,2,2,1,1,1,1,1,4,4,4,4,4,1,3,4,1,3,3,2,1,2,4,4,1,4,2,4,1,4,4,3,1,1,3,1,1
pid_1812,1,1,1,1,1,3,1,4,4,4,4,4,3,4,2,4,4,4,1,2,1,2,1,2,3,2,2,3,1,3,2,2,3,2,2,1,2,3,3,1,1,1,3,3,2,2,2,2,1,2,3,4,4,2,4,4,2,1,1,1,1,1,4,4,4,4,4,2,2,3,2,4,2,2,1,2,4,3,1,4,1,4,1,4,3,2,2,2,2,2,1
pid_591,1,1,2,2,1,4,1,4,4,4,4,2,1,4,4,4,4,4,1,1,1,1,1,1,4,1,2,3,2,1,2,2,3,3,2,1,2,2,1,2,1,1,2,2,2,2,2,1,2,1,4,4,4,4,4,4,4,4,4,3,4,3,4,4,2,2,4,2,1,4,3,4,3,2,2,3,3,2,1,4,2,4,1,4,2,1,1,1,1,3,1
pid_1292,1,1,1,2,1,1,1,4,4,4,4,3,2,4,2,4,4,4,1,2,1,2,1,2,1,2,2,3,1,3,3,2,4,3,2,1,2,3,3,2,1,1,3,3,3,2,2,2,1,3,3,4,2,2,3,3,2,2,1,1,2,1,4,4,4,4,4,1,3,4,2,4,3,3,1,2,4,3,1,4,3,4,1,4,3,2,1,1,2,2,1
pid_1508,1,1,1,3,1,3,3,4,4,4,3,3,1,4,3,4,4,4,1,2,1,2,2,3,3,1,3,3,3,2,2,3,4,4,3,3,2,3,2,3,3,2,3,3,3,3,2,2,3,1,4,4,4,3,4,4,4,4,3,3,4,4,4,4,1,4,4,2,2,4,3,3,3,2,2,3,3,2,1,4,1,4,1,4,2,2,2,2,1,4,1
pid_81,2,1,1,1,3,4,3,4,4,4,4,1,3,2,2,2,2,4,3,3,2,3,2,2,4,3,2,4,1,4,3,3,4,3,2,1,2,4,4,1,1,2,3,3,3,3,3,2,1,3,3,3,4,3,3,3,3,1,2,1,3,2,4,4,4,4,4,1,2,3,1,3,3,2,1,2,4,3,1,4,1,4,1,4,3,3,3,4,4,3,3
pid_1338,2,1,1,1,1,4,2,4,4,4,4,1,2,4,3,4,4,4,1,2,2,2,1,2,4,2,2,3,1,3,3,2,4,3,2,1,2,3,3,1,1,1,3,3,3,3,2,2,1,3,3,3,2,2,3,4,3,1,2,2,2,1,4,4,4,4,4,1,2,3,2,3,3,1,1,2,4,4,1,4,1,4,1,4,3,3,3,4,3,3,2
pid_921,1,1,1,3,1,3,1,2,4,4,4,2,3,2,2,2,2,4,1,2,2,2,2,2,2,1,3,2,2,3,2,3,4,4,2,2,2,3,3,1,1,1,3,3,3,3,2,3,1,3,2,3,3,2,2,2,2,1,1,1,1,1,3,4,1,2,4,2,3,4,2,4,3,2,1,2,3,4,1,2,1,4,1,4,3,1,1,2,1,1,1
pid_475,1,1,1,3,2,3,1,4,4,4,4,3,1,4,4,4,4,4,1,2,1,3,2,3,3,1,3,4,2,1,2,3,4,3,1,1,3,3,2,1,2,2,3,3,2,3,2,2,2,2,4,4,4,3,4,4,3,2,2,2,2,1,4,4,1,2,3,2,2,4,2,4,3,3,2,3,3,3,1,4,1,4,1,4,2,2,3,3,2,3,3
pid_1611,1,1,1,2,1,3,1,4,4,4,4,2,1,4,4,4,4,4,1,2,1,2,1,2,2,1,2,3,1,2,2,2,2,3,2,1,2,3,2,1,1,1,2,3,2,2,2,2,2,1,4,4,4,3,4,4,4,4,4,3,3,2,4,4,2,3,4,1,2,4,2,4,2,2,1,3,3,3,1,4,2,4,1,4,3,2,1,1,1,2,1
pid_1376,1,1,1,1,3,4,1,4,4,4,4,4,2,2,3,3,4,4,1,1,1,2,1,2,4,1,2,3,1,2,2,2,3,2,1,1,1,4,2,1,1,1,3,3,3,2,2,2,2,2,4,4,3,2,3,3,4,4,4,2,3,2,4,4,4,4,4,1,3,4,3,3,2,2,1,2,3,4,1,4,2,4,1,4,3,2,1,1,1,1,1
pid_688,1,1,1,1,1,4,1,2,1,4,2,1,4,4,2,4,4,4,1,2,2,4,3,3,4,1,4,4,4,1,2,4,2,4,3,3,4,2,1,4,2,2,3,2,3,3,3,2,3,3,4,3,4,3,2,3,4,1,1,1,1,1,4,4,1,1,1,1,3,4,1,2,4,4,3,2,4,1,1,1,4,3,1,4,2,1,1,2,1,1,3
pid_112,1,1,1,1,1,2,1,4,4,4,4,1,2,4,4,4,4,4,1,2,1,1,1,1,4,1,2,2,1,1,1,1,3,2,2,1,1,3,2,1,1,1,2,3,2,2,2,1,2,1,4,4,4,3,4,4,4,4,2,1,3,1,4,4,2,4,4,1,1,4,2,4,2,1,1,2,4,4,1,4,2,4,1,4,3,1,1,1,1,2,1
pid_744,1,2,1,2,1,3,1,2,1,2,2,3,1,4,4,4,4,4,1,2,1,2,3,3,2,1,4,4,4,1,2,4,2,3,3,3,2,2,1,4,3,1,2,2,2,2,3,1,3,1,4,4,4,4,4,4,4,2,2,2,2,2,3,3,1,1,1,2,3,4,1,3,4,3,3,4,2,1,1,2,4,4,1,4,2,1,1,1,1,3,3
pid_1520,1,1,1,3,1,1,1,3,2,4,4,2,1,4,4,4,4,4,1,1,1,2,2,2,1,1,3,3,2,2,2,3,4,3,2,3,2,2,2,3,2,1,3,3,2,2,2,2,2,1,4,4,4,3,4,4,4,4,4,3,4,3,3,4,1,2,4,1,2,4,3,4,3,2,2,3,3,2,1,3,2,4,1,4,2,1,1,1,1,2,1
pid_1047,1,1,1,2,1,2,1,4,2,4,4,1,1,4,4,4,4,4,1,2,1,2,2,3,1,1,4,3,3,1,1,3,2,3,2,2,2,1,1,3,1,1,2,2,2,2,3,1,3,1,4,4,4,3,4,4,4,4,4,2,3,3,3,2,1,1,1,1,3,4,4,4,4,2,3,4,2,2,1,2,4,4,1,4,2,1,1,1,1,2,1
pid_223,1,1,1,1,1,1,1,3,1,4,2,1,2,4,4,4,4,4,1,2,1,2,2,2,1,1,4,4,4,1,3,4,2,4,3,4,3,2,2,1,3,1,3,2,3,2,3,2,3,1,3,4,4,2,3,3,4,2,1,1,4,2,4,4,1,1,1,1,4,4,1,2,4,3,1,2,2,3,1,2,4,4,1,4,1,1,1,1,1,1,1
pid_1009,1,2,1,1,1,4,2,4,4,4,4,1,3,4,2,3,4,4,2,4,2,4,2,3,4,3,2,3,2,3,3,4,4,4,3,2,2,4,3,3,2,2,3,3,3,3,2,2,2,3,2,3,4,2,3,2,3,1,1,1,1,1,4,4,4,4,4,1,3,4,1,3,3,2,1,2,4,4,1,4,1,4,1,4,3,3,3,3,2,3,3
pid_1874,1,2,2,3,1,1,1,3,4,4,4,3,3,4,4,3,4,4,1,4,2,4,3,3,1,3,3,4,3,3,3,3,4,4,3,3,3,4,3,3,2,2,3,3,3,3,3,2,3,3,3,4,4,3,4,4,2,1,1,2,3,2,1,2,2,2,4,2,2,4,2,2,4,3,2,3,3,3,1,4,1,4,1,2,3,2,3,2,2,4,3
pid_1793,2,2,3,3,1,3,3,4,4,4,4,4,1,4,4,2,2,4,2,4,4,4,4,4,4,1,4,2,4,2,2,4,4,4,4,2,3,3,2,4,3,4,3,3,3,3,3,2,3,2,3,4,4,3,4,3,4,2,1,4,4,4,4,4,1,1,1,3,3,4,1,2,3,3,2,3,3,3,1,2,1,4,1,4,2,1,3,3,3,3,4
pid_947,1,1,1,2,1,3,2,4,4,4,4,2,3,4,2,2,4,4,1,2,2,2,2,2,3,2,3,4,2,2,3,3,4,3,2,1,2,3,2,1,1,1,3,3,2,3,2,2,2,3,3,3,4,2,4,3,3,1,1,1,2,1,4,4,2,4,4,1,2,4,2,4,3,3,2,2,3,3,1,4,2,4,1,4,3,2,1,1,2,2,1
pid_3,1,2,1,2,3,2,1,4,4,4,4,1,1,4,4,4,4,4,1,2,1,2,2,2,3,1,3,3,2,1,2,3,3,3,2,1,2,2,2,3,2,2,3,3,3,2,2,2,2,1,4,4,4,3,4,4,4,4,4,4,4,3,4,4,2,3,4,1,2,4,2,3,3,3,2,4,3,3,1,4,2,4,1,4,2,1,2,3,2,3,2
pid_1639,1,1,2,2,1,1,1,3,3,4,3,1,1,4,4,4,4,4,1,1,1,2,2,2,1,1,4,4,4,1,2,3,2,4,3,3,2,2,1,4,3,1,3,2,2,3,4,1,3,1,4,4,4,4,4,4,4,3,3,2,2,3,3,4,1,1,2,1,3,4,4,3,4,3,3,4,2,2,1,4,3,4,1,4,2,1,1,2,1,2,2
pid_1310,1,2,2,2,1,4,1,4,4,4,4,4,3,4,2,2,4,4,2,3,2,3,2,2,4,2,2,4,2,3,3,3,4,4,3,1,2,3,3,2,2,2,3,3,3,2,3,1,1,3,3,4,3,2,4,4,2,1,1,1,2,1,4,4,3,4,4,1,3,3,2,3,3,3,1,2,4,3,1,4,1,4,1,4,3,3,2,4,3,3,2
pid_909,1,1,1,3,1,4,1,4,4,4,4,3,3,4,3,4,4,4,2,3,2,3,3,3,3,2,3,3,2,2,2,4,4,4,3,3,4,3,2,4,2,1,3,3,3,3,3,2,3,3,4,4,4,3,4,4,3,1,1,1,1,1,4,4,1,2,4,3,2,4,4,3,3,3,2,2,3,3,1,4,2,4,1,4,3,2,1,2,2,3,2
pid_174,1,1,1,1,1,4,2,4,2,4,2,4,2,4,3,3,4,4,1,4,3,4,4,3,4,1,4,4,4,1,3,4,3,4,3,3,3,3,3,4,3,3,3,3,3,3,3,2,3,2,4,4,4,3,4,4,4,2,3,2,3,2,4,2,1,1,1,1,3,4,4,3,4,3,1,3,3,2,1,2,4,4,1,4,3,1,3,2,1,4,3
pid_1990,1,1,1,1,1,2,2,4,4,4,4,1,2,2,4,2,2,4,1,1,1,1,2,1,2,2,2,2,1,3,2,2,3,2,2,1,1,4,3,2,1,1,3,3,3,2,2,1,1,2,3,3,2,2,3,3,3,1,1,1,2,1,4,4,4,4,4,1,1,4,1,4,3,2,1,3,4,4,1,4,1,4,1,4,3,2,1,1,1,3,1
pid_413,1,1,1,2,3,4,2,4,4,4,4,1,1,4,4,4,4,4,1,1,1,1,1,2,4,2,2,3,1,2,2,2,3,2,1,2,2,3,3,3,1,1,2,2,2,2,2,1,2,1,4,4,4,4,4,4,4,4,1,4,3,4,4,4,2,4,4,2,2,4,3,4,2,1,1,4,3,3,1,4,1,4,1,4,2,2,1,1,1,1,1
pid_1677,1,1,1,1,1,1,1,1,1,4,2,1,4,4,4,4,4,4,1,2,1,2,3,3,1,1,4,4,4,1,1,4,3,3,4,3,4,2,2,1,3,1,3,2,2,2,4,1,4,1,4,4,4,3,4,4,4,2,1,1,1,1,1,1,1,1,1,1,4,4,1,3,4,4,3,3,4,1,1,2,4,4,1,3,4,1,1,1,1,2,1
pid_389,1,1,1,2,2,4,1,4,4,4,4,4,1,4,4,4,4,4,1,1,1,1,1,2,3,1,2,3,1,1,1,2,2,2,1,1,2,3,2,1,1,1,2,3,2,2,2,2,2,1,4,4,4,3,4,4,4,4,4,2,4,3,4,4,2,4,4,1,1,4,2,4,2,1,1,3,3,3,1,4,2,4,1,4,2,1,1,1,1,1,1
pid_1224,1,1,1,1,1,2,1,4,2,4,4,1,1,4,4,4,4,4,1,2,1,2,2,2,1,1,4,3,4,1,2,4,2,4,2,3,3,2,1,4,1,1,2,2,2,2,4,1,4,1,4,4,4,4,4,4,4,3,4,1,2,3,2,4,1,1,2,1,3,4,4,4,4,4,4,4,1,1,1,4,4,4,1,4,1,1,1,1,1,2,3
pid_527,1,2,1,2,4,4,3,4,4,4,4,4,1,4,4,4,4,4,1,2,2,3,2,2,4,1,3,4,3,2,2,4,4,3,3,2,2,3,2,3,2,2,3,3,3,2,3,1,2,1,4,4,4,3,4,4,4,4,3,2,2,2,4,4,4,4,4,1,2,4,4,4,3,3,2,3,3,2,1,4,2,4,1,4,2,3,3,3,3,4,3
pid_1743,2,1,2,3,1,4,2,4,4,4,4,3,1,4,4,4,4,4,1,3,2,4,3,3,4,2,3,3,2,3,2,3,4,4,3,1,2,3,3,2,2,2,3,3,3,2,3,1,2,2,4,3,4,3,3,4,3,4,2,2,3,3,4,4,2,4,4,2,2,4,2,3,4,2,2,4,3,2,1,4,1,4,1,4,2,3,3,4,2,3,1
pid_2052,1,1,1,1,1,4,1,4,4,4,4,1,1,4,4,4,4,4,1,1,1,2,1,1,4,2,2,3,1,3,4,2,3,4,1,1,1,3,3,1,1,1,3,3,3,2,2,2,1,1,4,4,4,2,4,4,4,4,1,1,4,1,4,4,4,4,4,1,1,4,1,4,2,1,1,2,4,4,1,4,2,4,1,4,4,2,1,1,1,1,1
pid_794,1,1,1,1,2,3,1,4,4,4,4,1,3,4,3,4,4,4,1,1,1,1,1,1,3,2,2,3,1,3,3,2,3,3,2,1,1,4,3,1,1,1,3,3,2,2,2,2,1,2,4,4,2,2,4,3,2,1,1,1,1,1,4,4,4,4,4,1,1,2,1,3,2,1,1,1,3,4,1,4,1,4,1,4,4,2,1,1,2,2,1
pid_873,1,1,3,2,1,3,2,2,1,4,2,4,3,4,2,2,1,4,1,3,2,3,3,3,2,1,4,4,4,1,2,4,2,4,4,4,4,2,2,4,3,2,3,2,3,3,3,2,3,3,2,3,4,3,2,3,2,1,1,1,2,1,2,2,1,1,1,2,4,4,1,2,4,4,1,2,3,2,1,1,4,4,1,4,2,1,2,2,1,4,3
pid_1097,1,1,1,2,1,1,1,4,4,4,4,1,2,2,3,2,2,4,1,2,1,2,2,2,2,1,3,3,1,2,2,3,3,3,2,1,2,3,3,3,1,1,2,3,2,2,2,2,2,2,4,3,4,3,3,4,4,1,1,2,2,2,4,4,2,4,4,2,3,3,2,3,3,2,2,3,3,3,1,4,2,4,1,4,3,2,1,1,1,2,1
pid_569,1,1,1,1,1,1,1,2,2,4,4,1,1,4,4,4,4,4,1,1,1,2,2,2,1,1,4,4,3,1,1,3,1,2,2,2,2,2,1,2,1,1,2,3,2,2,3,1,3,1,4,4,4,4,3,4,4,3,4,2,3,2,3,3,1,1,2,1,3,4,1,4,4,2,3,3,3,2,1,2,3,4,1,4,2,1,1,1,1,2,2
pid_79,1,2,1,1,3,4,1,4,4,4,4,1,2,4,4,4,4,4,1,2,2,2,2,2,3,1,2,3,2,1,2,2,3,3,2,1,2,3,2,2,2,1,3,3,2,2,2,2,2,1,4,4,4,3,4,4,4,4,4,1,3,2,4,4,2,3,4,1,2,3,3,3,3,2,2,3,3,2,1,4,1,4,1,4,2,1,1,1,2,2,1
pid_1940,1,1,1,2,1,1,1,3,4,4,4,2,1,4,4,4,4,4,1,1,1,1,2,2,1,1,4,3,3,1,2,4,2,3,3,3,3,2,1,4,2,1,3,2,2,2,3,1,3,1,4,4,4,4,4,4,4,3,4,2,4,2,3,3,1,1,2,1,4,4,1,4,4,3,2,4,1,2,1,4,4,4,1,4,2,1,1,1,1,2,1
pid_359,1,1,1,2,1,1,2,4,3,4,4,4,3,3,3,2,2,4,1,2,1,1,2,2,1,1,3,3,3,1,2,4,3,4,3,2,2,3,3,1,2,1,3,3,2,3,3,1,3,1,4,4,4,4,4,4,4,2,1,2,3,3,3,3,2,4,4,1,3,4,3,3,3,3,2,3,3,2,1,4,2,4,1,4,2,1,1,2,1,2,1
pid_670,1,1,1,1,1,4,2,4,4,4,4,3,1,4,4,4,4,4,1,2,2,2,2,2,4,2,2,2,2,3,2,2,2,3,2,1,2,3,3,1,1,1,3,3,3,3,2,1,1,1,4,4,4,3,4,4,4,3,4,2,2,2,4,4,2,4,4,1,1,4,2,3,2,1,1,2,3,3,1,4,1,4,1,4,3,2,2,2,2,2,2
pid_1414,1,1,2,1,1,1,1,4,2,4,4,3,1,4,4,4,4,4,1,2,2,2,2,2,1,1,4,4,4,1,2,3,2,4,2,1,3,1,1,3,2,1,2,2,3,2,3,2,3,1,4,4,4,3,4,4,4,1,4,2,2,2,3,2,1,2,2,1,3,4,4,4,4,3,3,3,2,2,1,4,4,4,1,4,2,1,1,1,1,2,3
pid_997,1,1,2,1,1,4,1,4,4,4,4,4,4,4,1,2,4,4,1,2,1,2,2,2,4,2,3,4,2,2,2,3,4,3,2,1,2,3,3,1,1,1,3,3,3,2,2,3,1,4,2,3,4,2,2,3,1,1,1,1,1,1,4,4,1,4,4,1,3,3,2,3,3,3,1,2,3,3,1,4,1,4,1,4,3,2,1,2,1,2,2
pid_37,2,2,1,1,3,4,4,4,4,4,4,1,4,4,2,2,2,4,1,2,1,2,1,2,4,3,2,4,1,4,4,4,4,4,2,1,4,4,4,1,1,1,3,3,3,3,3,1,1,3,3,4,4,1,4,4,4,1,4,1,3,1,4,4,4,4,4,1,3,2,1,3,4,2,1,2,4,4,1,4,1,4,1,4,4,4,4,4,4,2,4
pid_1173,1,1,1,1,1,3,1,4,4,4,4,4,3,3,3,2,4,4,1,2,1,4,1,3,2,2,2,3,1,3,3,2,3,3,2,1,2,3,3,2,1,1,3,3,3,3,2,2,2,3,3,3,4,2,3,3,4,1,1,1,2,1,4,4,2,4,4,1,2,3,1,3,2,2,1,2,3,3,1,4,2,4,1,4,3,2,2,1,2,2,1
pid_317,1,1,1,1,1,1,1,4,4,4,4,4,1,4,4,4,4,4,1,2,1,2,1,1,1,2,2,2,1,3,1,2,2,2,2,1,1,3,2,1,1,1,3,3,3,2,2,2,2,1,4,4,4,3,4,4,4,4,4,1,4,2,4,4,4,4,4,1,1,4,2,4,2,2,1,2,3,4,1,4,2,4,1,4,3,1,1,1,1,1,1
pid_274,1,1,1,1,1,1,1,4,2,4,4,4,1,4,4,4,4,4,1,2,1,2,3,2,1,1,4,4,4,1,1,3,2,3,2,3,1,1,1,2,2,1,3,2,2,3,3,2,4,1,4,4,4,4,4,4,4,4,4,3,3,4,1,2,1,1,1,1,4,4,4,2,4,4,4,3,1,1,1,4,4,4,1,4,1,1,1,1,1,2,1
pid_1010,1,1,1,2,1,4,1,4,4,4,4,2,1,4,4,4,4,4,1,1,1,2,1,2,4,2,2,3,2,2,2,3,3,3,2,1,2,3,1,2,1,1,2,3,3,2,2,1,1,1,4,4,4,3,4,4,4,4,4,2,4,2,4,4,1,4,4,1,2,4,3,3,3,2,2,3,3,3,1,4,1,4,1,4,2,1,1,1,1,1,1
pid_1577,1,1,1,2,1,4,1,4,4,4,4,3,2,4,4,4,4,4,1,2,2,2,2,2,4,1,2,3,2,2,2,2,3,3,2,1,2,3,2,1,2,1,2,3,3,2,2,2,2,2,4,4,4,3,4,4,4,2,2,1,2,2,4,4,3,4,4,2,2,3,3,4,2,2,2,3,3,3,1,4,1,4,1,4,3,2,2,2,2,2,2
pid_713,1,1,1,1,1,1,1,4,4,4,4,1,1,4,4,4,4,4,1,2,1,2,2,2,1,2,2,2,1,3,2,2,3,2,2,1,2,3,2,1,1,1,2,3,2,2,2,1,1,1,4,4,4,2,4,4,4,3,4,2,3,1,4,4,4,4,4,1,2,3,2,3,2,2,1,3,3,3,1,4,1,4,1,4,3,2,1,1,1,2,1
pid_1823,1,1,1,2,2,1,1,3,2,3,2,1,3,2,3,3,3,4,1,1,1,1,2,2,1,1,4,4,3,1,2,3,2,4,2,3,2,2,2,3,1,1,2,2,2,2,3,1,2,1,4,4,4,4,4,4,4,1,1,1,1,1,2,2,1,1,2,2,3,4,1,4,4,2,2,3,3,2,1,4,3,4,1,4,2,1,1,1,1,1,2
pid_1539,1,1,1,1,1,3,1,4,4,4,4,3,1,4,3,4,4,4,1,2,2,2,1,2,3,3,2,4,1,3,3,3,4,4,2,1,3,4,3,1,1,1,3,3,3,3,2,2,1,1,4,3,3,2,4,4,2,3,1,1,3,2,4,4,4,4,4,1,3,3,3,3,3,2,1,2,3,4,1,4,1,4,1,4,3,3,1,3,3,2,1
pid_390,1,1,1,1,2,2,1,3,2,4,4,1,1,4,4,4,4,4,1,1,1,3,2,3,1,1,4,3,4,1,1,3,2,3,2,3,3,2,2,4,2,1,2,2,2,2,3,2,3,1,4,4,4,4,4,4,4,4,2,2,3,4,3,4,1,1,1,1,3,4,4,4,4,3,3,3,1,1,1,2,4,4,1,4,1,1,1,1,1,3,2
pid_1989,1,1,1,2,2,1,1,3,3,4,4,1,2,4,3,4,4,4,1,1,1,2,2,2,1,1,3,3,2,1,1,2,2,3,2,1,2,2,2,2,1,1,2,2,2,2,3,1,3,1,4,4,4,4,4,4,4,1,1,1,1,1,4,4,1,1,2,2,2,4,4,4,4,2,2,2,2,3,1,3,1,4,1,4,2,1,1,1,1,2,1
pid_910,1,1,3,1,1,1,2,1,1,4,2,4,1,4,3,4,4,4,1,2,1,3,3,3,1,1,4,4,4,1,2,3,1,4,3,3,3,1,2,2,3,1,3,2,3,2,3,2,4,1,4,4,4,4,4,4,4,2,1,1,2,1,2,2,1,1,2,1,4,4,4,4,4,4,3,3,3,2,1,2,4,4,1,4,1,1,1,1,1,4,2
pid_1493,1,1,1,1,1,2,1,4,4,4,4,1,4,4,2,4,4,4,1,1,1,1,1,1,2,2,2,3,1,4,3,2,2,3,1,1,2,3,2,2,1,1,3,3,2,2,2,2,1,2,4,4,3,1,4,4,3,1,1,1,1,1,4,4,4,4,4,1,4,2,1,3,2,4,1,1,4,4,1,4,1,4,1,4,4,2,1,1,1,2,1
pid_1309,1,3,2,1,1,1,1,1,1,4,1,4,4,2,2,2,4,4,1,3,2,3,3,3,1,1,4,4,4,1,2,4,3,3,3,3,3,2,2,4,3,2,3,3,3,3,4,2,4,3,2,4,4,4,2,2,4,1,1,1,1,1,1,1,1,1,1,1,3,4,1,2,4,4,1,2,4,1,1,1,4,4,1,4,3,1,1,2,1,3,4
pid_1620,1,1,1,1,1,1,1,4,4,4,4,1,1,4,4,4,4,4,1,1,1,2,1,1,1,1,4,4,4,1,1,3,2,4,2,1,2,1,2,3,1,1,2,2,2,2,3,2,3,1,4,4,4,4,4,4,4,4,2,2,2,2,4,4,1,2,3,1,2,4,4,3,3,3,3,3,3,1,1,4,2,4,1,4,2,1,1,1,1,2,1
pid_444,1,1,1,1,1,1,1,3,1,4,3,1,2,4,3,4,4,4,1,2,2,2,2,2,1,1,4,4,4,1,2,3,3,4,3,2,3,1,2,2,2,1,3,2,2,2,3,1,3,3,4,4,4,4,4,3,3,2,1,1,1,1,3,3,1,2,1,1,3,4,1,3,4,3,2,3,3,2,1,2,2,4,1,4,3,1,1,1,1,2,2
pid_123,1,1,1,2,2,3,1,2,1,2,1,1,1,4,3,4,4,4,1,2,1,4,4,4,2,1,4,3,4,1,2,4,3,4,3,4,3,1,2,1,3,2,3,3,3,3,3,2,4,1,4,4,4,4,4,4,4,4,2,2,2,1,3,3,1,1,1,2,3,4,4,3,4,3,1,3,3,2,1,2,4,4,1,4,2,1,2,2,1,2,2
pid_1347,3,3,1,2,2,4,3,4,4,4,4,3,4,4,3,4,4,4,3,3,2,1,3,3,4,2,2,3,2,3,2,3,4,4,2,2,2,3,2,3,2,3,3,3,3,3,2,2,2,3,3,3,2,3,4,3,4,1,4,1,2,1,4,4,4,4,4,2,2,4,1,4,3,1,1,2,4,3,1,4,1,4,1,4,3,3,3,4,3,4,4
pid_1714,1,1,1,1,1,1,1,2,2,4,3,1,1,4,4,3,4,4,1,1,1,1,2,2,1,1,4,3,4,1,2,4,2,4,3,3,2,1,1,3,1,1,2,2,2,3,3,1,3,1,4,4,4,4,4,4,4,2,1,2,2,2,2,2,1,2,2,1,3,4,1,4,4,3,3,3,2,2,1,4,3,4,1,4,1,1,1,1,1,1,1
pid_2005,1,1,1,1,1,1,1,4,4,4,4,2,2,4,4,4,4,4,1,2,1,2,2,2,3,2,2,3,1,2,2,3,3,3,2,1,2,3,2,1,1,1,3,3,3,3,2,1,2,1,4,4,4,3,4,4,4,2,4,1,2,1,4,4,1,4,4,1,2,3,1,3,3,3,1,2,4,3,1,4,1,4,1,4,3,2,1,1,1,3,1
pid_570,1,2,1,1,4,4,3,4,4,4,4,1,1,4,4,3,4,4,1,3,2,3,2,2,4,2,2,4,1,3,3,3,4,3,2,1,1,4,3,1,1,2,3,3,3,3,2,2,1,1,4,4,4,2,3,4,4,4,4,2,4,2,4,4,4,4,4,1,4,4,1,3,4,2,1,2,4,3,1,4,1,4,1,4,3,2,3,3,3,2,1
pid_1273,1,1,1,1,1,1,1,2,2,4,2,1,1,4,4,4,4,4,1,2,1,2,2,2,1,1,4,3,4,1,2,4,2,3,3,3,3,2,2,3,2,1,3,2,2,2,3,2,3,1,4,4,4,4,4,4,4,3,4,1,1,1,2,2,1,1,2,1,3,4,4,3,4,4,3,2,2,2,1,4,4,4,1,4,3,1,1,1,1,3,1
pid_824,1,1,1,1,1,3,3,4,4,4,4,1,1,4,4,4,4,4,1,1,1,2,1,2,3,1,2,2,1,3,3,2,3,3,2,1,2,3,3,1,1,1,3,3,2,2,2,1,1,1,4,4,4,3,4,4,3,4,4,2,4,2,4,4,4,4,4,1,1,3,1,3,2,1,1,3,3,3,1,4,2,4,1,4,3,2,1,2,2,2,1
pid_494,1,2,1,1,2,4,3,4,4,4,4,4,3,3,3,4,4,4,1,2,1,2,1,2,4,1,2,2,1,3,3,2,4,3,2,2,2,4,3,3,1,1,3,3,3,2,2,2,1,3,3,2,4,2,3,4,4,1,1,1,1,1,4,4,4,4,4,2,2,3,2,3,3,2,1,3,3,3,1,4,1,4,1,4,3,3,2,2,2,3,1
pid_1917,1,1,1,1,1,2,1,4,4,4,4,4,1,4,4,4,4,4,1,3,2,4,2,2,2,2,2,3,1,3,2,2,4,3,2,1,2,4,4,1,1,1,3,3,3,3,2,1,1,1,4,4,4,3,4,4,3,4,3,1,4,2,4,4,4,4,4,1,1,4,1,3,2,3,1,2,4,4,1,4,1,4,1,4,3,2,1,1,1,1,1
pid_669,1,2,3,2,1,3,1,2,1,4,2,4,3,4,3,4,4,4,1,2,1,2,2,3,2,1,4,4,4,1,3,4,2,4,3,3,2,1,2,4,3,1,3,2,3,3,3,1,3,3,2,4,4,4,4,4,4,1,1,1,1,1,4,2,1,1,2,2,3,4,4,4,4,3,2,3,3,1,1,2,3,4,1,4,2,1,2,3,1,4,4
pid_1397,1,1,1,1,1,2,2,4,4,4,4,1,1,4,4,4,4,4,1,2,1,2,2,2,2,1,2,2,1,3,2,2,3,3,2,1,2,3,2,1,1,1,3,3,3,3,2,2,1,1,4,4,4,3,4,4,4,4,4,2,4,2,4,4,4,4,4,1,1,3,2,3,2,2,1,2,3,3,1,4,1,4,1,4,3,2,1,1,1,2,1
pid_340,1,1,1,2,1,3,2,2,1,4,2,3,4,4,2,2,4,4,1,3,2,3,3,3,2,1,4,4,4,1,2,4,3,4,3,2,3,3,2,2,2,2,3,3,3,3,3,1,3,4,3,4,4,4,3,4,4,1,1,1,1,1,3,2,1,1,1,2,4,4,4,2,4,4,2,3,4,2,1,2,4,4,1,4,2,1,3,3,1,3,2
pid_60,1,1,1,2,1,2,1,2,1,4,4,1,1,4,4,4,4,4,1,1,1,2,2,2,2,1,4,3,2,1,1,4,2,4,2,3,3,2,2,3,1,1,3,2,2,2,3,2,3,1,4,4,4,4,4,4,3,2,1,2,2,1,2,4,1,1,2,2,3,4,4,3,4,3,2,3,2,1,1,1,4,4,1,4,1,1,1,1,1,4,1
pid_1959,1,2,1,2,1,4,1,4,4,4,4,4,3,4,2,4,4,4,1,3,2,3,3,4,4,1,3,4,3,3,3,3,4,4,3,2,3,2,2,3,2,2,3,3,3,3,3,3,3,3,3,4,3,2,4,3,3,1,1,1,1,1,4,4,1,4,4,2,3,4,2,4,4,3,1,2,3,3,1,4,1,4,1,4,3,2,3,3,3,3,4
pid_1124,1,1,1,1,2,4,1,4,4,4,4,4,3,2,2,2,2,3,2,2,2,2,1,2,4,3,2,3,1,4,4,2,4,4,2,1,3,4,3,1,1,1,3,3,3,3,2,2,1,3,2,2,1,2,2,2,2,1,1,1,1,1,4,4,4,4,4,1,4,3,1,3,2,3,1,1,4,4,1,4,3,4,1,4,4,3,1,2,3,2,1
pid_1443,2,1,1,1,1,4,3,4,4,4,4,4,4,2,2,2,1,4,1,2,2,2,2,2,4,3,2,4,1,4,4,4,4,4,2,1,3,4,4,1,1,1,3,3,3,3,2,2,1,3,2,3,3,2,3,2,2,1,1,1,1,1,4,4,4,4,4,1,2,3,1,2,3,1,1,1,4,4,1,4,1,4,1,4,3,3,2,3,3,3,1
pid_627,4,4,3,1,1,4,4,1,1,1,1,4,1,3,4,2,2,4,4,4,4,4,4,4,4,1,4,4,4,1,4,4,4,4,4,4,4,4,4,4,4,4,4,4,4,4,4,3,4,4,3,3,4,4,2,3,4,2,4,3,1,2,4,4,1,1,1,1,4,4,1,1,4,4,1,2,4,1,1,1,4,1,1,4,4,1,4,4,1,4,4
pid_1215,1,1,1,3,1,2,2,4,4,4,4,3,3,4,3,4,4,4,1,2,2,3,2,2,2,1,3,3,2,2,2,3,3,4,2,1,2,3,2,2,1,1,3,3,2,2,2,2,2,3,4,4,4,2,4,4,3,1,1,1,1,1,4,4,3,4,4,2,2,3,3,3,3,3,1,3,3,3,1,4,2,4,1,4,3,2,2,2,2,3,2
pid_1772,1,1,1,1,2,1,1,4,4,4,4,2,1,4,4,4,4,4,1,2,1,2,2,2,1,2,2,2,1,2,2,2,3,2,2,1,1,3,2,1,1,1,2,2,2,2,2,1,1,1,4,4,4,4,4,4,4,4,4,2,3,2,4,4,1,4,4,1,1,4,2,4,2,2,1,3,3,3,1,4,2,4,1,4,3,2,1,1,1,2,1
pid_516,1,1,1,1,1,3,1,4,4,4,4,1,1,4,4,4,4,4,1,2,1,2,1,2,3,1,2,2,1,2,2,2,3,3,2,1,2,3,1,1,1,1,2,3,3,2,2,2,2,1,4,4,4,3,4,4,4,2,2,1,3,1,4,4,4,4,4,1,2,3,2,4,2,2,1,3,4,2,1,4,1,4,1,4,3,2,1,1,2,1,1
pid_1895,1,1,1,1,1,4,1,4,4,4,4,1,1,4,4,4,4,4,1,1,1,1,1,1,4,2,2,3,1,4,3,2,4,4,2,1,2,3,2,1,1,1,3,3,2,2,2,1,1,1,4,4,2,3,4,4,3,4,3,2,4,3,4,4,4,4,4,1,2,3,2,3,3,2,1,2,3,4,1,4,1,4,1,4,3,3,1,1,3,2,1
pid_842,2,1,1,2,3,4,3,4,4,4,4,4,2,4,3,4,4,4,1,3,2,3,2,2,4,2,2,3,2,3,2,3,3,3,3,1,2,3,2,2,2,2,3,3,2,2,2,2,2,3,4,4,4,4,4,4,4,4,2,2,2,2,4,4,4,4,4,2,2,3,2,3,3,2,2,3,3,3,1,4,2,4,1,4,3,2,3,4,2,3,3
pid_558,1,1,1,2,1,1,1,4,4,4,4,2,3,4,2,4,4,4,1,4,3,4,4,4,1,1,4,4,2,2,3,4,4,4,4,1,3,4,4,3,3,2,3,3,3,3,3,2,1,3,2,4,4,4,2,2,3,1,1,1,1,1,4,4,1,1,4,2,4,4,1,2,4,4,1,2,4,4,1,4,2,4,1,4,3,1,3,3,2,3,4
pid_195,1,2,1,1,1,4,2,4,4,4,4,1,4,4,1,4,4,4,1,3,2,3,2,2,4,1,2,4,1,3,4,4,3,4,2,1,2,3,3,2,1,1,3,3,3,3,2,2,1,4,2,3,2,1,2,2,1,1,1,1,1,1,4,4,4,4,4,1,4,3,1,2,3,2,1,2,4,3,1,4,1,4,1,4,4,3,4,4,3,2,3
pid_368,1,1,1,1,1,1,1,4,4,4,4,2,1,4,4,4,4,4,1,2,1,2,2,3,1,1,2,2,1,1,2,2,3,3,2,1,2,3,2,1,1,1,3,3,3,3,2,1,1,1,4,4,4,3,4,4,4,2,4,1,2,2,3,4,2,4,4,1,1,4,1,3,2,2,1,2,3,3,1,4,1,4,1,4,3,2,1,1,1,1,1
pid_1696,1,1,1,1,1,4,1,4,4,4,4,2,3,4,2,3,4,4,1,2,1,2,1,2,4,3,1,3,1,3,4,2,3,3,2,1,2,3,3,2,1,1,3,3,3,2,2,2,1,3,3,3,2,2,3,4,2,1,1,1,1,1,4,4,4,4,4,1,2,3,1,3,2,2,1,1,3,3,1,4,1,4,1,4,3,2,1,1,2,2,1
pid_1971,1,2,1,1,1,2,1,4,2,4,4,4,3,4,2,4,4,4,1,3,2,3,3,3,2,1,4,4,4,1,2,3,2,4,3,3,3,2,2,3,3,2,3,3,2,3,3,2,3,3,2,4,4,4,4,4,3,1,1,1,1,1,4,2,1,1,1,1,3,4,4,2,4,3,3,2,3,2,1,2,4,4,1,4,3,1,2,2,1,3,2
pid_48,1,1,1,1,1,2,1,4,4,4,4,2,1,4,4,4,4,4,1,2,1,3,2,3,2,1,3,3,3,2,2,3,3,4,3,2,3,3,2,3,2,1,3,2,2,2,3,2,3,1,4,4,4,3,4,4,4,4,4,3,2,4,4,4,2,4,4,1,3,4,4,3,4,3,3,3,3,2,1,4,2,4,1,4,3,1,1,1,1,2,1
pid_1425,1,1,1,1,1,4,2,4,4,4,4,4,3,4,4,4,4,4,1,1,1,1,1,1,4,2,2,3,1,3,3,2,2,3,1,1,1,3,2,1,1,1,3,3,3,2,2,2,1,1,4,4,4,3,4,4,4,3,4,1,4,2,4,4,4,4,4,1,1,4,1,3,3,2,1,2,3,4,1,4,1,4,1,4,3,2,1,1,1,2,1
pid_641,1,2,1,2,1,1,2,2,2,4,2,2,3,3,2,2,2,4,1,3,2,3,3,3,1,2,3,2,2,2,2,3,4,3,2,2,2,3,2,4,3,2,3,3,3,2,3,2,3,3,3,2,4,3,3,3,3,1,1,1,1,1,1,1,1,2,2,3,2,4,2,3,3,3,1,2,3,3,1,2,2,4,1,4,3,2,2,3,2,3,3
pid_326,1,1,1,2,1,1,1,2,3,4,4,1,1,4,4,4,4,4,1,1,1,1,2,2,1,1,4,4,4,1,1,4,2,4,2,3,2,1,1,2,1,1,2,2,2,2,3,2,3,1,4,4,4,4,4,4,4,4,3,4,4,4,2,4,1,1,2,1,3,4,4,3,4,2,3,4,2,1,1,4,4,4,1,4,2,1,1,1,1,1,1
pid_1142,1,1,1,3,1,4,2,2,2,4,2,2,4,4,2,2,4,4,2,3,2,3,3,4,4,1,3,3,2,3,3,4,3,4,3,3,3,3,2,4,3,3,3,3,3,3,3,3,4,3,2,3,3,2,2,3,3,1,1,1,1,1,3,2,1,1,4,2,2,4,1,2,4,3,1,2,3,2,1,2,1,4,1,4,4,2,2,3,2,4,4
pid_892,2,3,1,2,1,4,3,4,4,4,3,4,3,2,2,2,2,4,2,3,2,3,3,3,4,2,3,4,4,4,3,3,4,4,3,1,3,3,3,4,3,3,3,3,3,3,3,2,3,3,2,3,2,2,2,2,2,1,1,1,2,1,4,4,3,4,4,2,3,4,2,3,3,3,1,2,4,3,1,4,1,4,1,4,3,3,4,4,3,4,4
pid_1511,1,1,1,2,1,4,1,4,4,4,4,1,1,4,4,3,4,4,1,1,1,1,1,2,4,1,2,2,2,1,2,2,3,2,2,1,2,2,2,1,1,1,2,2,2,2,2,2,1,1,4,4,4,2,4,4,4,2,1,1,2,2,4,4,1,2,2,2,2,4,2,4,2,2,2,3,3,2,1,4,1,4,1,4,2,1,1,1,1,1,1
pid_775,1,2,1,1,1,4,1,4,4,4,4,1,1,4,4,4,4,4,1,2,1,2,1,2,4,1,2,3,1,2,2,2,2,4,2,1,2,3,2,1,1,1,2,3,2,2,2,2,1,1,4,4,4,3,4,4,4,4,2,2,3,3,4,4,3,4,4,1,2,3,2,4,2,1,1,2,3,2,1,4,1,4,1,4,3,2,2,2,1,2,2
pid_212,1,1,2,1,1,1,1,2,1,4,2,2,2,4,4,4,4,4,1,2,1,4,3,4,1,1,4,3,4,1,1,3,4,3,4,3,3,2,2,4,2,2,3,3,3,2,3,1,4,1,4,4,4,4,4,4,4,3,3,2,2,3,2,1,1,2,1,1,3,4,4,2,4,3,3,3,3,3,1,2,4,4,1,4,2,1,1,1,1,2,3
pid_588,1,2,1,1,1,4,2,4,4,4,4,2,4,4,2,2,4,4,1,3,2,2,2,2,4,3,2,4,1,4,3,3,4,4,2,1,2,4,3,1,1,1,3,3,3,2,2,2,1,4,2,3,2,2,3,3,3,1,1,1,2,1,4,4,4,4,4,1,2,4,1,2,3,2,1,2,4,4,1,4,1,4,1,4,3,3,4,4,3,2,4
pid_1076,1,1,1,1,1,4,3,4,4,4,4,4,4,2,1,2,1,4,3,3,3,3,2,2,4,3,2,4,1,3,3,3,4,3,3,1,2,4,3,1,1,1,3,3,3,3,2,3,1,4,2,3,2,1,2,2,2,1,1,1,1,1,4,4,4,4,4,1,2,3,1,3,2,3,1,2,4,4,1,4,1,4,1,4,4,3,4,4,4,4,4
pid_1038,1,1,1,2,1,2,2,4,4,4,4,2,1,4,4,4,4,4,1,1,1,1,1,1,4,2,2,3,2,1,1,3,4,3,2,1,2,2,2,1,1,1,2,3,2,2,2,1,1,1,4,4,4,3,4,4,4,4,2,2,4,4,4,4,2,4,4,1,2,4,2,4,3,2,2,3,3,2,1,4,2,4,1,4,2,2,1,2,2,2,1
pid_1845,1,1,1,2,1,1,1,4,4,4,4,2,1,4,4,4,4,4,1,1,1,1,1,2,1,1,2,3,2,1,1,2,3,2,2,1,2,3,1,1,1,1,2,2,2,2,2,1,2,1,4,4,4,3,4,4,4,4,4,2,4,3,4,4,1,3,4,1,1,4,2,4,3,2,2,3,3,3,1,4,2,4,1,4,2,1,1,1,1,2,1
pid_976,1,1,1,2,1,4,1,4,4,4,4,2,4,4,2,3,4,4,1,1,1,1,2,1,3,1,4,4,4,1,2,3,2,3,2,1,3,2,1,4,1,1,3,2,3,2,3,2,2,3,3,4,4,3,4,4,2,1,1,1,1,1,4,4,1,2,4,2,3,4,4,3,4,4,2,3,3,2,1,2,2,4,1,4,2,1,1,2,1,2,1
pid_691,1,1,1,1,1,1,1,4,4,4,4,3,1,4,3,4,4,4,1,2,1,3,1,2,1,1,2,2,1,4,2,2,3,3,2,1,2,3,3,1,1,1,2,3,3,2,2,2,2,1,4,4,3,2,4,4,4,2,1,2,3,2,3,4,2,3,4,1,2,3,2,3,2,2,1,2,3,3,1,4,2,4,1,4,3,1,1,1,1,2,1
pid_1608,2,1,1,1,1,4,3,4,4,4,4,4,3,4,2,2,3,4,1,2,1,2,1,2,4,3,2,3,1,3,3,2,3,4,2,1,2,4,3,1,1,2,3,3,3,3,2,2,1,3,2,3,2,2,2,2,2,1,1,1,1,1,4,4,4,4,4,1,3,3,1,3,3,2,1,2,3,3,1,4,1,4,1,4,3,3,3,4,3,4,2
pid_1192,1,2,1,2,1,4,1,4,4,4,4,2,3,2,1,2,4,4,1,3,2,4,3,4,4,2,3,3,2,3,2,4,4,4,3,2,3,3,2,3,3,2,3,3,3,3,3,2,3,4,3,2,4,4,2,3,3,1,1,1,1,1,4,4,1,2,4,2,3,3,1,3,3,3,1,2,4,3,1,2,2,4,1,4,3,2,2,3,3,3,3
pid_938,1,3,2,2,1,1,2,4,4,4,4,4,4,2,2,1,2,3,1,4,3,4,3,4,1,3,3,4,1,4,4,3,4,4,4,2,3,4,4,1,2,3,4,3,4,4,3,2,2,4,1,2,4,2,1,1,2,1,1,1,1,1,4,4,1,4,4,1,3,2,1,1,4,4,1,1,4,3,1,4,1,4,1,4,4,3,3,3,3,3,3
pid_145,1,1,1,2,1,1,1,4,4,4,4,1,2,4,4,2,4,4,1,2,2,2,2,2,1,2,2,2,1,2,2,2,2,4,2,2,2,3,2,2,1,1,3,3,2,2,2,2,2,1,4,4,3,2,4,3,3,2,1,2,3,2,3,4,2,4,4,2,1,4,2,3,3,1,2,3,3,3,1,4,2,4,1,4,3,2,1,1,1,1,1
pid_1321,1,1,1,1,2,2,1,1,1,4,2,1,3,4,4,4,4,4,1,2,1,2,2,3,2,1,4,3,4,1,2,4,2,3,3,3,3,2,1,4,2,1,3,2,3,2,3,1,4,2,4,4,4,4,4,4,4,2,2,1,1,1,2,3,1,1,1,1,3,4,4,2,4,3,2,2,3,2,1,3,4,4,1,4,2,1,1,1,1,4,2
pid_1646,2,2,1,2,1,3,3,4,4,4,4,1,3,4,3,3,4,4,1,3,2,3,2,2,2,1,3,4,2,3,3,3,4,3,2,1,3,3,2,3,2,2,3,3,3,3,2,2,2,3,3,2,2,2,3,3,3,2,1,2,3,2,4,4,4,4,4,1,3,4,4,3,3,3,2,3,3,3,1,4,1,4,1,4,3,2,3,4,3,3,2
pid_422,1,1,1,1,3,3,2,3,2,4,3,2,3,4,2,4,4,4,1,2,2,2,3,3,3,1,4,4,4,1,2,4,4,4,3,3,4,2,2,3,2,2,3,3,3,2,3,2,4,2,2,4,4,4,4,3,4,4,2,1,1,1,4,2,1,1,2,1,4,4,4,2,4,4,1,2,3,2,1,2,4,4,1,4,3,1,2,2,1,4,2
pid_98,2,1,1,2,1,4,3,4,4,4,4,4,1,4,4,4,4,4,1,2,1,2,2,2,4,2,2,4,1,3,2,3,4,3,2,1,1,3,2,1,1,1,2,3,2,2,2,2,2,1,4,4,4,3,4,4,3,3,3,2,3,2,4,4,4,4,4,1,1,4,3,3,3,2,1,3,4,3,1,4,1,4,1,4,2,2,3,3,2,3,1
pid_1297,1,2,1,1,1,1,1,3,2,4,3,1,1,4,4,4,4,4,1,2,1,3,3,4,1,1,4,4,4,1,2,4,2,3,3,3,2,1,1,2,2,1,3,2,2,3,3,2,3,1,4,4,4,4,4,4,4,4,4,2,4,3,3,4,1,1,2,1,3,4,4,4,4,3,3,4,2,1,1,4,3,4,1,4,1,1,1,1,1,3,2
pid_769,1,1,1,1,1,2,1,4,4,4,4,1,1,4,4,4,4,4,1,2,1,2,1,2,2,2,2,2,1,2,2,2,3,2,2,1,2,3,2,1,1,1,2,3,2,2,2,2,1,1,4,4,3,4,4,4,4,2,2,1,3,2,4,4,4,4,4,1,2,4,2,3,2,2,1,2,3,3,1,4,2,4,1,4,3,2,1,1,1,1,1
pid_1817,1,1,1,1,1,3,1,4,4,4,4,2,2,4,3,4,4,4,1,2,1,2,1,2,2,2,2,3,1,2,1,2,3,3,2,1,2,3,2,1,1,1,3,3,2,2,2,1,1,2,4,4,4,2,4,4,3,1,2,1,1,1,4,4,2,4,4,1,2,4,2,4,2,2,1,2,3,3,1,4,2,4,1,4,3,2,1,1,2,2,1
pid_594,1,1,1,2,1,4,1,4,4,4,4,1,3,4,4,4,4,4,2,1,1,2,2,2,4,2,2,2,1,2,2,2,3,4,2,1,1,3,2,1,1,1,3,3,3,3,2,1,1,1,4,4,4,2,4,4,4,2,4,1,2,2,4,4,4,4,4,2,2,4,1,3,2,2,1,1,3,3,1,4,1,4,1,4,3,2,1,1,1,3,1
pid_727,1,1,1,1,2,1,1,4,4,4,4,3,1,3,3,4,4,4,1,1,1,2,2,2,1,1,2,3,1,4,3,2,3,4,2,1,1,3,2,1,1,1,3,3,2,2,2,2,1,1,2,3,3,3,3,3,4,4,1,1,3,2,4,4,2,4,4,1,2,4,2,3,2,2,1,2,4,3,1,4,2,4,1,4,3,2,1,1,1,1,1
pid_1543,1,1,1,2,2,2,1,4,4,4,4,1,1,4,4,4,4,4,1,1,1,2,1,2,2,1,2,2,2,2,2,2,3,3,2,1,2,3,2,4,1,1,3,2,3,3,2,1,2,1,4,4,4,3,4,4,4,4,3,1,4,2,4,4,2,4,4,2,2,4,2,4,2,2,1,3,3,3,1,4,2,4,1,4,2,1,1,1,1,2,1
pid_1024,3,4,1,1,1,4,4,1,1,1,1,4,4,2,1,1,2,4,3,4,4,4,4,4,4,1,4,4,4,1,4,4,4,4,4,4,4,4,4,4,4,4,3,3,4,3,4,3,4,4,1,1,4,4,2,2,4,1,4,1,1,1,4,1,1,1,1,1,4,2,4,1,4,4,1,2,4,1,1,1,4,2,1,4,4,1,4,4,1,4,4
pid_1859,1,1,1,2,1,4,1,3,1,4,1,4,1,3,4,4,4,4,1,2,1,2,3,3,4,1,4,4,4,1,1,4,2,4,3,4,3,1,1,4,3,2,3,2,3,2,3,1,3,1,3,3,4,4,3,2,4,4,1,4,4,4,4,4,1,1,1,2,3,4,4,2,4,3,3,3,3,1,1,2,4,4,1,4,1,1,4,3,1,4,4
pid_240,2,3,1,3,1,4,4,4,2,4,2,4,3,4,2,4,4,4,3,4,4,4,3,4,4,1,4,4,4,2,3,4,4,4,4,3,4,4,3,4,3,3,3,3,3,3,4,3,3,3,2,4,4,2,4,4,3,1,1,1,1,1,4,4,1,1,4,2,3,4,1,2,4,3,1,2,3,3,1,3,2,4,1,4,3,2,3,4,3,4,4
pid_1373,2,3,1,3,3,4,4,4,2,2,2,4,3,4,3,3,4,4,3,3,2,3,3,3,4,1,3,3,4,2,3,3,3,4,3,3,3,3,3,3,3,3,3,3,3,3,3,2,3,2,4,3,4,3,3,3,4,2,2,4,3,3,4,4,2,2,4,3,3,3,2,2,3,3,2,3,3,3,1,3,2,4,1,4,2,2,4,4,3,4,4
pid_117,2,2,1,2,1,4,3,4,4,4,4,3,3,4,4,4,4,4,2,4,4,4,3,3,4,3,2,4,2,4,3,3,4,4,3,1,2,4,4,3,2,2,3,3,3,3,3,2,2,2,3,3,4,2,4,4,4,3,2,2,4,2,4,4,4,4,4,2,2,4,1,3,3,4,1,2,3,3,1,4,1,4,1,4,3,3,4,4,3,4,4
pid_470,1,1,1,2,1,4,1,4,4,4,4,2,3,4,2,2,3,4,1,2,1,3,2,2,4,3,3,4,1,3,3,3,4,4,3,2,3,3,3,3,2,1,3,3,3,3,2,2,1,3,2,3,3,2,2,3,3,1,1,1,2,1,4,4,4,4,4,3,2,4,2,3,2,3,1,2,3,3,1,4,2,4,1,4,3,3,2,2,3,2,3
pid_1614,1,1,2,1,1,2,2,3,3,4,3,3,1,4,4,4,4,4,1,2,1,2,2,2,2,1,4,4,4,1,2,3,3,4,3,2,3,1,1,2,2,1,2,2,2,3,3,1,3,1,4,4,4,3,4,4,4,4,4,2,3,2,4,4,1,4,3,1,3,4,1,3,4,3,3,3,3,2,1,4,3,4,1,4,3,1,2,2,1,2,2
pid_924,2,3,1,1,1,4,3,4,4,4,4,4,4,2,1,2,2,3,2,3,3,3,2,2,4,2,2,3,1,4,4,4,4,4,3,1,2,4,3,3,2,2,3,3,3,3,3,2,1,4,2,2,2,1,2,1,2,1,1,1,1,1,4,4,4,4,4,1,3,3,1,2,3,4,1,1,4,3,1,4,1,4,1,4,4,2,4,4,3,4,4
pid_159,1,2,1,1,1,1,2,3,4,4,4,4,2,4,2,4,4,4,2,3,2,3,3,3,1,1,4,4,4,1,2,4,3,3,3,2,3,2,2,2,3,1,3,3,2,3,3,2,3,1,4,4,4,4,4,4,4,2,4,2,2,1,3,3,1,4,4,1,3,4,4,3,4,3,2,4,3,2,1,4,4,4,1,4,2,1,1,2,1,4,2
pid_84,1,1,1,1,1,4,3,4,4,4,4,4,4,2,2,2,4,4,2,1,1,2,2,2,4,1,2,3,1,3,3,2,4,2,2,1,1,4,3,1,1,1,3,3,3,3,3,2,1,3,2,3,3,2,2,2,2,1,1,1,1,1,4,4,4,4,4,1,1,3,1,3,3,3,1,2,4,3,1,4,1,4,1,4,4,3,1,2,2,2,2
pid_1209,1,1,1,1,3,4,1,4,4,4,4,4,1,4,3,2,4,4,1,2,1,2,1,1,4,2,1,2,1,3,3,2,4,4,2,1,1,4,3,1,1,1,3,3,3,2,2,2,1,2,4,4,4,2,3,3,4,4,1,1,2,1,4,4,4,4,4,1,2,4,4,3,2,2,1,2,4,4,1,4,1,4,1,4,3,2,1,1,1,2,1
pid_1593,1,1,1,2,1,3,2,4,4,4,4,4,4,4,1,2,4,4,2,3,2,3,2,3,4,2,3,3,1,3,3,3,4,4,3,3,2,3,3,4,2,2,3,3,3,3,2,2,2,3,2,2,2,2,2,2,2,1,1,1,1,1,4,4,1,4,4,2,2,3,2,3,4,4,1,2,4,3,1,4,1,4,1,4,3,2,3,3,2,3,2
pid_810,1,1,1,1,1,4,2,4,4,4,4,4,2,4,4,4,4,4,1,2,1,2,1,1,4,2,2,3,1,3,3,2,3,3,1,1,1,3,2,1,1,1,3,3,2,2,2,2,1,1,4,4,4,2,4,3,2,3,4,2,4,2,4,4,4,4,4,1,3,4,1,4,2,2,1,2,4,3,1,4,1,4,1,4,3,2,1,1,2,2,1
pid_1889,1,1,1,2,1,4,2,4,4,4,4,2,3,4,3,4,4,4,1,2,2,2,2,2,4,1,3,4,2,2,2,3,4,3,3,2,2,3,2,1,1,1,3,3,3,3,2,2,2,2,4,4,4,3,4,4,4,1,1,2,3,2,4,4,3,4,4,2,2,4,2,4,3,3,1,3,3,2,1,4,2,4,1,4,3,2,3,2,2,2,3
pid_290,1,2,1,1,2,4,4,4,4,4,4,1,3,2,2,2,2,4,1,2,2,3,2,2,4,2,2,3,1,4,3,2,4,4,2,1,3,4,3,1,1,1,3,3,3,3,2,2,1,3,3,2,2,2,3,2,3,1,1,1,2,2,4,4,4,4,4,1,3,3,1,2,3,3,1,2,4,4,1,4,2,4,1,4,4,3,3,4,3,3,2
pid_1247,3,2,3,2,1,4,3,4,4,4,4,4,1,4,4,4,4,4,2,2,1,2,2,2,4,2,3,3,3,2,2,3,3,3,3,1,2,2,2,4,2,2,3,3,2,2,2,2,3,1,4,4,4,3,4,4,4,4,4,3,4,4,4,4,2,3,4,2,2,3,3,4,3,2,2,3,3,2,1,4,1,4,1,4,2,2,4,4,2,4,3
pid_544,1,1,1,1,1,4,1,4,4,4,4,3,2,4,4,4,4,4,1,2,2,3,2,2,4,2,2,3,1,3,2,2,3,3,2,1,2,3,2,3,1,1,3,3,3,3,3,2,2,1,4,4,4,2,4,4,4,2,3,2,4,2,4,4,4,4,4,1,2,3,2,3,2,2,1,2,3,3,1,4,1,4,1,4,3,2,1,1,2,2,1
pid_2031,1,1,1,2,1,2,1,4,4,4,4,1,1,4,4,4,4,4,1,1,1,1,2,2,1,1,3,4,3,1,1,3,3,4,2,2,2,2,1,3,1,1,2,2,2,2,3,2,3,1,4,4,4,4,4,4,4,4,2,2,3,2,4,4,1,4,2,1,2,4,3,3,4,3,2,3,3,2,1,3,2,4,1,4,2,1,1,1,1,2,1
pid_1720,1,1,1,1,1,2,1,4,4,4,4,4,1,3,4,4,4,4,1,2,1,2,1,2,4,2,2,3,1,4,3,2,3,3,2,1,2,3,3,1,1,1,3,3,3,2,2,2,1,1,3,4,2,2,3,3,3,4,3,2,4,2,4,4,4,4,4,1,3,3,2,3,3,2,1,2,4,4,1,4,1,4,1,4,3,2,1,1,3,3,1
pid_613,1,1,2,2,3,4,1,4,4,4,4,2,2,4,4,4,4,4,1,2,2,2,1,2,4,2,2,3,1,3,2,2,3,3,2,1,1,4,2,1,1,1,2,3,3,3,2,2,1,1,4,4,4,3,4,4,4,4,1,1,2,1,4,4,2,4,4,1,2,4,2,4,3,2,1,2,3,3,1,4,1,4,1,4,3,2,1,2,2,2,1
pid_1477,1,1,2,2,1,4,1,4,4,4,4,2,1,4,4,4,4,4,1,2,1,3,2,2,4,2,3,3,2,3,2,3,3,4,3,1,2,3,2,4,2,1,3,3,3,3,2,2,2,1,3,3,4,3,4,4,4,4,2,4,4,3,4,4,2,4,4,1,3,4,2,2,3,2,2,3,3,2,1,4,1,4,1,4,3,2,1,3,2,2,2
pid_189,2,1,2,2,1,4,2,4,4,4,4,4,2,4,3,4,4,4,2,2,2,3,2,2,4,2,2,3,2,2,2,2,3,3,2,1,2,3,2,3,1,2,3,3,2,3,2,2,2,2,4,4,4,3,4,4,4,2,3,1,2,2,4,4,1,2,4,2,1,4,2,4,2,2,2,2,3,3,1,4,2,4,1,4,2,2,2,3,1,3,2
pid_1110,1,1,2,1,1,3,1,2,2,4,2,2,1,4,4,4,4,4,1,3,1,4,3,4,2,1,4,4,4,1,2,4,2,3,3,2,3,1,1,4,3,2,2,2,3,2,3,2,4,1,4,4,4,3,4,4,4,4,4,4,3,2,3,3,1,1,1,1,3,4,4,3,4,3,3,3,3,2,1,2,2,4,1,4,2,1,2,2,1,2,3
pid_54,1,1,1,2,1,1,1,2,1,2,2,2,2,4,3,4,4,4,1,3,2,3,3,3,2,1,4,4,4,1,2,4,3,4,3,3,3,3,3,4,3,3,3,3,3,3,3,2,4,2,3,4,4,3,3,4,4,1,3,1,1,1,3,3,1,1,1,1,4,4,4,2,4,4,1,2,4,1,1,2,4,3,1,4,3,1,1,1,1,2,2
pid_374,1,1,1,1,1,2,1,4,4,4,4,1,1,4,4,4,4,4,1,1,1,2,1,2,2,1,2,2,1,2,2,2,2,2,2,1,2,3,2,1,1,1,3,3,2,2,2,2,2,1,4,4,4,3,4,4,4,3,4,2,4,2,4,4,2,4,4,1,1,4,2,4,2,2,1,2,3,3,1,4,1,4,1,4,3,2,1,1,1,2,1
pid_1439,1,2,2,1,1,4,1,4,4,4,4,1,3,4,4,4,4,4,1,3,2,3,2,2,4,2,2,4,1,3,3,2,4,3,2,1,2,3,3,3,1,1,3,3,3,3,2,2,1,2,4,4,4,3,4,4,4,3,2,2,3,2,4,4,4,4,4,1,1,3,1,3,2,2,1,2,4,3,1,4,2,4,1,4,3,2,3,3,2,2,3
pid_1923,1,1,1,1,1,1,1,4,4,4,4,2,1,4,4,4,4,4,1,1,1,2,1,2,1,1,2,2,1,2,1,2,3,2,2,1,1,2,2,1,1,1,2,3,2,2,2,2,2,1,4,4,4,4,4,4,4,4,4,2,3,3,4,4,2,4,4,1,1,4,3,4,2,1,1,3,3,3,1,4,2,4,1,4,3,1,1,1,1,2,1
pid_1092,1,1,1,1,1,3,1,4,4,4,4,2,1,4,4,4,4,4,1,1,1,2,1,2,3,2,2,2,1,2,2,2,3,2,1,1,1,3,2,1,1,1,3,3,2,3,2,1,1,1,4,4,4,3,4,4,3,3,1,1,1,1,4,4,2,4,4,1,1,4,2,4,2,2,1,2,3,3,1,4,1,4,1,4,3,2,1,1,1,1,1
pid_1708,1,1,1,2,1,3,1,4,4,4,4,4,1,4,4,4,4,4,1,2,1,2,2,2,3,1,3,2,3,1,2,3,2,3,2,1,2,2,2,3,1,1,3,2,2,3,3,2,2,1,4,4,4,4,4,4,4,3,2,2,3,2,4,4,1,2,4,1,3,3,4,3,3,3,3,3,3,2,1,4,2,4,1,4,2,1,1,1,1,1,1
pid_2019,1,1,1,1,1,4,2,4,4,4,4,4,4,4,2,4,4,4,1,2,2,2,2,2,4,2,2,4,1,3,3,3,3,4,2,1,2,4,3,1,1,1,3,3,3,3,2,2,1,3,2,4,2,3,4,3,3,1,1,1,1,1,4,4,4,4,4,1,3,3,1,3,3,2,1,2,4,4,1,4,2,4,1,4,4,3,2,3,3,2,2
pid_791,1,1,1,1,3,1,1,2,1,1,2,1,1,4,4,4,4,4,1,1,1,1,2,1,1,1,4,4,4,1,1,4,2,4,3,4,4,2,2,4,1,1,2,2,2,2,3,1,4,1,4,4,4,4,4,4,4,4,2,2,4,3,1,1,1,1,1,1,4,4,4,3,4,3,2,4,1,1,1,2,4,4,1,4,1,1,1,1,1,1,1
pid_876,1,2,1,2,4,2,1,4,4,4,4,2,1,4,2,3,4,4,1,2,2,3,2,3,2,1,3,2,1,2,2,2,3,4,2,2,2,3,2,4,2,1,3,3,3,3,3,2,3,3,3,4,3,2,3,2,4,4,2,1,2,1,3,4,1,1,2,2,3,4,2,2,3,3,1,3,3,3,1,4,2,4,1,4,2,1,1,1,2,2,2
pid_522,1,1,1,1,3,1,4,4,4,4,4,4,3,3,2,4,4,4,2,3,2,3,2,2,1,2,2,3,1,3,2,2,4,4,2,1,2,4,4,1,2,1,3,3,3,3,3,2,1,3,3,4,3,2,3,3,3,4,1,1,1,1,4,4,4,4,4,1,2,3,1,3,3,1,1,1,4,4,1,4,2,4,1,4,3,3,3,2,2,3,1
pid_1746,1,1,1,1,1,1,1,4,4,4,4,4,1,4,4,4,4,4,1,1,1,1,1,1,1,1,1,1,1,3,2,2,3,2,1,1,1,4,2,1,1,1,3,3,3,2,2,2,1,1,4,4,4,1,4,4,4,4,4,2,2,1,4,4,4,4,4,1,1,4,1,4,2,2,1,2,4,3,1,4,1,4,1,4,3,1,1,1,1,1,1
pid_2057,1,1,1,1,1,4,1,4,4,4,4,4,4,4,2,2,4,4,1,2,1,3,2,2,4,3,2,4,1,4,3,3,4,4,2,1,2,4,3,1,1,1,3,3,3,3,2,2,1,3,2,3,3,2,3,3,2,1,1,1,1,1,4,4,4,4,4,1,1,4,2,3,3,2,1,2,4,4,1,4,2,4,1,4,3,3,2,3,3,2,4
pid_1221,1,2,1,2,1,4,3,4,4,4,4,1,3,2,2,2,4,4,1,2,1,1,1,1,4,2,2,4,1,4,3,2,3,3,2,1,3,4,2,2,1,1,3,3,3,3,2,2,1,3,2,3,2,2,2,2,2,1,1,1,2,1,4,4,4,4,4,2,2,4,1,4,2,2,1,2,4,3,1,4,1,4,1,4,4,2,4,3,3,3,3
pid_838,1,2,2,2,1,3,1,4,4,4,4,3,2,4,3,4,4,4,1,3,2,2,2,2,2,1,2,4,2,3,2,2,3,3,2,1,1,2,2,2,1,1,3,3,3,2,2,1,2,1,4,4,4,2,4,4,4,1,1,1,1,2,4,4,2,4,4,1,2,4,2,3,3,2,2,2,3,3,1,4,1,4,1,4,2,2,2,3,2,3,2
pid_32,1,1,3,1,2,4,3,4,4,4,4,1,4,2,1,1,3,4,2,4,4,4,2,2,4,4,2,4,1,4,4,4,4,4,4,1,4,4,4,1,1,1,4,4,4,4,3,2,1,4,1,2,1,1,1,1,2,1,1,1,1,1,4,4,4,4,4,1,4,1,1,1,4,4,1,1,4,4,1,4,1,4,1,4,4,3,4,4,4,3,4
pid_1176,1,2,1,2,2,4,3,4,4,4,4,1,3,4,2,3,4,4,1,3,2,3,2,2,4,2,2,3,2,3,3,3,4,3,2,1,2,3,3,2,1,1,3,3,3,3,2,2,2,3,3,3,3,2,3,3,2,1,1,1,1,1,4,4,4,4,4,1,2,4,1,4,3,2,1,2,3,3,1,4,2,4,1,4,3,3,3,3,3,3,3
pid_488,1,1,3,2,1,3,1,3,4,4,4,3,1,4,4,2,3,4,1,2,1,2,2,2,2,1,4,3,3,1,2,4,3,3,3,3,2,2,2,1,1,1,3,2,2,2,3,1,3,2,4,4,4,4,4,4,4,2,2,3,3,2,3,4,1,1,4,2,4,4,4,4,4,3,2,4,3,2,1,4,4,4,1,4,2,1,1,1,1,2,1
pid_312,1,1,3,1,1,1,1,4,2,4,4,1,1,4,4,4,4,4,1,1,1,2,2,3,1,1,4,3,4,1,2,3,2,3,3,3,3,2,2,2,1,1,3,2,2,2,3,1,3,1,4,4,4,4,4,4,4,4,4,2,3,4,1,2,1,1,2,1,3,4,1,4,4,3,3,3,2,2,1,4,4,4,1,4,1,1,1,1,1,3,1
pid_675,1,1,1,1,3,4,1,4,4,4,4,2,4,4,2,4,4,4,1,2,1,2,1,2,4,2,2,2,1,3,3,2,3,4,2,2,2,4,3,3,1,1,3,3,3,3,2,2,1,3,3,3,4,2,3,3,2,1,1,1,1,1,4,4,4,4,4,1,2,4,1,4,2,1,1,2,4,4,1,4,1,4,1,4,4,3,1,2,3,3,2
pid_1411,1,1,1,1,3,3,1,4,4,4,4,4,1,3,4,2,4,4,1,2,1,2,1,2,3,1,2,3,1,2,3,2,3,3,2,1,1,4,3,1,1,1,3,3,3,2,2,2,1,1,4,4,4,3,4,4,4,4,4,2,4,2,4,4,4,4,4,1,2,3,1,3,2,1,1,2,4,4,1,4,1,4,1,4,3,2,1,1,2,1,1
pid_992,1,1,1,1,1,1,1,4,4,4,4,1,1,4,4,3,4,4,1,2,2,2,2,2,1,1,2,2,1,3,3,3,3,3,2,1,2,3,2,2,1,1,3,3,3,3,2,2,2,1,4,4,2,2,4,3,4,2,2,1,4,1,4,4,4,4,4,1,2,3,1,3,3,2,1,2,3,3,1,4,2,4,1,4,3,2,1,1,2,3,1
pid_1945,1,2,1,2,2,2,2,4,4,4,4,2,2,3,2,2,4,4,1,3,2,3,2,2,2,2,3,4,2,3,3,3,4,4,3,2,3,3,3,3,2,2,3,3,3,3,3,2,3,3,3,4,4,4,3,4,3,1,1,1,2,2,4,4,2,4,4,2,3,4,2,3,3,2,2,2,4,3,1,4,2,4,1,4,3,2,2,3,2,2,3
pid_1138,1,3,1,1,1,1,1,1,1,4,3,1,1,4,4,4,4,4,1,4,2,4,4,4,2,1,4,4,4,1,1,4,3,4,4,2,3,2,2,4,3,2,3,3,3,3,4,2,4,1,4,4,4,4,4,4,4,4,2,4,2,1,3,1,1,1,4,1,4,4,1,2,4,4,3,3,2,1,1,2,4,4,1,4,2,1,3,3,1,4,4
pid_1871,1,1,1,1,1,4,3,4,4,4,4,1,2,4,3,3,4,4,1,2,1,2,1,2,4,2,2,3,1,4,3,3,4,4,2,1,2,3,3,1,1,2,3,3,3,3,2,2,1,2,4,4,3,2,4,4,2,1,1,1,3,1,4,4,4,4,4,1,3,3,1,3,3,2,1,2,4,3,1,4,1,4,1,4,3,3,2,3,2,2,1
pid_1796,1,1,1,1,1,2,1,3,1,4,2,3,1,4,4,3,4,4,1,1,1,1,2,2,1,1,4,3,4,1,2,4,3,4,3,2,3,1,2,2,2,1,3,2,2,3,3,2,4,1,3,4,4,4,4,4,4,2,1,2,2,2,4,3,1,4,2,1,4,4,4,3,4,3,3,4,3,2,1,3,4,4,1,4,2,1,1,2,1,3,1
pid_268,1,1,1,1,1,4,2,4,4,4,4,1,1,4,4,4,4,4,1,1,1,1,1,1,4,2,2,3,1,2,3,2,3,2,2,1,1,3,3,1,1,1,3,3,3,2,2,1,1,1,3,3,4,2,4,4,4,4,2,2,4,2,4,4,4,4,4,1,2,4,2,4,2,1,1,2,3,3,1,4,2,4,1,4,3,3,1,2,2,2,1
pid_1042,1,2,1,2,1,1,2,3,2,4,3,4,3,4,3,4,4,4,1,3,3,4,4,4,1,1,4,4,4,2,2,3,3,3,3,2,3,2,2,3,3,2,3,3,3,3,3,2,3,3,4,4,4,4,4,4,4,1,2,1,1,1,3,3,1,1,3,1,3,4,4,4,4,3,3,3,3,2,1,2,2,4,1,4,3,1,1,2,1,3,4
pid_226,1,1,1,2,1,4,1,4,4,4,4,4,1,4,3,4,4,4,1,2,1,2,2,2,4,1,3,3,2,2,3,2,3,3,2,2,3,2,2,1,1,1,2,2,3,2,3,1,2,2,3,4,4,2,4,4,3,2,2,2,3,2,4,4,2,2,2,2,2,3,3,4,3,2,2,2,3,3,1,4,2,4,1,4,3,2,1,1,1,2,1
pid_741,1,1,1,2,2,1,1,4,4,4,4,1,1,4,4,3,4,4,1,1,1,2,2,2,1,1,3,3,2,1,1,3,2,3,2,2,2,3,2,1,1,1,3,2,2,2,3,1,2,1,4,4,4,4,4,4,4,2,1,1,3,2,2,4,1,1,1,1,2,4,3,4,3,2,2,3,3,1,1,4,2,4,1,4,2,1,1,1,1,1,1
pid_1525,1,1,1,2,3,2,2,2,4,4,4,1,4,4,2,4,4,4,1,2,2,3,2,2,3,2,2,3,2,3,3,2,4,4,3,2,2,3,3,3,2,2,3,3,3,3,2,1,1,3,4,4,4,3,4,4,4,1,1,1,1,1,4,4,1,4,4,2,2,3,1,3,3,2,1,2,3,3,1,4,1,4,1,4,3,2,2,2,2,3,4
pid_1995,1,1,1,1,1,1,1,4,1,4,4,3,4,4,2,4,4,4,1,3,2,3,3,4,2,1,3,4,4,3,3,4,3,4,3,2,3,3,3,1,2,1,3,3,3,3,3,2,2,3,2,4,2,3,2,2,2,1,1,1,1,1,1,1,2,1,4,1,3,4,4,2,4,3,1,2,4,2,1,4,1,4,1,3,3,2,1,1,1,3,1
pid_416,1,1,1,1,1,1,1,4,4,4,4,1,1,4,4,4,4,4,1,2,1,2,2,2,1,1,4,4,4,1,1,3,2,2,3,2,2,1,2,3,1,1,3,2,2,2,3,2,3,1,4,4,4,4,4,4,4,4,2,2,2,2,2,4,1,2,1,1,2,4,4,4,4,2,3,3,2,1,1,4,4,4,1,4,2,1,1,1,1,2,1
pid_1672,1,1,1,2,1,1,1,3,2,4,3,1,1,4,4,4,4,4,1,2,2,3,2,2,1,1,4,4,4,1,3,3,4,2,3,2,2,2,1,2,2,1,3,2,2,3,3,1,3,1,4,4,4,4,4,4,4,4,4,2,3,3,2,4,2,2,4,1,3,3,1,3,4,3,2,3,3,2,1,4,3,4,1,4,3,1,1,1,1,2,2
pid_1315,1,1,2,3,1,4,1,4,4,4,4,3,3,4,3,4,4,4,1,2,2,3,2,3,4,2,3,4,3,2,2,3,4,4,3,1,2,3,2,2,2,2,3,3,3,3,3,1,2,2,4,3,4,4,4,4,4,2,3,1,2,1,4,4,4,4,4,2,3,3,2,3,3,3,2,3,3,2,1,4,2,4,1,4,2,3,3,3,3,3,3
pid_171,1,3,1,3,1,4,2,3,4,4,4,4,2,4,4,4,4,4,1,2,2,3,3,3,4,2,4,4,2,2,2,3,4,4,3,2,3,3,2,4,3,3,3,3,3,3,3,2,3,1,4,4,4,4,4,4,4,4,3,3,4,2,4,4,2,2,4,3,3,3,1,2,3,3,1,3,3,3,1,4,1,4,1,4,3,2,3,3,3,3,3
pid_6,1,1,1,3,2,4,1,4,4,4,4,1,1,4,4,4,4,4,1,2,1,3,2,2,4,1,3,3,2,2,2,3,4,3,2,1,2,3,2,1,2,1,3,2,3,2,2,1,2,1,4,4,4,4,4,4,4,4,2,2,4,2,4,4,3,4,4,2,3,3,3,3,3,2,2,3,3,2,1,4,2,4,1,4,2,1,1,1,1,2,1
pid_458,2,3,3,3,1,3,3,4,4,4,4,4,2,4,4,3,4,4,2,3,3,4,3,3,2,2,3,4,3,3,3,4,4,3,3,2,3,3,3,3,3,3,3,3,3,3,3,2,3,3,4,3,3,2,3,3,3,2,1,4,4,2,4,4,2,4,4,2,3,4,2,3,3,3,1,4,3,3,1,4,2,4,1,4,3,2,3,4,3,3,3
pid_942,1,1,1,1,4,4,2,4,4,4,4,1,3,4,2,4,4,4,1,2,1,2,1,2,4,1,2,3,1,3,3,2,3,3,2,1,2,4,2,1,1,1,3,3,3,2,2,1,1,2,4,4,4,3,4,4,3,2,1,1,2,1,4,4,3,4,4,1,1,4,2,3,2,1,1,3,4,4,1,4,2,4,1,4,3,2,2,1,2,4,1
pid_1445,1,1,1,2,1,2,2,4,4,4,4,3,3,4,3,4,4,4,1,2,1,2,1,2,2,1,3,4,3,2,2,3,3,4,3,2,2,2,2,3,1,1,2,2,2,2,3,2,2,2,4,3,4,3,4,4,3,2,1,1,2,2,4,4,2,4,4,2,2,3,4,3,3,3,2,3,3,2,1,4,1,4,1,4,2,1,1,2,2,2,1
pid_621,1,1,1,1,2,4,2,4,4,4,4,4,3,2,2,2,2,4,2,3,3,3,2,2,4,4,2,4,1,3,3,3,3,4,3,2,2,4,3,1,2,2,3,3,3,3,2,2,2,3,3,3,4,2,4,3,2,1,1,1,2,1,4,4,4,4,4,1,2,4,1,3,2,2,1,2,4,4,1,4,1,4,1,4,3,3,4,3,3,2,3
pid_346,1,1,3,2,1,4,1,4,4,4,4,1,1,4,4,4,4,4,2,4,4,4,3,4,4,2,4,3,3,4,3,4,4,4,3,1,2,3,2,1,1,2,3,3,3,3,3,1,2,1,4,4,3,2,4,4,4,4,1,3,4,4,4,4,4,4,4,1,3,4,2,4,3,3,1,2,3,2,1,4,1,4,1,4,3,1,4,3,1,2,4
pid_66,1,1,1,2,1,1,1,4,4,4,4,1,1,4,4,4,4,4,1,2,1,2,2,2,1,1,2,3,2,2,2,2,3,3,2,1,2,2,1,2,1,1,2,2,2,2,2,1,2,1,4,4,4,3,4,4,4,3,2,2,3,2,3,4,1,2,4,2,2,3,2,4,3,2,3,3,3,3,1,4,2,4,1,4,2,1,1,1,1,2,1
pid_1122,1,1,1,1,1,4,1,4,2,4,4,4,3,4,2,4,4,4,1,2,2,2,2,2,4,1,4,4,3,1,2,4,2,3,3,1,3,2,2,4,2,1,3,2,2,3,3,2,3,3,2,3,4,3,2,2,4,1,1,1,1,1,4,4,1,1,2,1,4,3,4,2,4,3,2,2,3,1,1,2,2,4,1,4,2,1,1,2,1,4,1
pid_988,1,1,1,1,1,4,1,4,4,4,4,1,1,4,4,4,4,4,1,2,1,4,2,3,4,1,3,4,1,4,4,3,4,4,2,1,2,4,3,1,1,1,3,3,3,3,2,2,2,1,3,4,2,2,3,3,4,1,1,2,3,2,4,4,4,4,4,1,3,3,1,3,3,3,1,2,3,3,1,4,2,4,1,4,4,2,1,1,2,1,1
pid_1391,1,1,2,1,1,1,1,4,2,4,2,1,1,4,4,4,4,4,1,2,1,2,3,3,1,1,4,4,4,1,1,3,2,4,3,3,4,1,1,3,2,1,3,2,2,2,4,1,4,1,4,4,4,4,4,4,4,4,4,2,2,2,1,1,1,1,1,1,4,4,4,4,4,4,4,4,2,2,1,2,4,3,1,4,1,1,1,1,1,4,2
pid_308,1,1,1,1,1,4,1,4,4,4,4,1,1,4,4,4,4,4,1,1,1,2,1,1,4,2,2,3,1,3,4,2,3,2,2,1,2,4,3,1,1,1,3,3,2,3,2,2,1,1,4,4,4,2,4,4,4,4,4,2,3,2,4,4,4,4,4,1,1,4,1,4,2,1,1,2,3,4,1,4,1,4,1,4,3,2,1,1,2,2,1
pid_28,1,1,1,1,1,4,1,4,4,4,4,4,1,4,4,3,4,4,1,2,1,2,1,2,4,2,2,3,1,3,3,2,3,2,2,1,1,3,3,2,1,1,3,3,2,2,2,1,1,2,4,4,4,3,4,4,3,2,1,1,3,2,4,4,4,4,4,1,2,3,1,4,2,2,1,3,3,3,1,4,2,4,1,4,3,2,1,1,2,2,1
pid_1911,1,1,1,1,1,1,1,4,4,4,4,3,1,4,4,4,4,4,1,1,1,2,1,1,1,2,2,3,1,3,2,2,2,3,1,1,1,3,3,1,1,1,2,3,2,2,1,1,1,1,4,4,4,2,3,4,2,4,2,2,4,4,4,4,4,4,4,1,2,4,2,4,2,1,1,3,3,3,1,4,2,4,1,4,2,2,1,1,2,2,1
pid_492,1,1,1,1,3,1,1,1,2,4,2,1,2,4,2,4,4,4,1,2,1,3,3,3,1,1,4,3,4,1,1,3,2,4,3,3,3,2,3,2,1,1,2,2,3,2,3,2,3,3,3,4,4,4,4,4,4,1,1,1,1,1,1,4,1,1,1,1,4,4,4,2,4,4,1,2,3,1,1,2,4,4,1,4,2,1,1,1,1,3,1
pid_822,1,1,2,1,1,1,1,2,1,4,1,1,1,4,4,4,4,4,1,2,1,2,3,3,1,1,4,4,4,1,1,4,2,3,4,3,2,1,1,2,3,1,3,2,2,2,4,2,4,1,4,4,4,4,4,4,4,4,4,3,2,2,1,2,1,1,1,1,4,4,4,3,4,3,4,4,2,1,1,2,1,4,1,4,1,1,1,1,1,1,1
pid_538,1,1,1,1,1,1,1,2,1,4,2,1,3,4,3,4,4,4,2,1,1,1,3,3,1,1,4,4,4,1,1,4,4,4,3,4,4,1,2,4,2,1,3,3,3,2,4,1,3,2,4,4,4,4,4,4,4,4,2,2,1,1,1,1,1,1,2,1,4,4,4,3,4,4,3,3,3,2,1,2,4,3,1,4,3,1,1,1,1,4,3
pid_1275,1,1,1,1,1,3,1,4,1,4,2,4,1,4,4,4,4,4,1,3,1,4,3,3,2,1,4,4,4,1,1,4,2,3,3,2,2,1,1,4,3,1,3,2,2,3,3,2,3,1,4,3,4,3,4,4,4,4,4,4,3,4,4,3,1,1,2,1,3,4,4,3,4,4,3,3,2,1,1,2,3,4,1,4,2,1,3,3,1,3,4
pid_1712,1,1,1,1,1,4,3,4,4,4,4,4,2,4,4,4,4,4,1,2,1,1,1,1,4,3,2,3,1,4,3,3,4,3,2,1,2,4,3,1,1,2,3,3,3,3,3,1,1,1,4,4,3,3,4,4,3,2,2,2,4,2,4,4,4,4,4,1,1,4,1,3,3,1,1,3,4,4,1,4,1,4,1,4,4,3,2,3,3,4,1
pid_2003,1,1,2,2,1,4,1,4,2,4,3,2,1,4,4,4,4,4,1,2,2,3,2,2,4,1,4,4,3,1,2,3,3,4,3,3,3,2,2,2,2,2,3,2,3,2,3,1,3,1,4,4,4,4,4,4,4,4,4,2,2,2,4,4,2,2,4,1,3,4,4,3,4,3,3,3,3,2,1,3,4,4,1,4,3,1,1,1,1,3,2
pid_1088,1,1,1,1,1,3,1,4,4,4,4,4,2,4,2,4,4,4,1,2,2,2,1,2,3,2,2,3,1,4,3,2,4,4,2,1,2,3,3,2,1,1,3,3,3,3,2,2,1,3,3,3,2,1,3,3,3,1,1,1,2,1,4,4,2,4,4,1,2,2,1,3,3,2,1,2,4,3,1,4,1,4,1,4,4,2,1,1,2,2,1
pid_576,1,1,1,1,1,4,1,4,4,4,4,4,4,3,1,2,2,4,1,1,1,2,1,1,4,2,2,3,1,3,3,2,3,4,2,1,2,4,3,1,1,1,3,3,3,2,2,2,1,4,2,4,4,2,4,4,2,1,1,1,1,1,4,4,4,4,4,1,2,4,1,4,2,2,1,1,3,4,1,4,1,4,1,4,4,3,3,2,2,2,2
pid_125,1,1,1,1,1,1,1,4,2,4,3,1,1,4,4,4,4,4,1,1,1,2,2,3,1,1,4,4,4,1,1,3,1,4,3,3,2,1,1,3,2,1,3,2,2,2,3,2,3,1,4,4,4,3,4,4,4,4,4,2,2,2,1,2,1,1,2,1,4,4,1,3,4,4,3,3,2,2,1,2,4,3,1,4,2,1,1,1,1,2,2
pid_958,1,1,1,2,3,4,2,4,4,4,4,3,1,4,4,4,4,4,1,3,2,3,2,2,3,2,2,3,2,2,2,3,3,3,2,1,2,3,3,1,1,1,3,3,3,3,2,1,2,1,4,4,4,3,4,4,3,4,2,2,3,2,4,4,4,4,4,1,3,4,3,4,3,2,2,3,3,4,1,4,2,4,1,4,3,2,2,2,2,3,1
pid_1341,1,3,1,2,1,4,2,4,4,4,4,4,3,4,4,4,4,4,2,3,2,3,2,2,4,2,2,3,1,3,2,2,3,4,2,2,2,3,3,3,2,2,3,3,3,3,3,2,2,3,4,4,4,3,4,4,4,2,1,1,2,1,4,4,4,4,4,1,2,4,2,3,2,2,1,2,3,3,1,4,2,4,1,4,3,3,4,3,3,4,3
pid_1626,1,1,1,1,4,2,1,4,4,4,4,1,1,4,4,4,4,4,1,2,1,2,1,2,1,1,2,2,1,4,2,2,2,2,1,1,1,3,2,2,1,1,2,3,2,2,2,1,1,1,4,4,3,3,4,4,4,4,4,4,4,2,4,4,2,4,4,1,1,3,2,4,2,1,1,2,3,4,1,4,1,4,1,4,3,1,1,1,1,1,1
pid_442,1,1,1,2,1,1,1,4,4,4,4,1,2,4,3,4,4,4,1,2,1,2,2,2,2,1,2,3,2,1,1,2,3,2,2,2,2,2,2,2,1,1,2,2,2,2,2,2,2,2,3,4,4,4,4,4,4,1,1,1,2,2,3,4,3,4,4,2,2,4,3,4,3,2,2,3,3,2,1,4,3,4,1,4,2,2,1,1,1,2,1
pid_1495,1,1,1,2,2,2,1,4,2,4,4,1,1,4,4,4,4,4,1,1,1,2,2,2,1,1,4,3,3,1,1,3,2,3,3,2,2,2,1,3,2,1,2,2,2,2,3,1,3,1,4,4,4,4,4,4,4,4,4,4,4,3,4,4,1,2,4,1,3,4,4,4,4,3,4,3,2,2,1,4,4,4,1,4,1,1,1,1,1,2,2
pid_916,1,3,1,1,3,1,1,1,1,1,1,1,2,4,2,4,4,4,1,4,4,4,4,4,1,1,4,4,4,1,3,4,4,4,4,4,3,2,3,4,4,4,4,3,3,4,4,2,4,3,2,4,4,4,3,3,4,4,2,1,1,1,1,1,1,1,1,1,4,4,1,1,4,4,1,2,4,1,1,1,4,2,1,2,4,1,2,1,1,4,4
pid_1668,1,1,2,3,1,3,2,3,3,4,4,2,3,4,4,4,3,4,1,2,1,2,2,3,3,1,3,3,2,2,2,3,3,3,3,2,2,3,3,2,2,2,3,3,2,2,2,1,2,1,4,3,4,3,3,3,4,2,3,3,4,4,3,4,2,3,4,3,2,4,2,4,3,2,2,4,3,3,1,4,2,4,1,4,3,2,2,2,2,3,3
pid_396,1,1,1,1,1,4,1,4,4,4,4,1,1,4,4,4,4,4,1,2,1,3,1,2,4,1,2,2,1,3,3,2,3,3,2,1,2,4,3,1,1,1,3,3,3,3,2,1,1,1,4,4,4,2,3,4,4,4,1,2,4,2,4,4,4,4,4,1,1,3,2,3,2,1,1,2,4,4,1,4,1,4,1,4,3,1,1,1,1,1,1
pid_1825,1,1,1,2,1,4,3,4,4,4,4,4,4,2,1,2,2,4,3,4,4,4,3,3,4,2,2,4,1,4,3,4,4,4,3,2,3,4,4,2,1,2,3,4,3,3,3,2,1,3,2,2,2,2,2,1,1,1,1,1,1,1,4,4,4,4,4,1,3,4,1,1,2,4,1,1,4,3,1,4,1,4,1,4,3,3,4,3,3,3,2
pid_1058,1,1,1,1,4,3,1,4,4,4,4,1,2,4,3,4,4,4,1,2,1,3,1,2,4,2,2,2,1,2,2,2,3,3,2,1,2,3,2,1,1,1,3,3,3,3,2,2,2,3,3,4,4,3,4,4,4,4,3,1,1,1,4,4,1,1,4,1,2,2,2,4,2,2,1,1,3,3,1,4,1,4,1,4,3,2,1,2,1,2,1
pid_1571,1,1,1,2,1,4,2,4,2,4,2,3,1,4,4,4,4,4,1,2,1,2,2,2,4,1,3,4,3,1,2,3,4,3,2,1,2,2,2,3,2,2,2,2,2,2,3,2,3,1,4,4,4,4,4,4,4,3,2,3,3,4,4,4,1,2,2,1,2,4,4,3,4,2,2,4,3,2,1,4,1,4,1,4,2,1,3,3,1,3,2
pid_715,1,1,1,1,2,4,1,4,4,4,4,3,4,4,3,2,4,4,1,1,1,1,1,2,4,2,2,2,1,3,3,2,3,4,1,1,1,3,2,1,1,1,3,3,3,2,2,2,1,4,2,4,4,3,3,3,2,1,1,1,1,1,4,4,4,4,4,1,1,2,3,2,3,3,1,1,4,4,1,4,1,4,1,4,3,3,3,3,3,2,4
pid_272,1,1,1,1,1,3,1,4,4,4,4,1,1,4,4,4,4,4,1,1,1,2,2,2,2,1,2,2,1,2,1,2,3,2,2,1,1,3,2,1,1,1,3,3,3,2,2,2,1,1,4,4,4,3,4,4,4,4,4,1,2,1,4,4,2,4,4,1,2,4,2,3,2,1,1,2,3,1,1,4,1,4,1,4,3,1,1,1,1,2,2
pid_1016,1,1,1,2,1,4,1,4,4,4,4,3,3,4,4,4,4,4,1,2,1,3,2,2,3,3,2,3,1,3,2,3,4,4,2,1,3,3,3,2,1,1,3,3,3,3,2,2,1,3,4,4,4,2,4,4,2,1,2,1,1,1,4,4,4,4,4,2,1,3,2,4,3,3,1,2,4,3,1,4,2,4,1,4,3,2,1,1,2,2,2
pid_1640,1,1,1,1,1,4,2,4,4,4,4,1,1,4,4,4,4,4,1,1,1,2,1,1,3,2,2,3,1,3,2,2,2,2,2,1,1,3,2,1,1,1,3,3,3,2,2,2,1,1,4,4,3,3,4,4,4,4,4,2,3,2,4,4,4,4,4,1,1,3,1,3,2,2,1,2,3,4,1,4,1,4,1,4,4,2,1,1,1,1,1
pid_424,1,1,1,2,1,3,1,4,4,4,4,1,1,4,4,4,4,4,1,1,1,2,1,2,4,2,2,3,1,2,2,2,3,3,2,1,2,2,2,1,1,1,3,2,2,2,2,1,1,1,4,4,4,3,4,4,4,4,4,3,4,2,4,4,1,4,4,1,2,4,3,3,3,2,3,3,3,2,1,4,1,4,1,4,2,2,1,1,1,2,1
pid_143,1,1,1,1,1,1,1,4,4,4,4,1,1,4,4,4,4,4,1,1,1,2,2,1,1,1,2,2,1,3,3,2,3,4,1,1,1,3,2,1,1,1,3,3,2,2,2,1,1,1,4,4,3,3,4,4,4,4,4,1,3,1,3,4,3,4,4,1,3,3,2,4,2,1,1,2,3,4,1,4,2,4,1,4,3,1,1,1,1,2,1
pid_1327,1,1,2,1,1,4,2,4,4,4,4,3,2,4,4,2,2,4,1,1,1,2,1,2,4,2,2,4,1,3,3,2,3,4,2,1,1,4,3,1,1,1,3,3,3,3,2,2,1,1,4,4,3,2,4,4,4,2,2,2,4,2,4,4,4,4,4,1,1,4,1,4,2,2,1,3,4,4,1,4,1,4,1,4,3,3,2,2,2,2,1
pid_1194,3,3,1,1,3,4,3,4,4,4,4,1,4,2,1,2,3,4,2,4,3,4,2,3,4,3,3,3,1,3,3,4,4,4,4,1,3,4,4,4,1,2,3,3,3,3,3,3,1,4,2,3,3,1,2,2,2,1,1,1,1,1,4,4,2,4,4,1,3,4,1,2,3,3,1,1,4,4,1,4,1,4,1,4,4,4,4,4,4,4,4
pid_970,1,1,1,1,1,3,1,4,4,4,4,1,4,4,2,4,4,4,1,2,2,3,2,2,4,2,2,3,1,3,3,2,3,3,2,1,2,4,3,1,1,1,3,3,3,3,3,3,1,3,1,3,1,1,3,2,2,1,1,1,1,1,4,4,4,4,4,1,4,2,1,3,3,2,1,2,4,3,1,4,1,4,1,4,4,3,1,2,2,1,1
pid_1369,2,4,2,1,1,4,3,1,1,2,1,4,4,4,2,4,4,4,2,4,4,4,4,4,3,1,4,4,4,1,2,4,4,4,4,3,4,1,2,4,4,4,4,3,4,3,4,2,4,3,2,4,4,4,4,4,4,1,4,1,1,1,3,1,1,1,1,1,4,2,1,1,4,4,1,1,4,1,1,1,4,2,1,4,4,1,4,4,1,3,4
pid_697,1,1,1,1,2,4,1,4,4,4,4,1,3,4,4,3,4,4,1,1,1,1,1,1,4,1,2,2,1,3,2,2,4,3,1,1,1,3,2,1,1,1,2,3,2,2,2,2,2,1,3,4,4,2,4,4,4,1,1,1,2,1,4,4,3,4,4,1,2,4,2,3,2,1,1,2,3,2,1,4,1,4,1,4,3,2,1,1,1,1,1
pid_1843,1,1,2,1,1,1,1,1,1,2,1,1,1,3,4,2,2,4,1,1,1,1,3,2,1,1,4,4,4,1,2,4,2,4,4,3,3,1,2,2,4,1,3,2,3,2,4,1,4,1,4,4,4,4,4,4,4,1,1,1,2,1,1,1,1,1,1,1,4,4,4,1,4,4,3,4,4,1,1,2,4,4,1,4,3,1,1,1,1,2,1
pid_1559,1,3,3,1,1,3,1,2,1,2,1,4,3,4,2,4,4,4,1,3,2,4,4,4,4,1,4,4,4,1,1,3,2,4,4,2,3,1,1,4,3,3,3,2,3,3,4,1,4,3,4,4,4,4,4,4,4,1,2,1,1,1,4,1,1,1,1,2,3,4,4,2,4,4,2,2,2,1,1,1,2,4,1,4,2,1,3,3,1,1,4
pid_214,1,1,1,1,1,1,1,4,2,4,4,3,1,4,4,4,4,4,1,3,2,4,3,3,1,1,3,4,4,2,3,4,3,3,3,2,3,2,2,2,2,1,3,3,2,3,3,2,3,1,4,4,3,3,4,3,4,2,3,2,3,2,3,4,1,2,2,1,3,4,4,3,4,3,2,3,3,2,1,4,2,4,1,4,3,1,1,1,1,1,2
pid_1070,1,1,1,2,2,4,1,4,4,4,4,2,3,2,3,2,3,4,1,2,1,2,2,3,4,1,2,3,3,2,2,3,4,4,2,2,2,3,2,2,2,1,3,2,2,2,2,2,2,2,4,3,4,3,3,4,3,1,1,2,3,3,4,4,1,3,4,2,2,4,2,3,3,3,1,3,3,3,1,4,2,4,1,4,3,2,2,2,1,2,3
pid_1517,1,1,1,2,1,3,1,4,4,4,4,1,2,3,4,2,4,4,1,2,2,2,2,2,3,2,2,3,1,3,2,2,3,3,2,1,2,3,2,2,1,1,3,3,2,2,2,2,1,1,4,3,3,2,3,3,3,2,1,2,4,2,4,4,3,4,4,1,3,3,2,3,2,3,1,2,3,3,1,4,1,4,1,4,3,2,2,1,2,3,1
pid_894,1,1,1,2,3,2,1,4,4,4,4,2,1,4,4,4,4,4,1,1,1,2,1,2,2,1,2,2,2,2,2,2,3,3,2,1,2,3,2,1,1,1,3,2,2,2,2,1,1,1,4,4,4,3,4,4,4,4,4,2,3,2,4,4,2,4,4,1,2,4,2,3,2,2,1,3,3,3,1,4,1,4,1,4,2,2,1,1,1,2,1
pid_773,1,1,1,1,1,4,1,4,4,4,4,2,3,2,2,2,2,4,1,2,2,3,1,2,3,2,2,3,1,4,3,2,4,4,2,2,2,4,4,2,1,1,3,3,3,2,2,3,1,3,2,2,2,2,2,3,2,1,1,1,1,1,4,4,4,4,4,1,3,3,1,3,2,2,1,2,4,4,1,4,3,4,1,4,3,2,1,2,3,2,2
pid_320,1,2,1,1,1,4,4,4,4,4,4,1,1,4,3,3,4,4,1,2,1,2,2,1,4,3,2,4,1,3,3,4,4,4,2,1,2,4,3,1,1,1,3,3,3,2,2,1,1,1,4,4,4,3,4,4,4,4,1,1,3,2,4,4,4,4,4,1,3,4,1,3,3,2,1,2,4,3,1,4,3,4,1,4,3,4,2,2,3,1,1
pid_1144,1,1,2,1,1,1,1,2,1,2,2,1,1,4,4,3,4,4,1,1,1,3,3,3,1,1,4,4,4,1,2,4,2,3,3,4,3,2,2,4,3,1,2,2,3,2,3,2,4,1,3,4,4,4,4,4,4,1,1,1,1,2,2,2,1,1,1,1,4,4,4,2,4,4,2,3,2,3,1,2,4,4,1,4,2,1,1,1,1,3,3
pid_1939,1,2,1,3,1,3,1,4,2,4,2,4,1,4,4,4,4,4,1,3,2,3,2,3,3,1,3,3,4,2,2,3,4,3,3,1,3,3,2,2,3,2,3,3,3,3,3,2,3,2,4,3,4,3,4,4,3,2,2,2,3,2,4,4,1,2,4,3,2,4,3,3,3,3,2,3,3,2,1,3,2,4,1,4,3,2,4,4,2,3,2
pid_1423,1,1,1,1,1,1,1,1,3,4,4,1,1,4,4,4,4,4,1,1,1,1,2,1,1,1,4,4,4,1,1,3,2,3,1,3,2,2,1,1,1,1,2,2,2,2,3,2,3,1,4,4,4,4,4,4,4,2,1,1,2,1,1,4,1,1,2,1,1,4,4,4,4,3,4,4,2,1,1,3,4,4,1,4,1,1,1,1,1,1,1
pid_647,1,1,1,1,1,3,3,4,4,4,4,4,1,4,4,4,4,4,1,2,1,2,2,2,3,2,4,4,2,2,4,4,4,2,2,1,4,3,2,1,1,1,3,3,3,3,3,2,2,1,4,4,4,3,4,4,4,3,4,2,4,1,4,4,4,4,4,1,4,1,1,2,4,4,1,2,4,4,1,4,1,4,1,4,4,3,1,2,3,2,1
pid_1690,1,1,1,2,1,4,1,4,2,4,2,2,1,4,4,4,4,4,1,2,2,2,2,2,4,1,4,4,4,1,2,4,2,3,3,3,3,2,2,2,2,1,2,2,2,3,3,2,3,1,4,4,4,4,4,4,4,3,3,3,4,3,4,4,1,2,4,1,3,4,1,4,4,3,3,3,3,2,1,4,2,4,1,4,2,1,1,1,1,3,2
pid_1977,1,1,1,2,1,4,1,4,4,4,4,4,3,2,2,2,2,4,2,3,2,4,3,3,4,1,4,4,3,3,3,4,4,4,4,2,3,3,2,4,2,2,3,3,3,3,3,2,3,3,2,2,2,2,2,2,2,1,1,1,2,1,4,4,2,4,4,2,3,4,3,4,4,4,2,2,3,3,1,4,3,4,1,4,3,2,3,3,2,3,3
pid_193,1,1,2,1,3,1,1,1,1,1,2,1,4,4,2,3,4,4,1,2,1,2,3,3,1,1,4,4,4,1,1,4,2,4,3,4,3,2,2,4,3,1,3,2,3,3,3,3,4,3,2,4,4,4,3,4,4,4,1,1,1,1,1,2,1,1,1,1,4,4,4,2,4,4,2,2,3,1,1,1,4,4,1,4,3,1,1,1,1,3,3
pid_609,1,1,2,2,1,3,1,4,4,4,4,3,2,4,2,4,4,4,1,2,2,3,2,2,2,1,2,3,3,1,2,2,3,4,2,1,2,3,2,3,2,1,3,2,3,2,2,2,2,1,4,4,4,3,4,4,4,1,1,1,1,1,4,3,1,1,4,2,2,4,3,3,3,2,2,3,3,3,1,4,1,4,1,4,3,2,1,2,2,3,1
pid_844,1,1,1,2,2,4,2,4,4,4,4,2,4,4,2,2,4,4,1,2,2,3,2,2,4,3,2,3,2,3,2,2,3,3,2,1,2,3,2,1,2,1,3,3,2,2,2,2,2,3,3,4,4,3,4,3,3,1,1,1,1,1,4,4,3,4,4,2,2,3,3,3,2,2,1,3,3,3,1,4,1,4,1,4,3,2,3,3,2,3,3
pid_1774,1,1,1,1,1,4,2,4,4,4,4,4,1,4,4,4,4,4,1,2,1,2,2,2,4,2,2,3,1,3,3,2,3,4,2,1,1,3,3,1,1,1,3,3,2,2,2,2,1,1,4,4,4,3,4,4,3,4,3,1,4,1,4,4,4,4,4,1,1,4,2,3,3,1,1,2,4,4,1,4,1,4,1,4,3,2,1,1,2,2,1
pid_1893,1,2,1,1,3,4,3,4,4,4,4,4,4,4,2,4,4,4,1,2,2,3,2,2,4,3,2,4,1,3,3,3,3,4,2,1,3,3,3,1,1,1,3,3,3,2,2,2,1,3,2,4,2,1,4,3,2,1,1,1,1,1,4,4,4,4,4,2,2,4,1,3,2,2,1,2,4,4,1,4,2,4,1,4,4,3,4,4,3,3,4
pid_510,1,1,1,1,1,2,1,4,2,4,2,2,1,4,4,4,4,4,1,3,3,3,2,3,1,1,4,4,4,1,2,4,2,4,3,2,2,2,2,1,2,1,3,3,2,2,3,1,3,1,4,4,4,4,4,4,4,4,4,2,3,3,4,4,1,2,4,1,3,4,4,4,4,3,3,3,4,2,1,3,2,4,1,4,2,1,1,1,1,1,2
pid_1589,1,3,2,3,1,3,3,4,4,4,4,2,3,4,2,2,3,4,1,2,2,2,2,2,3,1,3,3,2,2,2,3,4,3,2,2,3,3,3,3,2,2,2,3,3,2,3,2,3,3,3,4,4,3,4,3,4,1,4,2,2,2,4,4,2,4,4,2,3,4,3,3,3,2,1,3,3,3,1,4,2,4,1,4,3,2,2,2,2,3,4
pid_1213,2,1,1,1,1,4,4,4,4,4,4,4,3,2,2,2,2,4,3,3,3,4,2,2,4,4,2,4,1,4,3,3,4,3,3,1,3,4,4,1,1,1,3,3,3,2,3,2,1,3,3,2,2,2,2,2,3,1,1,1,1,1,4,4,4,4,4,1,2,3,1,3,3,3,1,2,4,4,1,4,1,4,1,4,3,3,3,4,3,3,1
pid_1158,1,1,2,3,1,2,1,4,4,4,4,1,1,4,3,4,4,4,1,2,2,3,2,2,3,1,3,3,1,3,3,3,4,4,3,2,2,3,2,2,2,1,3,3,3,2,2,1,2,1,4,4,2,2,3,3,4,2,1,2,4,2,3,4,2,3,4,2,3,4,3,4,3,3,2,3,3,1,1,4,3,4,1,4,3,1,1,2,1,3,1
pid_1925,1,1,2,1,1,1,1,2,1,4,3,1,1,2,3,2,2,4,1,2,1,2,3,3,1,1,4,4,1,3,3,3,3,3,2,3,1,3,3,2,1,1,3,3,3,3,3,2,4,1,3,4,2,2,2,3,3,1,1,2,4,3,1,1,1,1,1,1,1,4,4,2,4,2,1,2,3,3,1,1,2,4,1,4,4,1,1,1,1,1,1
pid_1116,1,1,1,4,1,4,1,4,4,4,4,1,1,4,4,2,4,4,1,2,1,2,1,1,4,1,3,2,1,1,2,3,4,3,2,2,1,3,2,3,1,1,2,3,2,2,2,1,1,1,4,3,4,4,4,4,4,3,1,2,4,3,4,4,1,2,4,3,2,4,2,4,3,2,2,3,3,1,1,4,2,4,1,4,2,1,1,1,1,4,1
pid_52,1,1,1,1,1,4,2,4,4,4,4,2,1,4,4,4,4,4,1,1,1,2,1,2,4,2,2,2,1,3,2,2,3,3,2,1,1,3,2,1,1,1,3,3,2,2,2,2,1,1,4,4,4,3,4,4,4,4,3,2,3,2,4,4,4,4,4,1,1,4,2,4,2,1,1,3,3,3,1,4,1,4,1,4,3,2,1,1,2,3,1
pid_372,1,1,1,1,1,1,1,2,1,4,4,1,1,4,4,4,4,4,1,2,1,4,3,3,1,1,4,4,4,1,2,3,2,4,3,3,3,2,2,2,3,1,3,3,3,2,3,2,3,1,4,4,4,4,4,3,4,2,1,2,3,3,2,3,1,1,1,1,3,4,4,3,4,4,2,3,2,1,1,2,4,4,1,4,1,1,1,1,1,2,1
pid_615,3,1,1,1,1,4,4,4,4,4,4,4,2,4,2,4,4,4,3,4,2,4,2,3,4,3,3,3,1,4,3,2,4,4,2,1,3,4,3,1,2,3,3,3,3,3,2,2,1,3,3,3,4,3,3,4,4,2,4,1,2,1,4,4,4,4,4,1,3,4,1,2,3,3,1,3,3,4,1,4,1,4,1,4,3,3,4,4,3,3,2
pid_1471,1,1,1,1,2,4,2,4,4,4,4,1,3,4,2,4,4,4,1,2,2,2,2,2,4,3,2,2,1,3,3,2,4,3,2,1,2,4,3,2,1,1,3,3,3,3,2,3,1,3,4,4,3,2,3,4,2,2,1,1,2,1,4,4,4,4,4,1,1,3,1,3,2,2,1,1,3,4,1,4,1,4,1,4,3,3,3,3,2,2,2
pid_542,1,2,3,3,1,3,2,4,4,4,2,4,4,4,2,2,4,4,1,4,4,4,4,4,3,1,4,4,4,2,3,4,4,4,4,2,4,4,3,2,3,4,4,3,4,3,3,3,3,4,2,3,2,2,2,2,2,1,1,1,1,1,4,3,1,1,2,3,4,4,1,2,4,4,1,2,4,3,1,2,2,4,1,4,3,2,4,3,2,4,4
pid_2037,1,1,1,1,1,2,1,2,4,4,4,2,1,4,4,4,4,4,1,2,1,2,3,3,1,1,4,3,4,1,1,4,2,4,3,1,2,1,1,4,2,1,2,2,3,2,3,2,3,1,4,4,4,4,4,4,4,4,4,2,2,2,4,4,1,1,2,1,4,4,4,2,4,4,3,4,2,2,1,2,3,4,1,4,3,1,1,1,1,3,2
pid_1726,1,1,1,2,1,1,1,4,4,4,4,4,3,2,2,2,3,4,1,2,1,3,2,2,1,1,3,2,2,2,2,3,4,3,2,1,2,3,3,1,1,1,3,3,3,3,3,2,2,3,2,2,3,3,2,2,3,1,1,1,1,1,4,4,2,4,4,2,3,4,2,2,3,2,1,2,3,3,1,4,1,4,1,4,3,2,1,2,1,2,1
pid_1241,1,1,1,2,1,2,1,4,4,4,4,4,1,4,4,4,4,4,1,2,2,2,2,2,2,2,3,3,2,2,2,3,3,3,3,1,2,3,2,2,2,2,3,3,2,3,3,2,2,2,4,4,4,3,4,4,4,3,4,2,3,2,4,4,2,4,4,1,2,4,2,3,3,2,2,3,3,2,1,4,1,4,1,4,2,2,3,3,1,2,2
pid_858,1,1,1,1,1,4,1,4,4,4,4,1,1,2,3,2,3,4,1,2,1,2,1,2,4,2,2,2,1,4,3,2,3,3,2,1,1,3,2,1,1,1,3,3,3,3,2,2,1,1,3,4,2,2,2,3,3,2,1,2,4,1,4,4,4,4,4,1,1,3,1,3,2,1,1,1,3,4,1,4,1,4,1,4,4,2,1,1,2,2,1
pid_296,1,1,2,2,1,2,1,3,3,4,4,4,4,4,3,4,4,4,1,2,2,2,2,2,2,1,4,4,4,1,2,4,3,4,3,2,3,2,2,3,2,1,2,2,2,2,3,1,3,3,4,4,4,3,4,4,4,2,1,1,2,2,4,3,1,1,2,1,3,4,4,3,4,3,2,4,2,2,1,4,3,4,1,4,2,1,1,2,1,2,2
pid_1768,1,1,1,1,1,1,1,4,4,4,4,1,1,4,4,4,4,4,1,1,1,2,1,1,1,1,1,2,1,3,1,2,2,3,1,1,1,3,2,1,1,1,3,3,3,2,2,1,1,1,4,4,4,2,4,4,4,4,4,2,2,1,4,4,4,4,4,1,1,4,1,2,2,1,1,1,3,4,1,4,1,4,1,4,3,1,1,1,1,1,1
pid_816,1,3,1,2,1,4,2,4,4,4,4,4,4,4,2,2,4,4,1,3,2,2,2,2,4,2,3,4,3,2,2,4,4,4,3,2,3,4,3,3,2,2,3,3,3,3,3,2,2,4,2,3,3,2,2,2,4,1,1,1,1,1,4,4,4,4,4,1,3,4,2,3,3,3,2,1,3,2,1,4,1,4,1,4,3,2,3,3,3,3,4
pid_1595,1,4,4,2,1,4,1,2,4,4,4,1,4,1,2,2,2,3,2,4,4,4,3,4,3,3,2,4,1,4,3,3,4,4,4,2,3,4,4,4,2,4,3,3,3,4,3,2,1,4,1,1,2,2,1,1,2,1,1,1,1,1,4,4,3,4,4,3,4,4,1,2,4,4,1,2,4,4,1,4,1,4,1,4,4,4,4,4,4,4,4
pid_438,1,1,1,1,2,3,1,4,4,4,4,2,2,4,4,4,4,4,1,2,2,2,1,2,3,2,2,3,1,3,3,2,3,3,2,1,2,3,2,1,1,1,3,3,2,2,2,1,1,1,4,3,3,2,3,4,3,4,2,3,4,3,4,4,4,4,4,1,2,4,2,3,2,2,1,2,4,3,1,4,1,4,1,4,3,2,1,2,2,1,1
pid_82,1,1,1,1,1,4,1,4,4,4,4,3,2,4,3,4,4,4,1,2,1,2,1,2,4,2,2,3,1,3,3,2,3,2,2,1,1,3,3,2,1,1,2,3,3,2,2,2,1,3,3,4,4,3,4,4,3,1,2,1,2,1,4,4,4,4,4,2,2,4,2,3,2,2,1,2,3,3,1,4,1,4,1,4,3,2,1,1,2,2,1
pid_922,1,1,1,2,2,4,2,4,4,4,4,3,1,4,4,4,4,4,1,2,1,2,2,2,4,1,2,2,2,2,2,2,3,3,2,2,2,3,2,2,1,1,3,3,2,2,2,2,2,1,4,4,4,3,4,4,4,2,4,2,2,1,4,4,2,4,4,2,2,4,3,3,2,2,2,2,3,3,1,4,1,4,1,4,2,2,1,1,1,2,2
pid_476,1,4,3,3,1,4,4,4,4,4,4,3,1,4,4,4,4,4,2,4,4,4,4,4,4,2,4,4,4,1,2,3,4,3,3,1,2,3,2,4,3,4,3,3,3,3,3,1,3,1,4,4,4,4,4,4,4,4,4,4,4,3,4,4,1,2,1,2,2,4,2,3,3,3,2,3,3,3,1,2,1,4,1,4,2,2,4,4,3,4,4
pid_1188,1,1,2,1,1,4,1,4,4,4,4,1,2,3,4,4,2,4,1,2,1,2,1,2,4,2,2,4,1,3,2,2,3,3,2,1,1,4,4,1,1,1,3,3,2,2,2,2,1,2,4,3,2,2,3,3,3,1,1,1,3,1,4,4,4,4,4,1,2,4,1,4,3,2,1,2,3,4,1,4,1,4,1,4,3,3,1,1,2,2,1
pid_1612,1,2,3,2,1,3,1,3,2,4,2,4,2,4,4,4,4,4,1,3,2,3,3,3,4,1,2,3,3,2,2,3,4,4,3,1,2,2,2,4,3,2,3,3,3,3,3,2,3,1,4,4,4,4,4,4,4,2,4,1,3,2,4,4,2,1,3,1,2,4,3,3,3,3,2,3,3,3,1,4,1,4,1,4,2,1,2,2,1,3,3
pid_1375,1,1,1,1,1,4,1,4,4,4,4,4,2,2,3,2,2,4,1,2,2,3,2,2,3,2,2,3,1,4,3,3,3,3,3,1,2,3,3,1,1,1,3,3,3,3,3,1,2,3,3,3,2,2,2,2,2,1,1,2,4,2,4,4,4,4,4,1,3,3,2,4,3,2,1,2,4,4,1,4,1,4,1,4,3,2,1,2,2,2,1
pid_111,1,1,1,1,1,1,1,2,1,4,1,4,4,4,2,2,4,4,2,3,2,3,3,3,1,1,4,4,4,1,3,4,3,4,3,3,4,2,3,2,3,2,3,3,3,3,3,2,3,3,2,4,2,2,3,2,3,1,1,1,1,1,1,1,1,1,2,2,4,4,4,2,4,4,1,2,3,1,1,2,2,4,1,4,3,1,2,3,1,4,4
pid_1022,1,1,1,1,2,4,1,4,4,4,4,4,3,3,2,3,4,4,1,2,2,2,1,1,4,2,2,2,1,4,3,2,3,3,2,1,2,4,3,1,1,1,3,3,2,2,2,2,1,3,2,4,3,2,3,4,2,1,1,1,1,1,4,4,4,4,4,1,2,4,2,4,4,2,1,2,3,4,1,4,4,4,1,4,3,3,1,1,2,3,2
pid_246,1,3,1,2,2,4,1,4,2,4,2,2,1,4,4,4,4,4,1,3,2,4,3,4,4,1,4,4,4,1,3,4,2,4,3,3,4,2,1,4,4,3,3,2,3,3,3,2,4,1,4,4,4,4,4,4,4,4,4,3,3,4,4,4,1,1,1,2,3,4,4,3,4,4,3,4,3,2,1,2,4,4,1,4,2,1,3,3,1,3,4
pid_721,1,1,1,1,2,4,1,4,4,4,4,1,1,4,4,4,4,4,1,2,1,2,1,2,4,1,2,3,1,3,2,1,3,2,2,1,1,3,3,1,1,1,3,3,2,2,2,1,1,1,4,4,3,3,4,4,3,4,4,2,4,2,4,4,4,4,4,1,1,3,1,4,2,2,1,2,4,3,1,4,1,4,1,4,3,2,1,1,3,2,1
pid_1545,1,1,1,2,1,4,2,4,2,4,4,2,1,4,4,4,4,4,1,1,1,2,2,2,4,1,3,3,3,1,2,3,2,3,3,2,2,2,2,3,2,1,3,3,2,2,3,1,3,1,4,4,4,4,4,4,4,4,3,4,4,3,4,4,1,2,2,2,2,4,2,4,3,2,3,3,2,2,1,4,2,4,1,4,2,1,1,1,1,4,2
pid_592,1,1,1,2,1,1,1,3,4,4,4,1,1,4,4,4,4,4,1,1,1,2,2,2,1,1,2,2,2,2,3,3,4,3,2,2,1,2,2,1,1,1,2,2,2,2,2,2,2,1,4,4,4,3,4,4,4,2,2,2,3,2,2,4,1,2,4,2,2,4,3,4,3,2,2,4,3,3,1,4,2,4,1,4,3,1,1,1,1,3,1
pid_1811,1,2,1,2,2,4,2,4,4,4,4,2,4,2,2,2,2,4,1,2,1,3,1,2,4,2,2,3,1,3,2,2,3,3,2,2,1,4,3,1,1,1,3,3,3,2,2,2,1,3,2,3,2,2,2,3,2,1,1,1,1,1,4,4,4,4,4,3,1,4,2,4,3,1,1,2,4,3,1,4,1,4,1,4,3,3,4,3,3,4,4
pid_208,1,1,1,2,4,1,1,1,2,4,2,1,1,4,4,4,4,4,1,1,1,1,2,2,1,1,4,4,4,1,2,3,1,3,3,3,3,1,1,4,2,1,2,2,2,2,3,1,3,1,4,4,4,4,4,4,4,4,4,2,2,1,1,2,1,1,2,1,3,4,1,4,4,3,3,3,2,2,1,2,4,4,1,4,2,1,1,1,1,1,2
pid_1291,1,2,1,1,1,2,2,4,4,4,4,2,2,4,4,4,4,4,1,2,2,2,2,2,2,2,2,3,1,4,3,2,4,4,2,1,2,3,2,1,1,1,3,3,3,2,2,1,2,1,4,4,4,3,4,4,3,4,4,3,4,3,4,4,4,4,4,1,1,4,2,4,2,2,1,2,3,3,1,4,1,4,1,4,3,3,2,3,3,3,3
pid_888,1,2,1,1,4,4,2,4,4,4,4,2,3,4,4,3,4,4,1,2,2,2,1,2,4,1,2,3,1,3,3,2,3,3,2,1,2,4,3,1,1,1,3,3,3,3,2,2,1,2,4,4,4,3,4,4,4,4,2,1,2,1,4,4,4,4,4,1,2,4,2,3,2,2,1,2,4,3,1,4,2,4,1,4,3,2,2,2,2,2,2
pid_139,1,1,1,2,1,4,1,3,2,4,1,1,1,4,4,4,4,4,1,1,1,1,1,2,4,1,4,4,3,1,1,3,2,3,2,4,2,1,2,4,1,1,3,2,3,1,3,1,3,1,4,4,4,3,4,4,4,2,1,1,1,1,4,4,1,2,4,1,3,4,1,3,4,3,2,3,2,1,1,2,4,4,1,4,1,1,1,1,1,2,1
pid_944,1,3,1,3,1,4,1,4,4,4,4,1,2,4,4,4,4,4,1,2,1,4,2,4,4,1,3,3,2,1,2,3,4,3,3,1,3,3,2,3,2,2,3,3,3,3,3,1,3,1,4,4,4,3,4,4,4,2,4,3,4,4,4,4,1,3,4,1,2,4,2,4,3,2,2,3,4,2,1,4,1,4,1,4,2,2,2,1,1,2,3
pid_1313,1,1,1,1,1,4,1,4,4,4,4,4,1,4,4,4,4,4,1,1,1,2,2,2,3,1,4,4,4,1,2,4,2,4,3,3,3,2,1,3,1,1,2,2,2,2,3,1,3,1,4,4,4,4,4,4,4,4,1,3,3,2,4,4,1,2,2,1,3,4,4,3,4,3,1,4,2,1,1,4,3,4,1,4,2,1,1,1,1,2,1
pid_177,1,2,1,3,3,4,2,3,2,4,2,2,2,4,2,4,4,4,1,3,2,3,3,3,4,1,4,4,4,3,3,4,4,4,3,3,3,3,3,2,3,3,3,3,3,3,3,2,3,1,4,4,4,3,4,4,4,4,1,1,2,1,4,4,1,4,2,2,3,4,4,2,4,3,1,3,3,3,1,4,4,4,1,4,3,1,1,3,2,4,4
pid_1489,1,1,1,2,1,3,1,3,2,4,2,2,1,4,2,4,4,4,1,2,1,4,3,3,2,1,4,3,4,1,2,4,2,4,3,4,3,2,2,2,2,2,3,2,3,3,3,1,3,3,4,4,4,4,4,4,4,1,1,1,1,1,4,3,1,1,2,1,4,4,1,2,4,4,2,2,3,2,1,2,4,4,1,4,3,1,1,1,1,2,2
pid_410,1,1,1,1,1,4,2,4,4,4,4,4,1,4,4,4,4,4,1,2,1,2,1,2,4,2,2,4,1,2,2,2,3,3,2,1,2,4,2,1,1,1,3,3,2,2,2,2,1,1,4,3,4,3,4,4,3,4,3,2,4,3,4,4,4,4,4,1,2,4,2,4,2,2,1,3,3,4,1,4,2,4,1,4,3,2,1,2,2,1,1
pid_1993,1,1,1,1,1,4,1,4,4,4,4,4,1,4,4,4,4,4,1,2,1,2,2,1,4,2,2,3,1,2,2,2,2,3,2,1,2,3,2,1,1,1,3,3,3,2,2,2,1,1,4,4,4,3,4,4,3,4,4,2,3,2,4,4,4,4,4,1,1,4,2,4,2,1,1,2,3,4,1,4,1,4,1,4,3,2,2,2,2,2,1
pid_1674,3,3,1,1,4,4,4,4,4,4,4,1,3,2,2,2,4,4,3,3,3,4,2,3,4,2,2,4,1,4,3,2,4,3,2,2,2,4,4,2,2,2,3,3,3,3,3,1,2,3,3,4,4,2,2,3,4,4,1,1,2,1,4,4,4,4,4,1,2,4,1,4,3,2,1,2,3,3,1,4,1,4,1,4,3,2,4,4,2,3,1
pid_747,1,1,1,2,1,3,1,4,4,4,4,4,3,4,2,4,4,4,1,2,2,3,2,2,3,3,2,4,1,3,3,2,4,3,2,1,1,3,3,4,1,1,3,3,3,3,2,1,1,3,2,2,3,2,4,2,2,1,1,1,1,1,4,4,4,4,4,2,1,4,2,3,2,2,1,2,3,3,1,4,1,4,1,4,3,3,3,2,2,2,3
pid_1523,1,2,2,1,1,1,1,4,4,4,4,4,4,4,4,4,4,4,2,2,2,3,3,3,1,1,3,3,4,1,2,4,4,3,3,2,3,2,2,3,3,3,3,3,3,3,3,1,4,3,4,4,4,4,4,4,3,1,1,1,1,1,3,3,1,2,2,1,3,4,4,3,4,3,3,3,3,2,1,4,2,4,1,4,2,1,2,3,1,4,3
pid_1839,1,1,1,1,2,4,2,4,4,4,4,4,4,3,2,2,4,4,1,2,2,2,1,2,4,3,2,4,1,3,3,2,3,3,2,1,2,4,3,1,1,1,3,3,3,2,2,2,1,3,2,3,3,3,3,2,3,1,1,1,1,1,4,4,4,4,4,1,3,3,3,4,4,1,1,1,4,4,1,4,2,4,1,4,3,3,4,2,3,2,4
pid_1044,1,1,1,1,2,1,1,2,1,2,2,1,2,4,4,4,4,4,1,2,1,2,2,3,1,1,4,3,4,1,2,3,3,4,2,3,2,2,2,4,2,1,3,2,2,2,3,2,3,1,4,4,4,4,4,4,4,2,1,1,1,2,2,1,1,2,1,1,2,4,1,3,3,3,3,3,3,2,1,2,3,4,1,4,2,1,1,1,1,3,2
pid_220,1,1,1,1,1,2,1,2,1,2,1,2,4,4,2,4,4,4,1,2,1,3,3,3,1,1,4,4,4,1,1,3,2,3,3,3,3,2,1,3,3,1,3,2,3,2,3,2,4,2,3,4,4,3,4,4,4,1,1,1,1,1,2,2,1,1,1,1,4,4,4,2,4,4,3,3,3,1,1,2,4,4,1,4,3,1,1,1,1,2,2
pid_709,1,1,1,1,1,4,1,4,4,4,4,3,3,3,2,2,4,4,1,2,1,3,1,2,4,3,2,3,1,3,3,2,3,4,2,1,2,3,3,4,1,1,3,3,3,3,2,2,1,3,2,2,3,2,2,3,2,1,1,1,1,1,4,4,4,4,4,1,3,2,1,4,3,2,1,1,3,4,1,4,1,4,1,4,3,3,2,3,3,2,2
pid_1877,1,1,1,1,2,4,1,4,4,4,4,2,3,3,2,4,4,4,1,2,1,2,1,2,4,2,1,3,1,3,3,2,4,4,2,1,2,4,3,1,1,1,3,3,2,2,2,2,1,2,3,4,3,2,4,3,3,1,1,1,1,1,4,4,4,4,4,1,1,2,2,4,3,2,1,2,4,4,1,4,1,4,1,4,4,2,2,2,2,2,1
pid_1790,3,3,1,1,2,4,3,4,4,4,4,4,3,2,2,2,2,4,2,3,2,3,2,2,4,2,2,4,1,4,3,3,4,4,3,2,2,4,3,2,2,2,3,3,3,3,2,2,1,3,2,4,2,2,3,2,2,1,1,1,1,1,4,4,4,4,4,1,3,3,1,4,3,3,1,2,4,4,1,4,2,4,1,4,3,3,4,4,3,3,3
pid_1459,1,1,1,1,1,4,2,4,4,4,4,1,4,2,2,2,2,4,1,2,1,1,1,1,4,3,3,4,1,3,3,4,4,4,3,1,3,4,3,1,1,1,3,3,3,3,2,2,1,3,2,2,3,2,2,3,2,1,1,1,2,1,4,4,4,4,4,1,3,3,1,2,3,2,1,2,4,4,1,4,1,4,1,4,3,3,2,4,3,4,2
pid_1943,1,1,1,1,4,4,1,4,4,4,4,3,4,4,1,3,4,4,2,3,2,3,2,2,4,3,2,3,1,4,3,3,4,4,2,1,3,4,4,2,1,2,3,3,3,3,3,1,1,4,2,2,2,2,2,1,1,1,1,1,1,1,4,4,4,4,4,1,2,4,1,2,4,2,1,1,4,4,1,4,1,4,1,4,4,3,2,2,3,3,1
pid_673,1,1,1,1,1,2,2,2,1,4,2,1,1,4,4,4,4,4,1,3,2,4,4,4,1,1,4,4,4,1,2,4,2,4,4,3,4,1,2,3,3,2,3,2,3,3,4,1,4,1,4,4,4,4,4,4,4,4,4,4,2,2,3,3,1,1,1,1,4,4,4,2,4,4,1,3,4,1,1,2,4,4,1,4,1,1,2,1,1,4,3
pid_994,1,1,1,2,2,3,1,4,4,4,4,2,2,4,3,4,4,4,1,2,1,2,2,2,2,2,3,4,2,2,2,3,4,3,2,1,2,3,3,1,1,1,3,3,2,2,2,2,2,2,4,4,4,3,4,4,3,3,1,1,2,1,4,4,1,2,4,2,2,4,2,3,3,3,2,3,3,3,1,4,2,4,1,4,2,2,1,1,1,2,1
pid_1417,1,3,1,2,1,4,2,4,4,4,4,3,1,4,4,4,4,4,1,3,2,4,3,2,4,2,2,3,2,3,3,3,3,3,2,2,2,3,3,4,1,1,3,3,3,3,2,1,1,1,4,4,4,2,4,4,4,4,4,4,4,2,4,4,4,4,4,2,2,4,3,3,2,2,1,2,3,3,1,4,2,4,1,4,3,2,3,4,2,3,3
pid_34,1,2,1,2,1,4,3,4,4,4,4,4,2,4,2,4,4,4,2,4,2,4,3,4,4,2,3,4,4,3,3,4,4,4,4,3,3,3,3,4,2,3,3,3,3,3,3,3,3,3,2,3,2,2,2,3,2,1,1,1,2,1,4,4,1,4,4,2,3,3,2,2,4,4,1,2,3,3,1,4,1,4,1,4,3,2,4,4,3,3,3
pid_1170,1,1,1,2,3,1,1,3,4,4,4,1,4,3,2,4,4,4,1,2,1,2,2,2,1,2,3,4,2,4,3,3,4,3,3,1,3,3,2,2,1,2,3,3,3,3,2,2,2,3,2,3,2,2,3,2,2,1,1,1,1,1,4,4,1,4,4,2,3,4,2,4,3,3,1,2,3,3,1,4,2,4,1,4,3,2,1,1,2,2,2
pid_314,1,1,1,1,1,1,1,1,1,4,1,1,4,3,2,2,4,4,1,3,1,3,4,4,1,1,4,4,4,1,2,4,1,3,3,4,3,2,2,2,2,2,3,2,3,3,4,1,4,3,3,4,4,4,4,2,4,1,1,1,1,1,1,1,1,1,1,1,4,3,4,2,4,4,1,2,1,1,1,1,4,3,1,4,1,1,1,1,1,4,2
pid_1227,1,1,3,1,1,1,1,2,1,4,4,1,3,4,2,2,4,4,1,2,1,2,2,3,1,1,4,4,4,1,1,4,2,4,3,3,3,2,1,3,2,1,2,2,2,2,4,2,3,1,4,4,4,3,3,4,4,1,1,1,2,1,2,3,1,1,1,2,4,4,4,3,4,4,3,3,1,2,1,2,4,4,1,4,1,1,1,1,1,2,1
pid_524,1,1,1,1,4,1,1,4,4,4,4,1,3,3,2,2,4,4,1,1,1,1,1,1,4,2,2,2,1,3,2,2,4,2,2,1,1,4,2,1,1,1,3,3,3,3,2,2,1,3,2,3,2,2,4,3,2,4,1,1,1,1,4,4,4,4,4,1,1,3,1,3,2,1,1,1,4,3,1,4,1,4,1,4,3,2,1,1,2,2,1
pid_1740,1,3,1,3,1,4,2,4,4,4,4,4,3,4,2,3,4,4,1,3,1,3,2,2,4,1,3,4,2,2,2,3,3,3,3,2,3,3,2,2,1,1,3,3,2,2,2,1,2,3,3,4,4,4,4,4,4,1,1,1,1,1,4,4,2,3,4,3,2,4,3,4,3,3,2,2,3,3,1,4,2,4,1,4,3,2,4,3,2,3,4
pid_2051,1,1,1,1,1,1,1,3,3,4,4,4,2,4,4,4,4,4,1,1,1,2,2,3,1,1,4,4,4,1,1,3,1,3,3,3,4,1,2,1,2,1,3,2,2,2,4,2,3,1,4,4,4,4,4,4,4,1,1,1,2,2,2,1,1,1,1,1,4,4,4,2,4,4,4,3,3,3,1,1,4,3,1,3,3,1,1,1,1,4,1
pid_797,1,1,1,1,1,4,1,4,4,4,4,4,4,2,1,2,1,3,3,4,3,4,2,3,4,4,3,3,1,4,4,3,4,4,4,2,3,4,4,3,1,2,3,4,4,3,2,1,1,4,1,1,2,1,1,1,1,1,1,1,1,1,4,4,4,4,4,1,3,2,1,2,3,2,1,1,4,4,1,4,4,4,1,4,4,4,4,4,4,4,4
pid_1269,1,1,1,2,1,3,1,2,4,4,4,1,1,4,4,4,4,4,1,2,1,4,3,4,2,1,3,4,4,1,2,4,4,4,3,2,3,3,2,3,2,2,3,2,2,3,3,2,3,2,4,4,4,4,4,4,4,2,1,2,2,2,4,4,1,1,4,1,3,4,4,4,4,3,1,3,3,1,1,4,3,4,1,4,2,1,2,1,1,2,3
pid_870,1,1,1,2,4,1,1,2,2,4,4,1,1,4,4,4,4,4,1,2,1,2,2,2,1,1,4,3,4,1,1,4,2,2,3,3,3,2,1,3,1,1,3,2,2,2,3,2,3,1,4,4,4,4,4,4,4,4,4,2,2,2,2,4,1,1,2,1,4,4,4,4,4,3,3,3,2,2,1,4,4,4,1,4,1,1,1,1,1,1,2
pid_1094,2,4,1,2,1,4,4,4,4,4,4,4,3,4,2,3,4,4,3,4,3,4,3,3,4,2,3,4,3,3,3,4,4,4,3,1,3,4,3,2,3,3,3,3,3,3,3,2,1,4,2,4,4,2,4,4,3,1,1,1,1,1,4,4,4,4,4,2,3,3,1,2,4,3,1,2,4,3,1,4,1,4,1,4,3,3,4,4,4,4,4
pid_393,1,1,1,1,1,1,1,4,4,4,4,1,1,4,4,4,4,4,1,1,1,2,2,2,1,1,2,2,1,1,1,2,3,3,2,1,2,2,2,1,1,1,2,3,2,2,2,2,2,1,4,4,4,2,4,4,4,4,2,2,2,2,1,4,1,4,4,1,2,3,2,3,2,2,1,2,3,2,1,4,1,4,1,4,2,1,1,1,1,1,1
pid_409,1,1,1,1,1,2,1,3,2,4,4,1,1,4,4,4,4,4,1,1,1,2,2,2,1,1,4,4,4,1,2,3,2,4,3,1,3,2,1,1,1,1,2,2,3,2,4,1,3,1,4,4,4,4,4,4,4,1,1,1,1,1,4,4,1,1,1,1,3,4,4,4,4,3,3,3,3,1,1,4,2,4,1,4,2,1,1,1,1,1,1
pid_1490,1,1,1,1,1,2,1,4,4,4,4,4,3,4,2,2,4,4,2,3,2,3,2,2,3,2,2,3,1,4,3,2,4,3,3,2,2,4,3,1,1,1,3,3,3,3,2,1,1,3,2,2,2,2,2,2,3,1,1,1,2,1,4,4,4,4,4,1,3,2,2,3,3,2,1,2,4,4,1,4,1,4,1,4,4,3,2,2,3,2,1
pid_913,1,1,1,1,1,4,1,4,4,4,4,2,2,4,2,4,4,4,1,2,2,2,1,2,4,2,2,3,1,3,3,2,3,2,2,1,1,4,3,1,1,1,3,3,3,2,2,2,1,2,4,4,3,2,4,4,2,1,1,1,2,1,4,4,4,4,4,1,1,4,1,4,2,1,1,2,3,3,1,4,1,4,1,4,3,2,1,1,2,2,1
pid_1623,1,2,1,1,2,4,2,4,4,4,4,1,2,4,4,4,4,4,1,2,1,2,2,2,4,2,2,4,1,3,3,2,3,3,2,1,1,4,3,1,1,1,3,3,3,2,2,1,1,1,4,4,4,2,4,4,4,3,2,1,3,2,4,4,4,4,4,1,1,4,1,4,3,1,1,2,4,3,1,4,1,4,1,4,4,3,2,2,2,2,1
pid_447,1,1,2,1,1,1,1,2,1,4,2,1,1,3,4,2,3,4,1,2,1,3,3,3,1,1,4,4,4,1,2,4,2,3,3,3,4,2,2,4,2,2,3,2,3,2,3,2,3,1,3,3,4,3,3,4,4,3,2,4,2,2,1,1,1,1,1,1,3,4,4,2,4,3,1,4,3,2,1,2,4,4,1,4,2,1,1,1,1,3,1
pid_120,1,1,1,1,2,1,1,1,1,2,1,1,1,4,4,4,4,4,1,2,1,4,3,3,1,1,4,4,4,1,2,4,4,4,3,3,4,3,1,4,3,3,3,3,3,3,4,2,4,1,4,4,4,3,4,4,4,4,3,2,2,2,1,2,1,1,1,1,3,4,4,2,4,4,2,3,4,3,1,2,4,4,1,4,2,1,1,1,1,3,2
pid_1344,1,3,1,1,1,4,2,4,4,4,4,4,3,4,4,4,4,4,1,2,2,3,2,2,4,1,4,4,4,1,2,3,2,4,3,3,3,2,1,1,1,1,3,2,3,3,3,1,3,1,4,4,4,3,4,4,4,2,4,1,1,1,4,4,1,4,2,1,3,4,4,4,4,3,3,3,2,2,1,4,3,4,1,4,3,1,3,3,1,2,3
pid_1789,1,1,1,1,1,2,1,4,4,4,4,1,3,4,4,4,4,4,1,2,1,2,2,3,1,1,3,4,3,1,2,3,3,4,2,3,2,2,2,1,2,1,3,2,2,2,3,1,3,1,4,4,4,4,4,4,4,2,2,1,2,2,4,4,1,1,4,2,2,4,1,4,3,2,2,3,3,3,1,3,2,4,1,4,2,1,1,1,1,2,1
pid_277,1,1,1,1,1,3,1,2,4,4,4,4,4,4,3,4,4,4,1,2,2,3,2,2,3,1,4,4,4,1,3,4,2,3,4,2,3,2,2,4,2,1,3,2,3,3,3,2,3,3,3,4,4,3,4,4,4,1,1,1,1,1,3,4,1,2,1,1,3,4,4,2,4,4,3,2,3,1,1,4,3,4,1,4,2,1,2,2,1,3,1
pid_1013,1,1,1,1,1,4,2,4,4,4,4,3,4,4,2,2,4,4,1,3,2,4,2,2,4,4,2,3,1,4,3,3,4,3,2,1,2,4,4,1,1,2,3,3,3,3,2,2,1,4,2,2,3,2,3,3,2,1,1,1,1,1,4,4,4,4,4,1,2,2,1,3,3,2,1,1,4,4,1,4,3,4,1,4,3,3,3,3,3,3,4
pid_1574,1,1,1,2,1,1,1,3,2,4,2,2,3,4,2,4,4,4,1,3,2,3,3,2,1,1,4,4,3,1,2,3,3,4,2,2,3,2,2,3,2,2,3,2,3,3,3,2,3,3,3,3,4,3,4,4,3,1,1,1,1,1,4,3,1,1,2,1,2,4,2,3,3,3,3,3,3,3,1,2,1,4,1,4,3,1,1,2,1,3,2
pid_710,1,1,1,2,1,1,1,4,4,4,4,4,4,4,2,4,4,4,3,2,3,2,2,2,1,2,2,2,1,2,2,3,3,4,2,1,2,3,2,1,1,1,3,3,3,3,2,1,2,3,4,4,4,2,4,4,3,1,1,1,1,1,3,3,2,2,4,1,2,4,2,4,2,1,1,2,3,3,1,4,2,4,1,4,3,2,2,2,2,2,4
pid_239,1,1,1,2,2,3,1,4,4,4,4,1,1,4,4,4,4,4,1,2,1,2,2,2,2,1,2,3,2,1,2,3,4,4,2,1,2,2,2,2,1,1,2,2,2,2,2,2,2,1,4,4,4,3,4,4,4,3,1,2,3,2,4,4,1,2,4,2,2,4,3,3,3,1,2,3,3,2,1,4,2,4,1,4,2,1,2,2,1,2,2
pid_1820,1,1,1,1,1,4,2,4,4,4,4,4,1,4,3,4,4,4,1,2,1,2,2,2,4,2,2,3,2,3,2,3,3,3,2,1,2,3,2,2,1,1,2,3,3,3,2,2,1,2,4,3,4,3,4,4,3,3,1,1,3,2,4,4,3,4,4,1,2,3,2,3,3,2,1,2,3,3,1,4,1,4,1,4,3,2,1,2,2,2,1
pid_1169,1,1,1,1,1,2,1,4,4,4,4,4,3,4,3,4,4,4,1,2,1,2,1,2,3,2,2,2,1,3,2,2,3,2,2,1,1,3,3,2,1,1,3,3,3,3,2,1,1,1,4,4,4,3,4,4,3,2,1,1,2,1,4,4,3,4,4,1,1,4,3,3,2,2,1,2,3,4,1,4,2,4,1,4,3,2,1,2,2,2,1
pid_1914,1,1,1,2,1,3,1,4,4,4,4,4,2,4,2,4,4,4,1,2,1,2,1,2,2,1,2,3,1,3,2,2,2,3,2,1,2,3,2,1,1,1,2,3,2,2,2,2,1,2,4,4,4,3,4,4,3,1,1,1,2,2,4,4,4,4,4,1,1,4,2,3,2,2,1,2,3,3,1,4,1,4,1,4,3,2,1,1,1,2,1
pid_497,1,1,1,1,1,1,1,4,4,4,4,3,2,4,4,4,4,4,1,2,1,2,2,1,1,2,2,3,1,3,3,2,3,4,2,1,1,4,2,1,1,1,2,3,2,2,2,1,1,1,4,4,4,2,4,4,4,2,2,1,2,1,4,4,4,4,4,1,1,4,1,4,2,1,1,2,4,4,1,4,1,4,1,4,3,1,1,1,1,2,1
pid_1394,1,3,2,2,1,1,1,2,1,2,1,4,3,4,4,4,4,4,1,2,2,3,3,3,1,1,4,4,4,1,2,3,3,3,3,3,4,2,2,4,3,3,3,3,3,3,3,2,3,2,4,4,4,4,4,4,4,2,2,1,2,1,3,1,1,1,1,1,2,4,4,3,4,3,3,4,2,1,1,2,4,4,1,4,2,1,2,3,1,4,3
pid_343,1,1,2,2,1,4,2,4,4,4,4,3,2,4,4,4,4,4,1,2,2,2,1,2,4,2,2,3,2,3,2,2,3,3,2,1,2,3,2,1,1,1,3,3,2,2,2,1,2,1,4,4,4,3,4,4,4,2,4,2,2,2,4,4,4,4,4,2,1,4,2,4,2,2,1,3,4,3,1,4,1,4,1,4,3,2,3,2,2,3,2
pid_63,1,3,3,1,1,1,2,1,1,1,1,3,2,4,2,3,4,4,2,3,3,4,4,4,3,1,4,4,4,1,3,4,2,4,4,4,4,2,3,4,3,3,3,2,3,3,4,2,4,3,3,4,4,4,3,3,4,1,1,1,1,1,1,1,1,1,1,1,4,4,4,2,4,4,2,3,4,1,1,1,4,2,1,4,1,1,3,1,1,4,4
pid_1127,1,1,1,1,1,4,1,4,4,4,4,1,1,4,4,4,4,4,1,2,1,2,1,1,4,1,2,3,1,2,2,2,3,2,1,1,1,3,3,1,1,1,3,3,3,2,2,2,2,1,4,4,4,3,4,4,3,4,4,2,3,2,4,4,4,4,4,1,1,4,2,4,2,1,1,3,3,4,1,4,1,4,1,4,3,2,1,1,1,1,1
pid_1440,1,1,1,2,3,4,1,4,4,4,4,1,1,4,4,4,4,4,1,2,1,2,1,2,3,2,2,2,2,2,2,2,3,2,2,1,2,2,2,1,1,1,2,2,2,2,2,1,2,1,4,4,4,3,4,4,4,4,4,2,4,2,4,4,2,4,4,1,1,4,3,4,2,2,1,3,3,3,1,4,2,4,1,4,2,2,1,1,1,1,1
pid_624,1,1,1,1,1,4,1,4,4,4,4,4,2,4,3,4,4,4,1,2,1,3,1,2,4,2,2,3,1,2,3,2,2,4,1,1,2,3,2,1,1,1,3,3,3,3,2,1,1,1,4,4,4,2,4,4,4,4,4,1,3,1,4,4,4,4,4,1,1,3,1,4,2,2,1,2,3,3,1,4,1,4,1,4,3,2,1,1,1,2,1
pid_1717,1,1,1,2,2,1,1,1,1,4,2,1,2,4,4,4,4,4,1,1,1,1,2,2,1,1,4,3,3,1,2,4,2,4,3,3,3,2,1,4,1,1,2,2,2,2,3,1,3,1,4,4,4,4,4,4,4,3,1,1,1,1,2,4,1,1,1,1,3,4,4,4,4,3,3,3,1,2,1,2,3,4,1,4,1,1,1,1,1,1,2
pid_2006,1,3,2,1,1,2,3,4,2,4,3,3,3,4,3,4,4,4,1,2,1,3,2,2,2,1,4,4,4,1,2,3,3,4,3,3,3,2,2,3,3,2,3,2,3,2,3,2,3,1,4,4,4,4,4,4,4,1,1,1,1,1,4,4,1,2,4,1,3,4,4,3,4,4,2,4,3,1,1,4,2,4,1,4,2,1,3,3,1,3,3
pid_573,1,1,1,1,1,4,2,4,4,4,4,4,1,3,4,3,4,4,1,2,1,2,1,2,4,2,2,2,1,3,2,2,3,2,2,1,2,4,3,1,1,1,3,3,3,3,2,2,1,1,4,4,4,2,4,4,4,4,4,2,4,2,4,4,4,4,4,1,1,4,2,4,2,2,1,2,4,3,1,4,1,4,1,4,3,2,1,1,2,2,1
pid_869,1,1,1,1,1,4,1,4,2,4,4,2,1,4,4,3,4,4,1,2,1,2,2,2,4,1,3,4,3,1,2,4,2,3,2,2,3,2,2,2,2,1,3,2,3,2,3,2,3,1,4,4,4,3,4,4,4,4,1,2,3,2,4,4,1,2,1,1,3,4,1,3,4,3,2,3,3,2,1,2,2,4,1,4,2,1,1,1,1,1,1
pid_1270,1,1,1,1,3,1,1,2,1,2,2,1,1,4,4,4,4,4,1,2,1,4,3,4,1,1,4,4,4,1,2,4,1,4,4,4,4,2,2,4,1,1,2,2,3,3,3,2,4,1,4,4,4,3,4,4,4,2,3,1,1,2,1,2,1,1,1,1,4,4,4,2,4,4,3,3,2,2,1,2,4,4,1,4,2,1,1,1,1,2,2
pid_1759,1,1,1,1,1,3,1,4,4,4,4,1,1,4,4,4,4,4,1,2,1,2,1,2,3,2,2,3,1,2,1,2,3,2,2,1,1,3,3,1,1,1,2,3,2,2,2,1,1,1,4,4,4,2,4,4,3,4,2,2,4,2,4,4,3,4,4,1,2,4,2,4,2,1,1,2,4,3,1,4,1,4,1,4,3,1,1,1,1,2,1
pid_2048,1,1,1,2,1,4,2,4,4,4,4,4,4,4,2,3,4,4,1,2,2,2,1,2,4,2,3,3,2,2,2,2,3,3,2,2,2,3,3,2,2,1,3,3,3,3,2,2,2,4,2,3,4,2,2,2,2,1,1,1,1,1,4,4,3,4,4,2,2,4,2,3,3,2,1,2,3,3,1,4,2,4,1,4,3,2,2,2,2,2,3
pid_827,1,2,3,1,1,2,1,2,1,2,2,2,1,4,4,4,4,4,1,3,2,3,3,3,1,1,4,4,4,1,2,4,2,4,4,2,3,2,2,4,3,2,3,2,3,3,3,1,4,1,4,4,4,4,4,4,4,4,4,2,3,2,2,2,1,1,4,1,4,4,1,3,4,4,3,2,3,1,1,2,2,4,1,4,1,1,3,2,1,3,3
pid_1468,1,1,1,2,1,3,1,3,3,4,4,1,1,4,4,4,4,4,1,2,2,3,2,2,2,2,3,3,2,3,2,2,3,3,3,2,2,2,2,1,2,1,3,3,2,2,2,1,3,1,4,4,4,3,4,4,4,4,2,3,4,2,3,4,1,3,2,2,2,4,3,4,3,2,2,3,3,2,1,4,2,4,1,4,2,2,1,2,2,2,2
pid_196,1,1,1,1,4,4,1,4,4,4,4,1,1,4,4,4,4,4,1,1,1,1,1,1,4,2,2,3,1,3,2,2,3,3,1,1,1,4,2,1,1,1,3,3,2,3,2,1,1,1,4,4,4,2,4,4,4,4,4,1,3,2,4,4,4,4,4,1,1,4,1,4,2,1,1,2,4,3,1,4,1,4,1,4,3,2,1,1,2,1,1
pid_1695,1,1,1,1,1,3,1,4,4,4,4,1,1,4,4,4,4,4,1,2,1,2,1,2,2,1,2,3,1,2,2,2,3,3,1,1,1,3,2,2,1,1,3,3,2,2,2,2,1,1,4,4,4,3,4,4,3,4,4,1,4,1,4,4,4,4,4,1,2,4,2,4,2,1,1,2,3,3,1,4,2,4,1,4,3,1,1,1,1,2,1
pid_1972,1,1,1,2,1,1,1,4,4,4,4,3,1,4,4,4,4,4,1,2,1,2,2,2,1,2,2,3,1,3,3,2,3,3,2,1,2,3,2,3,1,1,3,3,2,2,2,2,2,1,2,4,2,2,2,2,3,2,2,3,4,4,4,4,4,4,4,2,2,4,2,4,2,2,1,2,4,3,1,4,2,4,1,4,3,2,2,2,2,2,2
pid_1426,1,3,2,3,1,4,1,4,3,4,2,3,3,4,3,4,4,4,1,3,1,3,3,3,2,1,3,3,3,1,2,3,3,4,3,2,2,3,2,3,2,2,2,3,3,3,3,2,3,3,4,3,4,3,3,3,4,1,1,2,2,2,4,4,1,2,4,2,2,4,3,3,3,3,2,3,3,2,1,4,1,4,1,4,2,1,3,3,1,3,4
pid_642,1,1,1,1,1,2,1,4,2,4,4,1,2,2,3,2,2,3,1,2,1,3,2,2,2,1,4,4,2,2,2,4,2,4,3,3,4,2,2,1,1,1,3,3,3,2,3,1,3,2,2,3,2,2,2,2,3,1,1,2,2,2,4,4,1,2,4,1,4,4,4,3,4,3,1,3,3,3,1,4,2,4,1,4,3,1,1,1,1,1,1
pid_325,1,1,1,2,4,4,1,1,2,4,2,1,2,4,4,4,4,4,1,2,1,3,2,4,2,1,4,4,4,1,2,4,2,4,3,3,3,2,2,4,2,1,2,2,2,3,3,1,3,1,4,4,4,4,4,4,4,4,2,2,2,1,2,3,1,1,2,1,3,4,1,3,4,3,4,3,2,2,1,2,4,4,1,4,2,1,1,1,1,2,2
pid_1141,1,2,1,2,3,1,2,4,4,4,4,2,2,4,4,4,4,4,1,2,1,1,3,2,1,1,2,3,1,1,2,2,3,3,2,1,2,2,2,1,2,1,3,3,3,2,3,2,2,1,4,4,4,3,4,4,4,3,2,3,4,3,3,4,4,4,4,1,2,4,3,4,3,2,1,4,3,2,1,4,2,4,1,4,3,1,2,2,1,2,2
pid_1216,1,1,1,1,3,4,1,4,4,4,4,1,1,4,4,4,4,4,1,2,1,2,1,2,4,1,4,4,3,1,1,3,2,3,3,2,2,1,2,4,1,1,2,2,2,2,3,2,2,1,4,4,4,4,4,4,4,4,4,2,3,3,4,4,1,1,4,1,3,4,4,3,4,2,3,4,3,2,1,4,3,4,1,4,2,1,1,1,1,2,1
pid_1771,1,3,3,2,1,4,1,4,4,4,4,4,3,4,3,4,4,4,2,4,4,4,3,3,4,3,2,4,2,4,3,3,4,4,4,1,4,4,3,1,2,3,4,3,3,3,3,2,2,2,4,4,2,2,4,4,3,2,2,1,2,1,4,4,4,4,4,1,4,3,1,1,3,4,1,2,4,4,1,4,2,4,1,4,4,3,3,4,3,3,2
pid_1896,1,1,1,1,1,1,1,4,2,4,2,1,2,4,2,4,4,4,1,2,1,2,3,3,1,1,4,4,4,1,2,4,2,4,3,3,3,1,2,2,1,1,3,3,2,3,3,2,4,2,4,4,4,3,4,4,4,1,1,1,1,1,1,1,1,1,1,1,4,4,4,3,4,4,1,2,3,2,1,2,4,4,1,4,1,1,1,1,1,3,1
pid_515,1,2,1,1,1,4,1,4,4,4,4,4,1,4,4,4,4,4,1,2,1,2,2,2,4,1,2,3,2,1,2,2,3,3,2,1,2,2,2,1,1,3,3,3,2,3,2,1,2,1,4,4,4,3,4,4,4,4,4,3,4,4,4,4,4,4,4,1,2,4,3,4,3,2,1,3,3,3,1,4,1,4,1,4,3,2,4,4,2,3,3
pid_841,1,1,1,2,1,1,1,4,4,4,4,1,2,3,3,2,4,4,1,2,1,3,2,2,1,1,3,2,2,3,3,3,3,4,2,3,3,3,3,3,1,1,3,3,2,2,3,2,2,2,3,4,3,3,3,2,4,1,1,1,3,1,2,4,1,1,2,2,4,4,1,3,3,3,1,2,3,3,1,4,4,4,1,4,3,1,1,1,1,3,1
pid_1258,1,2,2,2,1,3,1,3,2,4,2,4,3,4,2,3,4,4,1,3,2,3,3,3,3,1,3,4,3,2,3,3,3,3,3,2,3,2,2,3,3,3,3,2,3,3,3,1,3,3,3,3,4,3,3,3,3,2,1,1,2,2,4,3,2,1,2,3,3,4,1,3,3,3,2,3,3,2,1,2,2,4,1,4,3,1,3,3,2,4,3
pid_108,1,1,1,2,2,3,2,4,4,4,4,2,1,4,4,4,4,4,1,2,2,2,1,2,3,1,3,3,2,1,2,3,4,3,2,2,2,3,2,3,1,1,3,3,2,2,2,2,2,1,4,4,4,3,4,4,4,2,4,2,2,2,4,4,1,4,4,2,2,3,3,3,3,2,2,3,3,3,1,4,2,4,1,4,3,2,1,1,1,2,1
pid_975,1,1,1,1,3,1,1,4,4,4,4,1,2,4,4,4,4,4,1,1,1,1,1,2,1,1,1,3,1,2,1,2,3,2,1,1,1,3,2,1,1,1,3,3,3,2,2,1,2,1,4,4,4,3,4,4,4,4,4,1,2,1,4,4,2,4,4,1,1,4,1,4,2,1,1,3,3,2,1,4,1,4,1,4,3,2,1,1,1,2,2
pid_692,1,1,1,1,1,2,1,4,3,4,4,4,2,4,4,4,4,4,1,2,2,3,2,3,2,1,4,4,4,1,3,3,2,4,3,3,3,2,2,4,2,1,3,2,3,3,3,2,3,1,4,4,4,4,4,4,4,4,2,3,3,2,4,4,1,2,4,1,3,4,1,3,4,3,3,3,2,2,1,4,2,4,1,4,2,1,2,1,1,3,2
pid_1191,1,3,1,1,1,4,3,4,4,4,4,4,3,4,2,4,4,4,1,4,3,4,4,4,4,2,3,4,2,3,4,4,4,4,4,2,2,4,4,1,2,2,3,4,3,3,4,2,3,4,2,3,4,2,4,4,3,1,3,1,1,1,4,4,2,4,4,1,3,3,1,2,4,3,1,2,4,3,1,4,1,4,1,4,3,4,4,4,4,1,1
pid_146,1,1,1,3,2,3,2,3,4,4,4,1,1,4,4,4,4,4,1,2,1,2,2,3,3,2,3,3,3,2,2,2,4,4,2,1,2,2,2,1,1,1,2,2,3,2,2,1,3,1,4,4,4,4,4,4,4,2,2,2,3,2,4,4,2,4,2,2,2,4,3,4,3,2,2,3,3,3,1,4,2,4,1,4,3,2,1,1,2,3,2
pid_1322,1,1,1,1,1,3,1,4,4,4,4,1,1,4,4,4,4,4,1,1,1,1,1,1,2,1,2,2,1,3,1,2,2,2,2,1,1,3,2,1,1,1,2,2,2,2,2,1,2,1,4,4,4,3,4,4,4,4,1,2,3,2,4,4,4,4,4,1,1,4,2,4,2,1,1,2,3,3,1,4,1,4,1,4,3,2,1,1,1,1,1
pid_1645,1,1,1,3,2,4,2,4,4,4,4,2,1,4,4,4,4,4,1,2,1,4,3,4,4,2,2,4,3,2,2,3,4,3,3,1,2,3,2,2,2,3,3,3,3,3,2,2,3,1,4,4,4,4,4,4,4,4,4,2,4,3,4,4,1,2,4,3,2,4,2,4,3,3,2,3,3,2,1,4,2,4,1,4,2,2,1,2,2,2,2
pid_421,1,1,1,1,1,2,1,3,1,4,4,4,4,2,2,2,4,4,1,2,2,2,3,3,1,1,4,4,4,1,2,4,2,4,4,2,4,2,2,4,1,1,3,2,3,2,4,2,4,3,2,4,4,2,2,2,2,4,1,1,1,1,2,4,1,1,1,1,4,4,4,2,4,4,1,2,3,2,1,2,4,4,1,4,3,1,1,1,1,2,1
pid_1512,1,2,1,2,1,4,1,2,2,4,4,2,1,2,2,4,2,4,1,2,2,3,2,3,3,1,4,3,3,1,2,4,3,4,4,4,3,2,3,4,2,2,3,2,3,2,3,2,4,3,3,4,4,4,4,4,4,1,1,1,2,2,4,4,1,1,4,2,4,4,1,2,4,4,2,3,3,1,1,2,4,4,1,4,3,1,1,2,1,4,3
pid_891,1,1,1,1,3,2,1,4,4,4,4,1,1,4,4,4,4,4,1,2,1,2,1,1,1,1,4,3,3,1,1,3,2,3,1,3,3,2,1,3,1,1,2,2,2,2,3,1,3,1,4,4,4,4,4,4,4,4,3,2,3,2,3,4,1,2,4,1,3,4,4,4,4,2,3,4,2,2,1,2,2,4,1,4,3,1,1,1,1,1,1
pid_1288,1,1,1,1,1,2,1,4,4,4,4,2,2,4,2,4,4,4,1,2,1,4,2,2,2,2,3,3,1,3,2,2,4,3,2,1,2,4,3,1,1,1,3,3,3,3,3,2,1,3,2,3,4,2,2,4,2,1,1,1,1,1,4,4,1,4,4,1,2,4,2,3,2,2,1,3,3,3,1,4,1,4,1,4,3,1,1,1,1,1,1
pid_776,2,3,1,1,1,4,4,4,4,4,4,4,2,4,4,4,4,4,1,4,2,4,4,4,4,3,3,4,1,3,3,3,3,4,2,1,2,3,3,2,1,3,3,3,3,3,3,1,1,1,4,4,3,3,4,4,4,4,4,2,4,3,4,4,4,4,4,1,2,4,2,3,4,1,1,2,4,3,1,4,1,4,1,4,3,3,3,3,3,4,3
pid_211,1,3,1,1,1,4,4,3,1,4,2,4,2,4,4,4,4,4,1,4,2,4,4,4,3,1,4,4,4,1,2,4,4,4,4,3,3,2,2,4,3,3,4,3,3,3,3,2,4,1,4,4,4,4,4,4,4,2,4,2,2,2,4,2,1,1,4,1,3,4,4,2,4,3,2,4,4,1,1,2,4,4,1,4,2,1,4,4,1,4,4
pid_1808,1,1,1,1,4,4,1,4,4,4,4,1,2,4,4,4,4,4,1,2,1,2,1,2,4,1,2,2,1,2,2,2,2,3,2,1,2,4,2,1,1,1,3,3,2,2,2,1,1,2,4,4,4,3,4,4,4,4,2,1,2,2,4,4,4,4,4,1,2,3,3,3,2,1,1,2,3,3,1,4,1,4,1,4,3,2,1,1,2,2,1
pid_1075,1,1,1,1,1,4,1,4,4,4,4,4,4,4,2,2,4,4,1,1,1,1,1,2,4,1,3,3,2,1,2,3,3,4,3,1,2,3,2,2,1,1,2,2,3,2,2,2,2,3,4,4,4,3,4,4,3,1,1,1,1,1,4,4,1,1,4,1,2,3,2,3,3,2,1,2,3,3,1,4,1,4,1,4,3,2,2,2,1,2,2
pid_738,1,1,1,1,1,4,1,4,4,4,4,3,1,4,4,4,4,4,1,2,1,2,1,2,4,3,2,3,1,3,4,2,4,3,2,1,2,3,3,1,1,1,2,3,2,2,2,2,1,1,4,4,4,3,4,4,3,4,2,1,3,2,4,4,4,4,4,1,1,4,2,3,2,1,1,2,4,3,1,4,2,4,1,4,3,3,1,1,2,2,1
pid_1846,1,1,1,1,3,4,3,4,4,4,4,1,3,3,3,2,3,4,1,2,1,3,2,2,4,2,2,2,1,3,4,2,3,3,2,1,2,4,3,1,1,1,3,4,3,3,2,2,1,3,3,4,3,2,3,4,3,2,1,1,2,1,4,4,4,4,4,1,1,2,1,3,2,1,1,1,4,4,1,4,1,4,1,4,4,3,2,2,3,2,1
pid_1370,1,1,1,1,1,4,2,2,2,4,3,1,4,4,1,2,2,4,2,2,2,3,3,3,4,1,4,4,4,1,2,4,2,4,3,3,3,2,2,4,2,1,3,3,3,2,4,2,4,3,2,4,4,3,2,2,3,1,1,1,1,1,4,4,1,1,2,1,3,4,1,4,4,3,2,2,3,1,1,2,3,4,1,4,3,1,2,2,1,3,3
pid_114,1,1,1,1,2,4,2,4,4,4,4,1,1,4,4,4,4,4,1,1,1,1,1,1,4,2,2,3,1,3,2,2,3,3,1,1,1,3,2,1,1,1,3,3,2,2,2,1,1,1,4,4,4,4,4,4,4,4,4,2,4,2,4,4,4,4,4,1,1,3,2,3,2,2,1,3,3,3,1,4,2,4,1,4,3,2,1,1,1,2,1
pid_969,1,2,2,2,1,4,2,4,4,4,4,4,1,4,4,4,4,4,1,3,3,4,3,3,4,1,4,4,4,1,2,4,2,4,3,3,4,1,1,3,3,2,3,2,3,3,3,1,4,1,4,4,4,3,4,4,4,4,4,2,3,3,4,4,1,1,4,1,4,4,4,2,4,4,3,4,3,1,1,4,4,4,1,4,2,1,3,3,1,4,4
pid_473,1,1,1,1,2,3,2,4,4,4,4,4,1,4,4,4,4,4,1,2,1,2,1,2,3,3,2,3,1,3,2,2,3,3,2,1,1,3,2,1,1,1,3,3,3,2,2,2,1,1,4,4,4,2,4,4,3,4,4,1,4,2,4,4,4,4,4,1,2,4,1,4,2,2,1,2,3,3,1,4,1,4,1,4,3,2,3,3,2,3,2
pid_1617,1,1,1,2,1,1,1,4,4,4,4,3,3,4,2,4,4,4,1,2,1,2,2,2,1,1,2,3,2,1,2,2,3,3,2,1,2,3,2,3,2,1,2,3,2,2,2,1,2,3,4,4,4,3,4,4,4,2,1,1,1,1,4,4,1,2,4,2,2,4,2,4,3,2,2,2,3,3,1,4,2,4,1,4,3,1,1,1,1,2,1
pid_927,1,2,1,1,1,4,1,2,2,4,2,4,1,4,4,4,4,4,1,2,1,3,3,3,3,1,4,4,4,1,1,3,2,4,3,3,3,1,2,4,4,2,3,2,3,3,3,2,3,1,4,4,4,4,4,4,4,4,4,3,3,2,4,4,1,1,1,1,4,4,1,4,4,4,3,4,3,2,1,2,2,4,1,4,2,1,1,1,1,4,2
pid_87,1,1,1,1,1,3,1,4,4,4,4,2,1,4,4,4,4,4,1,1,1,2,1,2,3,2,2,2,1,3,2,2,2,2,2,1,1,3,2,1,1,1,2,2,2,2,2,1,1,1,4,4,4,3,4,4,4,4,3,2,4,2,4,4,4,4,4,1,1,4,2,3,2,1,1,2,3,4,1,4,2,4,1,4,3,1,1,1,1,1,1
pid_1659,1,1,1,1,1,4,3,4,4,4,4,3,3,4,2,4,4,4,2,3,2,3,2,2,4,2,2,4,1,3,3,3,3,3,2,1,2,4,2,2,2,2,3,3,3,3,2,1,2,3,3,4,3,3,4,4,3,1,1,1,2,1,4,4,4,4,4,1,1,2,1,3,3,2,1,2,4,3,1,4,1,4,1,4,3,3,4,3,3,3,4
pid_1294,1,3,1,3,1,4,3,4,4,4,4,4,2,3,3,2,4,4,1,2,2,2,2,2,4,1,3,3,4,2,2,3,4,4,3,2,3,3,2,3,3,3,3,3,3,3,2,2,2,1,3,3,4,2,2,3,4,2,2,3,4,3,4,4,2,4,4,2,3,4,2,3,3,3,1,3,3,3,1,4,1,4,1,4,3,3,3,4,4,4,3
pid_597,1,1,1,1,3,4,2,4,4,4,4,1,3,3,2,2,4,4,1,2,2,4,2,2,3,2,2,2,1,3,3,2,3,4,2,2,2,4,3,3,1,1,3,3,3,3,2,2,1,3,3,3,4,2,4,4,3,2,1,1,2,1,4,4,4,4,4,1,2,3,1,2,2,2,1,2,4,4,1,4,2,4,1,4,3,3,1,1,2,2,1
pid_1814,1,1,1,1,1,1,1,2,1,4,1,1,3,4,3,4,4,4,1,1,1,2,3,3,1,1,4,4,4,1,1,4,1,4,3,3,3,1,1,4,3,1,3,2,2,2,4,1,4,2,4,4,4,4,4,3,3,1,1,1,1,1,1,1,1,1,1,1,4,4,1,2,4,4,4,3,1,2,1,2,4,4,1,4,3,1,1,1,1,2,1
pid_1069,1,1,1,1,1,1,1,1,1,4,2,1,4,3,1,2,2,4,1,3,1,3,3,4,1,1,4,3,4,2,3,4,2,3,4,3,4,2,3,4,1,1,3,3,4,3,4,2,4,3,1,2,2,2,1,2,2,1,1,1,1,1,1,1,1,1,1,1,4,2,1,1,4,4,1,1,4,2,1,1,4,2,1,4,2,1,1,1,1,3,3
pid_724,1,1,1,2,1,4,1,4,4,4,4,2,4,4,4,3,4,4,1,1,1,1,1,1,3,1,2,3,1,1,2,3,3,3,2,1,2,2,2,1,1,1,3,3,2,3,2,1,2,1,3,4,4,3,4,4,4,1,1,2,2,2,4,4,1,1,4,2,2,4,3,3,3,2,2,4,4,1,1,4,2,4,1,4,3,1,2,1,1,2,1
pid_1540,1,1,1,1,1,1,1,4,2,4,3,3,1,4,4,4,4,4,1,2,1,2,3,3,1,1,3,4,3,1,2,3,2,3,2,1,2,1,2,2,2,1,3,2,3,3,2,1,3,1,4,4,4,4,4,4,4,2,1,1,2,2,2,2,1,2,2,2,2,4,4,3,3,2,2,3,2,2,1,2,2,4,1,4,2,1,1,2,1,3,2
pid_1027,1,3,3,1,1,4,3,4,4,4,4,4,4,2,2,2,2,4,2,3,2,3,2,3,4,3,2,4,1,3,3,2,3,4,2,2,2,3,4,1,2,3,3,3,3,3,2,1,2,3,2,2,4,2,3,2,2,1,1,1,1,1,4,4,4,4,4,1,2,3,1,3,3,3,1,2,4,3,1,4,1,4,1,4,3,3,4,3,3,3,4
pid_243,1,1,1,1,2,3,1,3,2,4,2,1,3,3,2,2,4,4,1,2,1,2,2,3,3,1,4,4,4,1,2,4,3,4,3,3,3,2,2,2,2,1,3,2,3,3,3,2,4,3,3,4,4,4,3,4,3,1,1,1,1,1,2,4,1,1,1,2,4,4,4,3,4,4,1,3,3,3,1,2,3,4,1,4,3,1,1,2,1,3,2
pid_610,1,3,1,1,4,3,3,4,4,4,4,2,4,3,2,2,3,4,1,2,2,3,2,2,2,2,2,2,1,3,2,2,3,3,2,1,2,3,2,3,1,2,3,3,3,3,2,2,2,3,4,3,4,2,3,4,4,4,1,1,1,1,4,4,4,4,4,2,1,4,2,3,2,1,1,2,4,4,1,4,2,4,1,4,3,2,3,4,2,2,4
pid_1474,1,1,1,1,1,4,2,4,4,4,4,2,3,4,2,4,4,4,2,2,2,3,2,2,4,2,2,4,1,3,3,2,3,3,2,1,2,4,3,1,1,1,3,3,2,2,2,2,1,2,4,4,4,3,4,4,3,1,1,1,1,1,4,4,4,4,4,1,2,3,1,4,3,2,1,2,4,3,1,4,2,4,1,4,3,2,2,2,2,2,1
pid_1113,1,1,1,1,2,2,1,4,4,4,4,2,1,4,4,4,4,4,1,2,1,1,1,1,2,1,2,3,1,3,3,2,3,3,2,1,1,3,2,1,1,1,3,3,2,3,2,2,1,1,4,4,2,2,4,4,4,4,4,1,3,2,4,4,4,4,4,1,2,4,3,4,2,1,1,2,4,4,1,4,2,4,1,4,3,2,1,1,1,2,1
pid_57,1,1,1,1,1,2,1,4,4,4,4,1,1,4,4,4,4,4,1,1,1,2,1,2,1,2,2,2,1,4,3,2,3,2,1,1,2,3,2,2,1,1,2,2,2,2,2,1,2,1,4,4,3,2,4,4,4,4,2,3,4,2,4,4,4,4,4,1,2,4,2,4,2,2,1,2,3,4,1,4,2,4,1,4,3,2,1,1,2,1,1
pid_377,1,1,3,1,1,3,1,4,2,3,2,4,3,2,2,2,2,4,2,4,4,4,3,4,2,1,4,4,4,1,3,4,4,4,3,2,4,2,4,3,3,3,3,3,3,3,3,2,3,3,2,2,2,1,2,1,3,1,1,1,1,1,4,2,1,1,1,1,4,4,1,2,4,4,1,2,3,1,1,2,3,1,1,4,3,1,3,3,1,4,4
pid_1689,1,1,1,2,1,4,1,4,4,4,4,1,2,4,3,4,4,4,1,2,1,2,2,2,2,2,3,3,2,2,2,3,3,4,3,3,3,3,3,3,1,2,3,3,3,3,2,1,2,2,3,4,4,2,4,4,3,1,1,1,2,2,4,4,2,4,4,2,2,4,2,3,3,3,2,2,3,3,1,4,2,4,1,4,3,1,1,1,2,1,1
pid_1920,1,1,2,2,1,4,3,4,2,4,2,4,1,3,2,2,2,4,1,2,2,2,3,3,4,1,3,3,4,1,2,4,2,3,3,3,3,1,3,4,3,2,3,3,3,3,3,2,3,2,3,2,2,2,2,2,3,2,1,3,4,4,4,4,1,1,1,2,3,4,2,3,3,3,2,3,3,2,1,2,1,3,1,4,1,1,3,3,1,3,3
pid_19,1,1,1,1,1,4,1,4,4,4,4,4,3,4,4,4,4,4,1,2,2,4,2,2,4,2,2,3,1,4,3,2,3,3,2,1,2,3,3,1,1,1,3,3,3,2,2,2,2,2,4,4,4,2,4,4,3,1,1,1,1,1,4,4,2,4,4,1,1,4,3,3,3,2,1,2,3,3,1,4,2,4,1,4,3,2,1,2,2,1,2
pid_339,1,1,1,1,1,4,1,4,4,4,4,2,1,4,4,4,4,4,1,2,1,2,2,2,4,2,2,2,1,3,3,2,3,3,2,1,2,3,3,2,1,1,3,3,3,3,2,2,1,1,4,3,2,2,4,4,4,2,2,1,2,1,4,4,4,4,4,1,4,3,1,3,2,3,1,1,3,3,1,4,1,4,1,4,3,2,1,1,1,2,1
pid_813,3,2,2,1,1,3,3,1,1,2,1,4,1,4,4,4,4,4,3,4,3,4,4,4,4,1,4,4,4,1,3,4,3,4,4,4,4,2,3,4,4,4,3,4,4,4,4,2,4,2,3,4,4,4,2,3,3,2,4,2,2,2,4,1,1,1,1,1,3,4,4,1,4,4,1,4,4,1,1,1,4,3,1,4,2,1,3,4,1,4,4
pid_1590,1,1,1,2,1,4,1,4,4,4,4,2,2,4,4,2,3,4,1,2,1,2,2,2,4,1,3,3,2,2,2,3,4,3,2,2,2,2,2,2,1,1,3,3,3,3,2,2,2,2,3,4,4,2,3,3,3,1,1,2,2,2,4,4,1,2,4,2,2,4,2,3,3,2,2,3,3,2,1,4,1,4,1,4,3,2,1,1,2,2,1
pid_509,1,1,1,1,1,2,1,4,4,4,4,4,4,3,2,4,4,4,1,2,2,3,3,3,3,1,4,4,3,1,2,4,3,3,3,2,3,2,2,1,2,2,3,3,3,3,3,2,3,3,2,4,4,3,3,2,3,1,1,1,1,1,4,4,1,1,4,1,4,4,4,2,4,4,1,1,3,2,1,3,4,4,1,4,3,1,1,1,1,3,2
pid_293,1,3,1,1,3,4,2,4,4,4,4,2,4,4,1,2,4,4,2,4,4,4,2,4,4,3,3,4,2,4,3,4,4,4,4,1,4,3,4,2,2,2,4,4,3,4,3,2,1,4,2,2,2,1,2,2,2,1,1,1,1,1,4,4,4,4,4,2,4,3,1,4,3,4,1,1,4,4,1,4,1,4,1,4,3,4,4,4,3,4,4
pid_1244,1,1,1,2,3,1,1,4,4,4,4,1,2,4,4,4,4,4,1,2,1,2,2,2,1,2,2,2,1,3,2,2,2,4,2,1,2,3,2,1,1,1,3,3,3,2,2,2,1,1,4,4,3,3,4,4,3,2,2,1,2,1,2,4,4,4,4,1,1,4,3,3,2,1,1,2,3,3,1,4,2,4,1,4,3,2,1,1,1,1,1
pid_547,1,1,1,2,1,1,1,4,4,4,4,2,3,4,2,3,4,4,1,2,2,3,2,3,1,1,4,4,2,1,2,3,3,3,2,2,2,3,2,1,1,1,3,3,3,2,3,2,3,2,3,4,4,4,3,4,4,1,1,1,1,1,4,4,1,2,1,2,2,4,3,2,3,3,3,3,3,2,1,4,3,4,1,4,2,1,1,1,1,2,1
pid_2032,1,1,1,1,1,2,2,4,4,4,4,4,1,4,3,4,4,4,2,3,2,3,1,2,2,2,2,3,1,4,3,2,3,3,2,1,2,4,3,2,1,2,3,3,3,2,3,2,1,1,4,2,3,2,4,4,2,2,2,2,4,2,4,4,4,4,4,1,3,3,2,3,3,2,1,2,4,4,1,4,2,4,1,4,4,3,1,2,2,3,1
pid_1723,1,3,1,2,1,4,3,4,4,4,4,2,3,2,2,2,2,4,2,3,3,4,2,2,4,3,2,4,1,3,3,3,4,4,3,1,1,4,3,1,2,2,3,3,3,3,3,1,1,3,3,4,4,3,3,2,3,1,1,1,1,1,4,4,4,4,4,2,2,4,1,3,4,4,1,2,3,3,1,4,1,4,1,4,3,3,4,3,3,3,3
pid_31,1,1,1,2,1,4,2,4,4,4,4,3,3,4,2,4,4,4,2,2,2,2,2,2,4,3,2,3,1,3,3,2,3,4,2,1,2,3,3,2,1,1,2,3,3,2,2,1,1,3,2,3,3,3,3,3,2,1,1,1,1,1,4,4,4,4,4,2,2,3,1,3,2,2,1,2,4,4,1,4,3,4,1,4,3,2,2,3,2,3,2
pid_1175,1,1,1,1,2,3,1,4,4,4,4,3,3,4,4,4,4,4,1,2,1,2,1,2,3,1,2,2,1,3,3,2,3,3,2,1,2,3,3,1,1,1,3,3,3,2,2,2,1,1,4,4,4,3,4,4,3,1,1,2,2,1,4,4,4,4,4,1,1,3,3,4,2,2,1,2,4,3,1,4,2,4,1,4,3,2,1,1,1,2,1
pid_1908,1,1,1,2,1,1,1,4,4,4,4,3,4,4,2,2,4,4,1,2,1,1,2,2,1,1,3,2,2,2,2,3,3,3,2,3,2,3,2,1,1,1,3,2,3,2,2,2,2,3,3,4,4,3,4,4,3,1,1,1,1,1,2,4,1,1,4,3,2,4,2,3,3,2,2,3,3,3,1,2,2,4,1,4,3,2,2,2,2,2,2
pid_311,1,1,1,2,1,3,1,4,4,4,4,4,1,4,4,4,4,4,1,2,2,2,2,2,2,2,2,2,2,2,2,2,3,2,2,1,1,3,2,1,2,2,3,2,2,3,2,2,2,1,4,4,4,3,4,4,3,3,3,2,3,2,4,4,1,4,4,2,2,4,2,4,2,2,2,3,3,3,1,4,1,4,1,4,2,2,2,2,1,2,2
pid_676,1,3,2,3,1,4,1,4,4,4,4,4,3,4,2,4,4,4,1,3,3,4,3,3,3,1,3,4,2,3,2,3,4,4,3,3,3,3,3,4,2,2,3,3,3,3,3,2,3,3,2,4,4,2,3,4,2,1,1,1,1,1,4,3,1,1,2,3,3,4,1,2,3,3,1,2,3,4,1,2,2,4,1,4,3,1,2,2,2,2,2
pid_1388,1,1,2,1,1,4,1,4,4,4,4,2,1,4,4,4,4,4,1,2,1,4,3,4,4,1,4,4,1,4,3,4,4,4,4,1,3,4,4,1,1,1,3,3,3,3,3,2,3,1,4,4,3,2,4,4,4,4,4,4,4,4,4,4,4,4,4,1,1,4,1,1,4,4,1,4,4,4,1,4,1,4,1,4,3,1,1,1,1,1,1
pid_991,1,1,1,2,1,3,1,4,4,4,4,1,3,2,4,2,3,4,1,1,1,1,1,1,2,1,2,2,1,2,1,2,3,2,2,1,1,3,2,2,1,1,3,3,3,2,2,2,1,1,4,3,3,2,3,3,4,1,1,1,3,2,4,4,4,4,4,1,2,4,3,4,2,1,1,2,4,4,1,4,1,4,1,4,3,2,1,1,1,2,1
pid_1412,1,1,1,1,3,4,1,4,4,4,4,1,3,3,2,2,4,4,2,3,2,3,2,2,4,2,2,4,1,3,3,3,4,3,2,1,2,4,3,1,1,1,3,3,3,3,2,1,1,3,3,4,4,2,3,4,2,1,1,1,2,1,4,4,4,4,4,1,2,3,2,3,3,2,1,2,4,3,1,4,2,4,1,4,3,3,2,3,3,3,1
pid_1946,1,1,1,1,1,4,2,4,4,4,4,4,1,4,4,4,4,4,1,2,1,2,1,2,4,3,2,4,1,4,3,2,3,3,2,1,2,4,3,1,1,1,3,3,3,3,2,2,1,2,3,4,3,2,4,4,2,2,2,1,3,2,4,4,4,4,4,1,4,3,2,3,2,2,1,2,4,4,1,4,2,4,1,4,3,3,3,2,3,2,1
pid_638,1,1,1,2,4,1,1,4,3,4,4,1,1,4,4,4,4,4,1,1,1,1,2,1,1,1,4,3,3,1,1,3,2,3,2,2,1,2,2,1,1,1,2,2,2,2,3,2,3,1,4,4,4,4,4,4,4,4,4,2,4,3,2,4,1,2,4,1,3,4,1,4,4,1,1,4,1,3,1,4,3,4,1,4,1,1,1,1,1,1,1
pid_1091,1,2,1,2,4,4,1,2,2,4,4,1,1,4,4,4,4,4,1,2,1,3,2,3,4,1,4,3,3,1,2,3,3,2,2,2,1,2,2,4,2,1,3,3,3,2,3,2,3,1,4,4,4,4,4,4,4,4,4,2,2,2,4,4,1,1,1,1,3,4,4,4,4,3,2,4,2,3,1,2,2,4,1,4,2,1,1,1,1,3,3
pid_792,1,1,3,3,1,3,1,4,3,4,4,3,4,2,2,2,4,4,1,1,1,1,3,2,3,1,3,3,2,1,2,4,2,3,3,3,3,2,2,3,1,1,3,2,2,2,3,2,3,3,2,3,4,4,2,3,2,1,1,1,1,1,3,4,1,1,2,3,3,4,1,3,4,2,1,4,3,3,1,2,2,4,1,4,3,1,2,1,1,3,3
pid_875,1,2,1,2,1,4,1,3,4,4,3,2,3,4,3,4,4,4,1,3,2,2,2,2,4,1,3,4,2,3,3,3,4,3,3,2,2,3,2,2,2,2,3,3,3,3,3,2,2,3,3,4,3,2,4,2,4,1,1,2,2,2,4,4,2,4,4,2,2,4,3,4,3,3,1,2,3,3,1,3,2,4,1,4,3,2,3,3,3,2,3
pid_521,1,1,1,1,2,4,1,4,4,4,4,4,2,4,3,4,4,4,1,2,1,2,1,2,3,2,2,2,1,3,3,2,3,2,2,1,2,3,2,2,1,1,3,3,2,2,2,2,1,1,4,4,2,2,4,4,3,2,2,1,2,1,4,4,4,4,4,1,3,4,2,3,2,2,1,2,3,4,1,4,2,4,1,4,3,3,2,2,2,2,1
pid_1745,1,1,1,2,1,3,1,4,4,4,4,2,1,3,3,4,4,4,1,2,1,2,1,2,2,1,3,3,2,2,1,2,3,2,2,1,2,3,2,1,1,1,2,2,3,2,3,2,1,3,3,4,4,4,4,4,4,1,4,1,2,2,4,4,2,4,4,1,2,3,3,4,3,2,2,3,3,2,1,4,2,4,1,4,3,2,1,2,1,2,1
pid_2054,1,1,2,1,1,1,1,4,4,4,4,4,1,4,4,4,4,4,1,2,1,2,1,2,1,1,2,3,1,4,3,2,3,2,2,1,1,4,2,1,1,1,3,3,3,2,2,2,1,1,4,4,3,3,4,4,3,4,4,2,3,1,4,4,4,4,4,1,3,3,2,3,2,2,1,2,4,4,1,4,1,4,1,4,4,2,1,1,2,2,1
pid_1222,1,2,1,2,2,3,1,4,4,4,4,4,3,3,4,2,4,4,1,2,2,3,2,2,3,2,2,3,1,3,3,2,3,4,2,1,2,3,3,3,2,2,3,3,3,3,2,2,1,3,3,4,3,2,2,2,4,1,1,1,2,2,4,4,3,4,4,2,2,4,4,3,2,1,1,2,3,3,1,4,1,4,1,4,3,2,3,4,2,4,3
pid_415,1,3,1,1,2,4,4,4,4,4,4,3,1,4,4,4,4,4,1,2,2,3,2,2,4,1,2,3,1,2,2,2,3,3,2,1,2,3,2,2,1,2,3,3,2,2,2,1,2,2,4,4,4,3,4,4,4,4,4,2,3,1,4,4,4,4,4,1,2,4,1,4,2,1,1,3,4,3,1,4,1,4,1,4,3,3,3,4,3,3,3
pid_1996,1,1,1,3,1,4,2,4,4,4,4,4,2,4,3,3,3,4,1,3,1,4,3,4,4,1,4,3,3,3,3,3,4,4,3,2,3,3,3,3,3,3,3,3,3,3,3,2,3,2,4,4,4,3,3,3,3,1,1,2,4,2,4,4,2,3,4,2,3,4,1,2,4,4,2,3,4,3,1,4,2,4,1,4,3,2,3,4,3,4,4
pid_1671,2,1,1,2,2,4,3,4,4,4,4,1,4,3,2,2,2,4,1,2,1,1,2,1,4,3,3,4,2,3,4,3,4,3,3,1,2,3,3,1,1,1,3,3,3,3,3,2,1,3,3,3,2,2,2,2,2,1,1,1,1,1,4,4,4,4,4,1,3,4,1,3,3,3,1,3,3,3,1,4,1,4,1,4,3,3,2,2,2,2,1
pid_1316,1,1,1,1,4,4,2,3,4,4,4,1,3,3,2,2,4,4,1,2,1,3,2,2,4,1,3,4,2,1,3,4,4,4,2,1,2,3,3,1,2,1,3,3,3,3,3,2,4,3,3,4,4,4,4,4,4,4,1,1,1,1,4,4,1,4,4,1,4,4,4,4,4,3,1,2,4,3,1,3,1,4,1,4,3,1,1,1,1,2,1
pid_172,1,1,2,2,1,1,1,4,4,4,4,1,1,4,4,4,4,4,1,1,1,1,1,2,1,1,2,2,2,1,1,3,3,2,2,2,2,2,2,4,1,1,2,3,2,2,2,2,2,1,4,4,4,4,4,4,4,4,3,3,4,3,3,4,2,4,4,2,2,4,3,4,3,2,2,3,3,2,1,4,2,4,1,4,2,1,1,1,1,2,1
pid_5,1,3,1,2,3,4,3,2,4,4,3,1,3,4,2,4,4,4,1,4,3,4,4,4,4,2,4,4,4,3,3,4,4,4,4,3,3,3,3,4,3,3,3,3,3,3,3,3,3,3,3,4,4,3,4,4,2,2,1,1,1,1,4,4,1,1,4,3,3,4,3,2,4,3,2,2,3,3,1,4,4,4,1,4,3,2,3,3,2,4,3
pid_1358,1,1,1,1,1,3,2,4,4,4,4,2,1,4,4,4,4,4,1,1,1,1,2,2,3,2,2,3,2,2,2,2,3,2,2,1,1,2,2,1,1,1,2,3,2,2,2,1,2,1,4,4,4,3,4,4,4,4,4,3,4,4,4,4,2,4,4,1,2,3,3,4,3,2,2,3,3,3,1,4,2,4,1,4,3,2,1,2,2,2,1
pid_941,1,1,1,1,1,3,1,4,4,4,4,4,4,2,1,2,2,4,1,2,1,2,2,2,3,2,3,3,1,4,3,3,4,4,3,2,2,3,3,1,1,1,3,3,3,2,2,2,1,4,2,2,2,2,2,2,2,1,1,1,1,1,4,4,2,4,4,2,3,3,2,4,3,3,1,2,4,4,1,4,1,4,1,4,3,2,1,1,3,2,1
pid_1872,1,1,1,2,1,3,1,4,4,4,4,1,4,4,4,4,4,4,1,1,1,1,1,2,2,2,2,4,2,2,2,3,4,3,2,2,2,3,2,3,1,1,3,3,3,2,2,2,2,1,4,4,4,2,4,4,3,2,2,2,4,2,4,4,4,4,4,1,2,3,2,4,3,2,2,3,4,3,1,4,2,4,1,4,3,2,1,2,3,2,1
pid_1795,1,1,1,1,1,4,3,4,4,4,4,4,4,2,2,1,3,3,1,4,2,4,2,2,4,3,2,3,1,4,4,3,4,4,3,1,2,4,4,1,1,1,3,4,3,3,2,1,1,4,1,2,4,2,3,2,2,1,1,1,1,1,4,4,4,4,4,1,2,4,1,1,3,3,1,2,4,4,1,4,1,4,1,4,4,3,3,4,4,2,4
pid_1568,1,1,1,1,1,4,2,4,4,4,4,4,4,2,1,2,2,3,1,3,2,3,1,3,3,2,2,3,1,4,4,3,3,4,3,2,3,3,4,3,1,1,3,3,3,3,3,3,1,4,1,2,2,2,2,1,2,1,1,1,1,1,4,4,4,4,4,1,3,4,1,1,3,3,1,1,4,4,1,4,1,4,1,4,4,2,2,3,3,2,3
pid_1041,1,1,1,1,1,4,2,4,4,4,4,1,2,4,4,4,4,4,1,2,2,2,2,2,4,3,2,3,1,3,2,2,3,3,2,1,2,4,2,1,1,2,3,3,3,3,2,1,1,2,4,4,3,2,4,4,3,2,1,1,3,2,4,4,4,4,4,1,3,3,1,3,2,2,1,2,3,4,1,4,1,4,1,4,3,2,1,2,2,2,2
pid_225,1,1,1,1,1,1,1,4,4,4,4,1,1,4,4,4,4,4,1,1,1,2,1,1,1,1,1,2,1,3,3,2,3,3,2,1,2,3,2,1,1,1,3,3,3,2,2,1,1,1,4,4,3,2,4,4,4,4,2,2,3,2,4,4,4,4,4,1,3,4,2,4,2,2,1,1,3,3,1,4,2,4,1,4,3,1,1,1,1,1,1
pid_742,1,1,1,1,2,2,2,4,4,4,4,1,2,4,4,4,4,4,1,2,2,2,1,2,3,2,2,4,1,3,3,2,3,2,2,1,2,3,3,1,1,1,2,3,3,2,2,1,1,1,4,3,4,3,4,4,3,3,4,1,3,3,4,4,4,4,4,1,1,3,2,3,3,2,1,2,4,3,1,4,1,4,1,4,3,3,1,2,2,2,1
pid_1526,1,1,1,2,1,4,1,4,4,4,4,4,1,4,3,4,4,4,1,2,2,3,2,2,4,1,3,3,3,3,2,4,3,4,3,1,3,3,2,2,2,2,3,3,3,3,3,1,2,1,4,4,4,3,4,4,4,2,2,1,4,2,4,4,2,4,4,1,2,4,2,2,3,3,1,2,3,2,1,4,1,4,1,4,3,2,1,2,2,2,2
pid_493,2,1,1,1,1,4,3,4,4,4,4,4,1,4,3,4,4,4,2,3,1,3,2,2,4,1,2,3,1,3,3,3,3,3,3,1,2,4,3,1,1,2,3,3,3,3,2,1,1,1,4,4,3,3,4,4,4,2,4,2,3,2,4,4,4,4,4,1,3,3,2,3,3,1,1,3,3,3,1,4,2,4,1,4,3,2,2,2,2,2,2
pid_1910,1,1,2,1,1,3,1,4,4,4,4,4,2,4,2,4,4,4,1,3,2,3,3,3,2,1,4,3,4,1,2,4,2,3,3,2,3,2,2,2,3,2,3,2,3,3,3,1,3,3,4,4,4,3,4,4,3,1,1,1,1,1,4,3,1,1,4,1,3,4,1,3,4,3,2,3,3,2,1,4,2,4,1,4,3,1,2,2,1,4,2
pid_29,1,1,1,1,4,4,2,4,4,4,4,1,1,3,4,4,4,4,1,2,1,2,1,2,3,1,2,3,1,2,2,2,3,3,2,1,2,3,2,1,1,1,2,3,3,2,2,2,2,1,3,4,4,3,4,3,4,4,3,2,4,1,4,4,1,4,4,1,2,3,2,4,3,2,1,2,4,3,1,4,1,4,1,4,3,2,1,2,1,2,1
pid_309,1,1,1,2,2,2,2,4,4,4,4,4,1,4,4,4,4,4,2,2,2,2,2,2,2,1,3,3,3,2,2,3,4,3,2,2,2,2,2,3,1,2,3,3,3,2,3,2,3,1,4,4,4,3,4,4,4,4,2,3,4,3,4,4,2,4,4,2,2,4,3,3,3,3,2,3,3,3,1,4,3,4,1,4,2,1,1,2,2,2,2
pid_1390,1,1,1,1,2,4,1,4,4,4,4,1,3,4,4,4,4,4,1,2,1,2,2,2,4,2,1,3,1,3,3,2,4,2,2,1,1,3,3,1,1,1,3,3,2,2,2,2,1,1,4,4,4,4,4,4,3,2,4,1,3,1,4,4,4,4,4,1,2,3,2,4,3,2,1,2,3,4,1,4,1,4,1,4,3,3,1,1,3,1,1
pid_989,1,1,2,2,1,3,2,4,4,4,4,4,2,4,4,4,4,4,1,1,1,1,1,2,2,1,2,3,2,2,2,3,2,3,2,1,2,3,2,1,1,1,3,2,2,2,3,2,2,1,4,4,4,3,4,4,4,2,1,2,2,2,4,4,2,4,4,1,2,4,3,4,3,2,2,3,3,3,1,4,1,4,1,4,3,2,1,1,2,2,1
pid_1123,1,1,1,2,1,3,1,4,2,4,4,4,3,4,2,4,4,4,1,2,1,3,2,3,3,1,3,3,4,1,2,3,3,3,3,2,3,2,1,3,2,1,3,2,3,3,3,2,3,2,4,4,4,3,4,4,4,1,1,1,1,1,4,4,1,2,2,2,2,4,3,3,3,3,3,2,2,3,1,4,1,4,1,4,2,1,2,1,1,3,2
pid_67,2,1,3,1,1,4,4,4,4,4,4,1,3,4,4,4,4,4,2,3,2,3,2,2,4,2,2,3,1,3,3,3,4,4,2,2,2,3,3,1,1,2,3,3,3,3,3,2,1,3,4,4,4,2,4,3,3,2,1,1,2,2,4,4,4,4,4,1,3,4,1,4,3,3,1,2,4,4,1,4,2,4,1,4,4,3,3,3,3,2,1
pid_347,1,2,1,2,2,4,2,4,4,4,4,4,3,4,2,4,4,4,2,3,2,3,3,3,4,1,3,3,2,2,2,3,3,3,3,2,3,3,2,2,2,3,3,3,3,3,3,2,3,3,3,4,4,4,4,4,4,4,3,2,3,2,4,4,2,4,4,1,3,4,2,3,3,3,2,3,3,3,1,4,2,4,1,4,3,2,1,2,2,3,3
pid_620,1,1,2,1,1,3,1,2,1,2,1,4,4,2,2,2,1,4,2,4,3,4,4,4,2,1,4,4,4,1,3,4,4,4,4,4,4,2,4,4,4,4,3,3,4,3,3,3,4,3,2,2,4,4,2,2,2,1,1,1,1,1,3,2,1,1,1,1,4,2,1,1,4,4,1,2,4,2,1,2,4,4,1,4,4,1,2,3,1,4,4
pid_1444,1,1,1,2,1,1,1,4,4,4,4,1,1,4,4,4,4,4,1,2,1,2,2,2,3,1,2,2,2,2,2,2,3,2,2,1,2,2,1,2,1,1,3,2,2,2,2,1,2,1,4,4,4,4,4,4,4,2,1,2,2,1,4,4,1,4,1,2,2,4,3,4,3,2,2,3,3,2,1,4,1,4,1,4,2,1,1,1,1,1,1
pid_577,1,1,1,3,1,3,1,4,4,4,4,2,3,2,2,2,2,4,1,3,2,3,3,3,2,2,3,3,2,4,3,3,4,4,3,3,3,3,3,3,2,2,3,3,3,3,3,3,3,3,2,2,1,2,1,2,2,1,1,1,1,1,3,4,2,2,4,3,4,4,2,2,3,3,1,2,3,4,1,4,4,4,1,4,3,3,2,2,3,3,3
pid_1089,1,1,1,1,4,4,3,4,4,4,4,4,4,2,2,2,4,4,2,3,2,3,2,2,4,1,2,3,1,2,3,2,4,4,2,1,3,4,3,1,2,2,3,3,3,3,2,2,1,4,2,2,4,2,2,2,2,4,1,1,1,1,4,4,4,4,4,1,3,3,1,2,3,3,1,2,4,4,1,4,2,4,1,4,3,2,3,3,2,3,2
pid_2002,2,3,1,2,1,1,2,2,2,2,2,3,3,4,2,3,4,4,2,2,2,3,3,3,1,1,4,4,4,1,2,4,4,4,3,3,3,2,2,4,3,2,3,2,3,2,3,2,3,2,4,4,4,3,3,4,4,2,1,2,2,3,3,1,1,2,2,2,3,4,4,2,4,3,2,3,3,1,1,2,2,3,1,4,3,1,3,4,1,3,4
pid_1713,1,1,1,1,1,4,1,2,2,4,4,4,3,4,2,4,4,4,1,4,3,4,4,4,4,1,4,3,4,1,1,3,4,4,2,1,3,2,4,4,2,1,3,3,4,4,3,3,4,3,3,4,4,4,4,4,4,4,1,1,1,1,4,4,1,1,1,1,4,2,4,2,4,4,1,2,4,3,1,4,1,4,1,4,3,1,2,3,1,1,4
pid_1274,1,1,1,1,1,3,2,4,4,4,4,4,2,4,3,3,4,4,1,2,1,2,1,2,3,2,2,3,1,3,3,2,3,3,2,1,2,3,2,1,1,1,3,3,3,2,2,2,1,2,4,3,3,2,4,3,3,2,2,1,3,1,4,4,3,4,4,1,1,4,2,3,2,2,1,2,3,4,1,4,2,4,1,4,3,2,1,2,2,1,1
pid_539,1,2,1,1,1,2,2,4,4,4,4,4,4,2,1,2,2,4,3,4,3,4,3,3,3,3,3,4,1,4,4,3,3,4,3,2,3,4,3,2,2,1,4,4,4,3,2,3,1,4,1,2,1,1,1,2,2,1,1,1,1,1,4,4,3,4,4,1,4,3,1,2,3,4,1,1,4,4,1,4,2,4,1,4,4,3,3,4,3,3,4
pid_823,1,1,2,1,1,4,2,4,4,4,4,4,2,4,4,3,4,4,1,2,1,2,1,2,4,2,2,2,1,3,3,2,3,3,2,1,2,3,2,1,1,1,3,3,3,3,2,2,1,2,4,4,4,2,4,4,3,2,1,2,3,3,4,4,4,4,4,1,2,3,1,4,2,2,1,2,4,3,1,4,1,4,1,4,3,2,2,3,2,2,1
pid_397,1,1,1,1,1,3,1,4,4,4,4,1,1,4,4,4,4,4,1,1,1,1,1,1,2,1,2,3,1,2,2,1,2,2,2,1,1,2,1,1,1,1,3,3,3,2,2,1,2,1,4,4,4,3,4,4,4,4,4,1,4,2,4,4,4,4,4,1,1,4,2,4,2,1,1,2,4,3,1,4,1,4,1,4,3,1,1,1,1,3,1
pid_1669,1,1,1,1,2,4,2,4,4,4,4,3,2,4,3,2,3,4,1,3,2,3,2,2,4,2,3,3,1,2,2,3,4,3,3,1,3,4,3,2,1,2,3,3,2,3,2,3,2,3,2,4,4,3,4,4,3,1,1,1,1,1,4,4,4,4,4,1,3,3,2,3,3,3,1,3,3,3,1,4,2,4,1,4,3,2,1,1,2,2,2
pid_917,1,2,1,1,1,4,2,4,4,4,4,3,4,2,2,1,1,3,2,2,2,2,1,2,4,3,2,4,1,3,4,3,4,4,1,1,2,4,4,1,1,1,3,3,3,3,2,2,1,4,2,2,2,3,2,3,4,1,1,1,1,1,4,4,4,4,4,1,1,4,1,2,3,3,1,2,4,4,1,4,1,4,1,4,3,3,4,4,4,4,4
pid_1494,1,1,1,3,1,4,2,4,4,4,4,4,3,3,2,2,4,4,2,2,2,2,2,2,4,2,3,3,2,2,2,3,4,3,2,2,2,3,3,2,2,1,3,3,3,3,2,2,2,3,2,3,4,3,3,3,3,1,1,1,2,2,4,4,2,3,4,2,3,4,2,3,3,3,2,3,3,3,1,4,2,4,1,4,2,2,3,2,2,3,2
pid_443,1,3,1,1,1,4,2,4,4,4,4,1,1,4,4,2,2,4,1,2,2,2,1,1,4,2,2,4,1,4,4,3,4,4,3,1,2,4,3,1,1,1,3,3,3,3,2,2,1,1,3,3,2,2,2,2,4,2,1,4,4,4,4,4,4,4,4,1,2,4,1,4,2,2,1,2,3,3,1,4,2,4,1,4,4,2,3,3,2,2,3
pid_1627,1,1,1,1,1,4,1,4,4,4,4,4,3,3,2,2,4,4,2,2,2,2,1,2,4,3,2,4,1,3,3,3,3,4,2,1,2,3,3,1,1,2,3,3,3,3,2,2,1,3,2,2,2,2,3,2,2,1,1,1,1,1,4,4,4,4,4,1,3,3,2,4,3,3,1,2,4,4,1,4,2,4,1,4,4,3,2,2,3,2,2
pid_1340,1,1,1,1,2,4,2,4,4,4,4,1,1,4,4,4,4,4,1,1,1,2,1,1,4,2,1,3,1,2,2,2,3,2,2,1,2,3,2,1,1,1,3,2,3,2,2,2,2,1,4,4,4,2,4,4,4,3,3,1,4,2,4,4,4,4,4,1,1,3,2,3,2,2,1,3,3,3,1,4,2,4,1,4,3,2,1,1,2,2,1
pid_124,2,2,2,2,1,4,3,4,4,4,4,4,1,4,4,4,4,4,1,2,2,3,2,2,4,2,2,3,1,3,3,2,3,3,2,1,2,3,3,3,1,2,3,3,3,2,2,2,2,1,4,3,2,2,3,3,4,4,2,4,4,3,4,4,4,4,4,1,2,4,2,4,2,3,1,2,4,3,1,4,1,4,1,4,4,2,3,3,3,2,3
pid_959,1,1,1,2,1,2,2,4,4,4,4,4,3,4,2,4,4,4,1,2,2,3,2,2,2,2,2,3,2,4,3,3,3,3,3,1,2,3,2,3,2,2,3,3,3,3,3,3,2,3,2,4,2,2,4,3,2,1,1,1,1,1,4,4,1,4,4,2,3,4,2,3,3,2,2,2,3,4,1,4,2,4,1,4,3,3,3,2,2,3,4
pid_1017,1,2,1,1,2,4,1,4,4,4,4,4,4,2,2,2,2,4,1,2,2,2,1,2,4,2,2,2,1,3,3,2,3,4,2,1,2,4,3,1,1,1,3,3,2,2,2,1,1,4,2,2,3,2,3,4,2,1,1,1,1,1,4,4,2,4,4,2,2,3,2,4,2,2,1,2,4,4,1,4,2,4,1,4,3,3,4,4,3,2,4
pid_273,1,3,1,1,3,2,1,1,2,2,1,1,1,4,4,4,4,4,1,2,1,2,2,3,1,1,4,4,4,1,1,3,2,2,2,3,1,2,1,4,2,1,3,2,2,3,3,2,4,1,4,4,4,4,4,4,4,4,4,2,3,3,2,2,1,1,1,1,3,4,1,4,4,4,4,4,3,3,1,2,3,4,1,4,1,1,2,2,1,2,4
pid_714,1,2,1,1,1,4,1,4,4,4,4,4,1,4,4,4,4,4,1,2,1,2,1,2,4,2,2,2,1,3,2,2,3,2,2,1,1,4,2,1,1,1,3,3,3,2,2,2,1,1,4,4,4,4,4,4,4,4,4,2,4,2,4,4,4,4,4,1,1,4,2,4,2,1,1,3,4,4,1,4,1,4,1,4,3,2,1,1,1,1,1
pid_1570,1,1,1,2,1,4,3,4,4,4,4,4,3,4,2,4,4,4,2,3,2,3,2,2,4,3,2,4,1,3,3,2,3,3,2,1,2,3,2,2,1,1,3,3,3,3,2,2,1,3,4,4,4,3,4,4,3,1,1,1,1,1,4,4,4,4,4,2,1,3,1,4,2,2,1,2,3,3,1,4,1,4,1,4,3,3,3,3,4,3,2
pid_1824,1,1,2,2,1,3,1,4,4,4,4,4,1,4,4,4,4,4,1,2,2,3,2,2,2,1,3,4,3,1,2,3,2,4,2,1,1,2,1,2,3,1,3,2,3,3,3,1,2,1,4,4,4,3,4,4,4,4,3,3,3,3,3,4,2,2,2,2,2,4,4,3,4,2,2,3,3,1,1,4,2,4,1,4,2,1,2,2,1,3,3
pid_1059,1,4,1,1,1,4,3,1,1,1,1,4,4,4,2,2,1,4,1,4,4,4,4,4,4,1,4,4,4,1,4,4,4,4,4,4,4,4,4,4,4,4,3,3,3,4,4,2,4,4,2,4,4,4,2,2,2,1,1,1,1,1,4,4,1,1,4,1,4,1,4,1,4,4,1,2,4,1,1,1,4,2,1,4,4,1,4,4,2,4,4
pid_696,1,1,1,1,1,1,1,1,1,2,2,1,1,4,4,4,4,4,1,2,1,3,3,3,1,1,4,4,4,1,1,4,3,4,3,2,3,1,1,4,3,1,2,2,2,3,3,2,4,1,4,4,4,4,4,4,4,4,2,1,2,2,1,2,1,1,1,1,4,4,4,4,4,4,2,3,2,1,1,4,4,4,1,4,1,1,1,1,1,4,1
pid_1368,1,3,1,3,1,4,2,4,4,4,4,3,3,3,4,2,3,4,1,2,2,2,2,2,4,2,3,4,2,3,2,3,3,4,3,2,3,3,2,4,2,2,2,3,3,2,3,1,3,2,4,3,4,3,3,3,4,1,1,2,4,3,4,4,2,3,4,3,2,3,3,3,3,3,1,3,3,3,1,4,1,4,1,4,2,2,3,3,3,3,4
pid_971,1,1,1,2,2,1,1,4,4,4,4,1,3,4,3,4,4,4,1,2,1,2,2,2,1,2,2,3,2,3,2,2,3,3,2,1,2,3,2,1,1,1,3,3,3,2,2,1,2,3,4,4,4,2,4,4,4,1,1,1,1,1,4,4,1,2,4,1,2,4,2,3,2,2,1,2,3,3,1,4,2,4,1,4,3,2,1,1,2,2,1
pid_1195,1,1,1,1,3,4,2,4,4,4,4,1,1,4,3,4,4,4,1,2,1,2,1,2,4,3,2,4,1,3,3,4,4,4,2,1,2,4,3,1,1,1,3,3,3,3,2,1,1,1,4,3,3,3,4,4,3,1,1,1,2,1,4,4,4,4,4,1,4,3,1,4,4,2,1,3,4,4,1,4,1,4,1,4,3,3,1,2,4,2,1
pid_1326,2,2,1,1,1,4,3,4,4,4,4,4,3,4,3,4,4,4,1,2,2,2,2,2,4,2,2,3,1,3,3,3,4,3,2,1,2,3,3,3,1,2,3,3,3,3,2,2,1,3,3,3,3,3,3,3,2,1,1,1,1,2,4,4,4,4,4,1,2,4,2,4,2,1,1,2,3,3,1,4,1,4,1,4,3,3,3,3,2,2,2
pid_142,1,1,1,2,1,1,1,4,4,4,4,1,3,4,1,2,2,4,1,2,1,2,2,2,1,1,3,3,1,1,2,2,4,4,2,2,3,3,3,3,1,1,2,2,2,2,2,2,2,3,3,4,4,3,3,3,4,1,1,1,1,1,1,4,1,2,2,2,2,4,2,3,3,2,1,2,3,2,1,2,2,4,1,4,3,1,1,1,1,2,2
pid_425,1,1,1,2,1,1,1,2,2,4,4,1,1,4,4,4,4,4,1,1,1,2,2,2,1,1,4,3,3,1,1,3,3,3,3,3,2,2,1,4,2,1,2,2,2,2,3,2,3,1,4,4,4,4,4,4,4,4,2,2,3,2,3,4,1,1,4,2,2,4,4,4,3,2,3,3,3,2,1,4,2,4,1,4,2,1,1,1,1,2,2
pid_1641,1,1,1,2,4,3,1,4,2,4,2,1,2,4,2,2,4,4,1,4,1,4,3,4,2,1,4,4,4,1,3,4,3,4,4,3,3,4,3,2,3,3,3,3,3,3,3,2,4,3,2,4,4,4,4,3,3,4,3,1,1,1,4,4,1,1,2,2,4,4,4,2,3,3,1,2,3,3,1,2,2,4,1,4,2,1,2,1,1,3,2
pid_772,1,1,1,2,1,1,1,4,4,4,4,1,2,4,4,4,4,4,1,1,1,1,1,1,1,1,4,3,3,1,2,3,2,3,1,3,2,2,1,4,1,1,2,2,2,2,3,2,2,1,4,4,4,4,4,4,4,4,2,2,3,3,1,4,1,2,4,2,2,4,4,4,4,3,3,3,2,1,1,4,4,4,1,4,2,1,1,1,1,2,1
pid_895,1,1,1,2,1,4,1,4,4,4,4,4,1,4,4,4,4,4,1,3,1,4,2,3,4,2,3,3,3,2,2,3,3,3,2,1,2,3,2,1,2,2,3,3,3,2,3,1,2,2,4,4,4,3,4,4,3,2,1,1,2,2,4,4,2,4,4,1,2,4,3,3,3,3,1,3,3,3,1,4,2,4,1,4,3,2,2,2,2,2,1
pid_1516,1,1,1,1,4,2,1,4,4,4,4,1,1,4,4,4,4,4,1,2,1,2,1,2,2,1,1,2,1,2,2,2,3,2,1,1,1,3,2,1,1,1,2,3,2,2,2,2,1,1,4,4,4,2,4,4,4,4,4,2,4,2,4,4,4,4,4,1,2,4,2,3,2,1,1,3,3,3,1,4,1,4,1,4,3,1,1,2,1,2,1
pid_1071,1,1,1,1,2,1,1,4,4,4,4,1,1,4,3,3,4,4,1,2,1,2,1,1,1,2,2,2,1,3,2,2,3,3,2,1,2,3,2,1,1,1,3,3,2,2,2,2,2,1,3,4,2,2,3,3,4,4,4,2,2,1,4,4,2,4,4,1,3,3,2,3,2,2,1,2,3,3,1,4,2,4,1,4,3,1,1,1,1,1,1
pid_215,1,1,1,2,1,4,1,4,4,4,4,1,3,4,2,4,4,4,1,2,1,3,2,2,3,2,2,2,1,3,2,2,3,3,2,1,2,3,2,1,1,1,3,3,2,3,2,2,2,2,4,4,4,2,4,4,3,1,1,1,2,1,4,4,2,4,4,2,3,4,1,3,2,2,1,2,4,4,1,4,1,4,1,4,3,2,1,1,1,3,2
pid_1558,1,1,1,1,1,1,1,3,2,4,2,2,1,4,4,4,4,4,1,2,2,2,2,2,1,1,4,4,4,1,3,3,3,3,3,2,2,1,1,4,3,1,3,2,2,2,3,1,3,1,4,4,4,4,4,4,4,3,2,2,2,2,3,3,1,2,2,1,3,4,4,3,4,3,3,3,2,2,1,2,3,4,1,4,2,1,1,1,1,3,2
pid_1842,1,1,1,1,1,1,1,3,2,4,2,1,1,4,4,4,4,4,1,1,1,2,2,2,1,1,3,4,3,3,3,3,4,3,3,2,2,2,2,4,1,1,2,3,3,3,3,2,3,1,3,4,3,2,3,3,4,4,3,4,4,2,2,4,1,1,2,1,2,3,4,2,4,3,2,3,3,2,1,2,1,4,1,4,3,1,1,1,1,1,1
pid_608,1,1,1,2,1,2,1,4,4,4,4,2,1,4,4,4,4,4,1,2,1,2,2,2,1,1,2,3,2,2,1,3,3,4,2,1,2,3,2,1,1,1,3,2,2,2,2,1,2,1,4,4,4,3,4,4,3,4,1,2,3,2,4,4,2,2,4,2,2,4,3,4,3,2,2,3,3,2,1,4,2,4,1,4,3,1,1,1,1,1,1
pid_192,1,1,1,1,2,4,1,4,4,4,4,1,1,4,4,4,4,4,1,1,1,1,1,1,4,2,2,4,1,3,2,2,3,2,1,1,1,4,1,1,1,1,3,3,2,3,2,2,1,1,4,4,2,2,4,4,3,4,4,2,4,2,4,4,4,4,4,1,1,3,2,3,2,1,1,2,4,3,1,4,1,4,1,4,3,2,2,2,2,2,1
pid_1976,1,2,2,2,2,4,1,1,2,4,4,2,3,4,3,4,4,4,1,2,1,2,3,3,2,1,4,4,4,1,2,3,2,4,3,3,3,1,2,2,2,1,3,2,2,2,3,1,3,1,4,4,4,4,4,4,4,1,1,1,1,1,3,3,1,1,2,2,3,3,1,4,4,3,3,3,2,1,1,2,4,4,1,4,3,1,1,1,1,2,3
pid_1691,1,1,1,1,1,3,1,4,4,4,4,4,4,2,1,2,4,4,1,3,2,3,2,2,3,2,2,3,1,3,4,3,4,4,2,2,3,4,4,3,1,1,4,3,3,3,3,2,1,4,2,2,3,2,2,2,3,1,1,1,1,1,4,4,4,4,4,2,2,4,1,3,4,2,1,2,4,4,1,4,2,4,1,4,3,3,1,2,3,3,3
pid_646,1,2,1,1,1,4,2,4,4,4,4,1,2,4,2,4,4,4,1,2,2,2,2,2,4,2,2,3,1,3,3,3,4,3,2,2,2,3,3,2,1,2,3,3,3,3,2,2,1,2,4,4,4,2,4,4,4,2,2,1,2,1,4,4,4,4,4,1,3,4,2,4,3,2,1,2,3,3,1,4,1,4,1,4,3,3,3,2,3,4,3
pid_1422,1,1,1,1,1,1,1,4,4,4,4,1,1,4,3,3,4,4,1,1,1,2,2,1,3,1,2,3,1,2,2,2,4,3,2,1,2,3,2,1,1,1,3,3,3,2,2,2,2,2,4,4,4,3,4,4,4,4,2,1,3,2,4,4,3,4,4,1,2,3,2,4,2,2,1,2,3,3,1,4,1,4,1,4,3,2,1,1,1,2,1
pid_1145,3,3,1,2,1,4,2,4,4,4,4,4,2,4,3,3,4,4,2,3,2,3,2,3,4,2,2,3,2,3,2,3,3,2,2,1,2,3,3,2,2,2,3,2,3,3,2,2,2,3,2,3,4,3,3,3,3,1,1,1,2,1,4,4,3,4,4,2,2,4,3,3,3,2,2,2,3,3,1,4,1,4,1,4,3,3,3,4,3,3,3
pid_1938,1,1,1,1,1,4,1,4,4,4,4,3,3,4,4,4,4,4,1,2,1,3,1,2,4,2,2,2,1,4,3,2,4,2,2,1,2,3,3,2,1,2,3,3,3,3,2,2,1,1,4,4,2,2,4,4,4,4,1,2,4,2,4,4,4,4,4,1,3,3,2,3,2,2,1,2,4,4,1,4,1,4,1,4,4,2,2,2,2,3,2
pid_321,1,1,1,1,3,1,1,2,4,4,4,1,1,4,3,4,4,4,1,2,2,2,2,3,1,1,3,3,3,1,2,3,3,3,3,2,2,2,2,2,2,2,3,2,3,3,3,2,3,3,2,4,4,4,4,4,3,4,2,1,1,1,3,4,1,1,4,2,3,4,4,3,3,3,2,3,3,2,1,4,2,4,1,4,2,1,1,1,1,2,2
pid_1212,1,1,1,1,1,1,1,2,1,4,2,1,3,4,2,4,4,4,1,3,2,3,3,3,1,1,4,4,4,1,2,3,2,4,3,3,3,2,2,4,3,2,3,2,3,2,3,2,3,3,2,3,4,2,4,2,3,1,1,1,1,1,2,2,1,1,1,1,4,2,4,2,4,3,3,3,4,2,1,2,4,4,1,4,3,1,1,1,1,2,3
pid_1588,1,1,2,1,1,4,2,4,4,4,4,4,3,4,2,4,4,4,1,3,2,4,2,2,4,1,2,3,1,3,2,3,3,3,2,1,1,3,2,2,1,2,3,3,3,3,2,2,2,3,4,4,4,2,4,4,4,1,1,1,1,1,4,4,4,4,4,1,2,4,2,3,3,3,1,2,4,3,1,4,1,4,1,4,3,2,2,3,3,3,3
pid_511,1,1,1,1,1,1,1,4,4,4,4,1,1,4,4,4,4,4,1,2,1,2,1,2,1,1,2,2,1,2,1,2,3,3,1,1,2,3,2,1,1,1,3,3,3,2,2,2,1,1,4,4,4,4,4,4,4,4,4,2,4,2,4,4,2,4,4,1,2,4,3,4,2,1,2,3,3,3,1,4,1,4,1,4,2,1,1,1,1,1,1
pid_1892,1,1,1,1,1,4,2,4,4,4,4,1,1,4,4,4,4,4,1,1,1,1,1,1,4,3,1,3,1,3,3,3,4,3,2,1,1,4,3,1,1,1,3,3,2,2,2,2,1,1,4,4,4,2,4,4,4,4,2,2,4,2,4,4,4,4,4,1,1,4,2,3,2,2,1,2,4,4,1,4,1,4,1,4,3,2,1,2,2,2,1
pid_1775,1,1,1,3,2,4,2,4,4,4,4,1,1,4,4,4,4,4,1,2,1,4,3,3,4,1,3,4,2,2,2,3,3,4,2,1,3,3,3,1,2,2,2,3,3,3,3,1,3,1,4,4,4,3,4,4,4,4,1,2,3,2,4,4,1,2,2,2,3,3,3,4,3,2,2,3,4,3,1,3,2,4,1,4,3,1,1,2,1,2,2
pid_845,1,1,1,2,1,4,1,4,4,4,4,4,4,3,2,2,4,4,1,2,2,3,2,2,4,3,2,3,1,3,3,2,4,4,2,1,2,3,3,1,2,1,3,3,3,3,2,2,2,3,2,3,3,2,2,3,2,1,1,1,1,1,4,4,3,4,4,1,2,3,2,4,4,3,1,2,3,4,1,4,2,4,1,4,3,3,2,2,2,2,2
pid_1470,1,1,1,1,1,4,1,4,4,4,4,4,3,4,2,4,4,4,1,2,1,2,1,1,4,3,2,4,1,4,3,2,3,3,2,1,2,4,3,1,1,1,3,3,3,2,2,2,1,3,3,4,3,3,4,4,3,1,1,1,1,1,4,4,4,4,4,1,1,4,1,3,3,2,1,1,4,4,1,4,2,4,1,4,4,3,3,3,3,1,1
pid_614,1,1,1,1,1,2,1,4,4,4,4,4,2,4,4,2,3,4,1,3,2,3,2,2,2,3,2,3,1,3,3,2,3,3,2,1,1,4,3,1,1,1,3,3,3,3,2,2,1,2,3,3,3,2,3,3,3,2,1,2,3,2,4,4,4,4,4,1,2,4,2,3,3,2,1,2,4,3,1,4,1,4,1,4,3,3,2,2,2,2,1
pid_373,1,1,1,1,3,4,1,4,4,4,4,4,1,4,4,4,4,4,1,1,1,2,1,2,4,2,1,3,1,3,3,2,4,2,2,1,1,4,3,1,1,1,3,3,2,2,2,2,1,1,4,4,4,1,4,4,4,4,4,2,4,2,4,4,4,4,4,1,1,2,1,4,2,2,1,2,4,3,1,4,1,4,1,4,3,2,1,1,1,1,1
pid_53,1,4,1,2,2,4,4,4,4,4,4,3,3,4,3,2,2,4,2,3,3,4,3,3,4,1,3,4,2,3,3,3,4,4,3,2,2,4,3,1,2,2,3,3,3,3,3,2,2,3,4,4,3,2,3,4,4,1,4,1,2,1,4,4,1,4,4,3,3,4,1,2,4,3,1,2,4,3,1,4,2,4,1,4,3,2,4,4,3,4,4
pid_1117,1,1,1,1,1,4,2,4,4,4,4,1,2,3,3,2,3,4,1,1,1,1,1,1,4,3,2,2,1,3,3,3,4,3,2,1,1,4,3,1,1,1,3,3,3,3,2,1,1,2,4,2,3,2,3,3,3,2,1,2,3,1,4,4,4,4,4,1,1,4,1,3,3,2,1,2,4,4,1,4,1,4,1,4,3,2,1,1,2,2,1
pid_1159,1,1,1,1,3,4,2,4,4,4,4,1,1,4,3,4,4,4,1,2,1,2,1,2,4,3,2,3,1,3,2,2,3,3,2,1,1,4,3,1,1,1,3,3,3,2,2,2,1,1,4,4,4,2,4,4,4,4,4,1,3,2,4,4,4,4,4,1,1,4,2,3,2,1,1,2,4,4,1,4,1,4,1,4,3,2,1,1,2,1,1
pid_1924,1,2,1,3,3,4,1,4,4,4,4,4,4,2,2,2,2,4,1,3,1,1,2,2,4,3,2,3,1,4,4,2,4,4,3,1,2,4,3,3,1,2,3,3,4,4,2,3,1,4,2,2,2,2,1,2,3,1,1,1,1,1,4,4,4,4,4,3,4,2,1,3,2,3,1,1,4,4,1,4,1,4,1,4,4,4,4,4,4,4,4
pid_1594,1,1,1,1,1,1,1,4,4,4,4,1,1,4,4,4,4,4,1,2,1,3,2,2,1,1,4,4,3,1,1,3,2,3,3,2,3,2,2,1,1,1,3,3,2,2,3,2,3,1,4,4,4,4,4,4,4,1,1,1,1,1,3,4,1,1,1,1,3,4,1,4,4,3,2,3,3,1,1,2,2,4,1,4,1,1,1,1,1,1,1
pid_817,1,1,1,2,1,3,1,4,4,4,4,2,2,4,4,4,4,4,1,1,1,1,1,2,2,1,3,4,3,1,2,3,3,3,3,2,2,2,2,3,1,1,2,3,2,2,3,1,3,1,4,4,4,4,4,4,4,3,1,3,4,4,4,4,2,2,4,2,1,4,4,4,3,2,2,3,3,1,1,4,2,4,1,4,2,1,2,2,1,2,3
pid_1769,1,1,1,1,1,4,2,4,4,4,4,4,1,4,4,4,4,4,1,2,1,2,1,1,4,2,2,3,1,3,3,2,3,3,2,1,2,3,2,3,1,1,3,3,3,2,2,1,1,2,3,3,4,2,4,4,3,4,2,2,4,3,4,4,4,4,4,1,1,4,2,4,2,1,1,3,3,4,1,4,1,4,1,4,3,2,2,2,2,3,1
pid_297,1,1,1,1,4,2,1,2,2,4,2,1,1,4,4,4,4,4,1,1,1,2,2,3,1,1,4,3,4,1,2,3,2,3,2,3,3,1,1,4,2,1,3,2,3,2,4,2,3,1,4,4,4,4,4,4,4,4,4,2,2,2,2,2,1,1,2,1,3,4,4,3,4,3,3,3,3,3,1,2,4,4,1,4,2,1,1,1,1,3,2
pid_859,1,1,1,2,1,3,1,4,3,4,4,3,3,3,4,2,2,4,1,1,1,1,2,1,3,1,3,3,3,1,1,3,4,4,3,2,2,2,1,2,2,1,3,3,3,3,3,2,3,2,4,4,4,3,4,4,4,1,1,2,2,2,4,4,1,4,1,1,1,4,4,3,4,3,2,3,3,2,1,4,3,4,1,4,3,1,1,1,1,2,1
pid_1240,1,1,1,1,1,3,2,4,4,4,4,4,2,4,3,4,4,4,1,3,2,3,2,2,3,2,2,3,1,3,3,3,3,3,2,1,2,3,2,2,1,1,3,3,3,2,3,2,1,3,4,3,4,2,4,4,3,2,1,1,2,1,4,4,3,4,4,1,2,2,3,2,3,2,1,2,4,3,1,4,1,4,1,4,3,2,2,3,3,3,2
pid_1727,1,1,1,2,1,1,1,3,4,4,4,1,2,3,3,2,2,4,1,2,1,2,2,2,1,1,2,3,2,3,3,3,3,3,2,2,2,3,3,2,1,1,3,2,3,2,2,2,2,1,3,3,2,1,2,2,3,2,1,2,4,1,2,4,4,4,4,1,3,3,3,4,3,2,1,2,3,3,1,4,2,4,1,4,3,2,1,1,2,2,1
pid_2036,1,1,1,2,1,1,1,4,2,4,3,3,2,4,4,4,4,4,1,1,1,2,2,2,1,1,4,3,3,1,2,3,2,4,2,3,2,2,2,4,2,1,3,2,2,2,3,2,3,1,4,4,4,4,3,2,4,1,1,2,2,2,2,4,1,1,2,2,2,4,2,3,3,2,2,4,3,2,1,4,3,4,1,4,2,1,1,2,1,3,3
pid_543,1,1,1,3,1,3,1,4,4,4,4,2,1,4,4,4,4,4,1,2,1,2,1,2,2,1,2,3,2,2,2,2,3,3,2,2,2,2,2,1,1,1,2,2,2,3,2,1,1,1,4,4,4,3,4,4,4,2,1,2,2,2,4,4,2,4,4,2,2,4,2,3,2,2,2,3,3,2,1,4,2,4,1,4,2,1,1,1,1,2,1
pid_110,1,2,1,1,1,1,1,4,2,4,4,2,2,4,3,4,4,4,1,2,1,3,3,3,1,1,4,4,4,1,1,4,2,4,3,3,3,1,1,3,2,1,3,2,3,2,3,1,4,2,3,4,4,4,4,4,3,1,2,1,1,1,1,2,1,1,1,1,4,4,1,4,4,4,3,2,2,2,1,4,4,4,1,4,1,1,1,1,1,4,3
pid_1374,1,2,1,2,4,2,1,4,2,4,4,1,2,2,3,2,4,4,1,2,1,2,2,3,2,1,4,4,3,1,2,3,3,4,3,3,3,2,2,2,2,1,3,2,2,2,3,2,3,2,3,4,4,3,3,4,4,4,1,1,2,2,3,4,1,1,4,2,4,3,4,4,4,3,2,3,3,2,1,3,4,4,1,4,2,1,2,2,1,2,2
pid_1613,1,2,2,1,1,2,1,4,4,4,4,3,2,4,4,4,4,4,1,2,1,2,2,2,2,2,2,3,1,3,3,2,3,3,2,1,2,3,3,1,1,1,3,3,3,3,2,1,2,1,4,4,2,2,3,3,4,4,1,2,3,2,4,4,3,4,4,1,2,4,1,3,3,3,1,2,3,3,1,4,2,4,1,4,3,2,2,2,2,2,2
pid_1189,1,1,1,1,1,4,1,4,4,4,4,4,3,4,2,2,4,4,1,2,1,1,1,2,4,3,2,4,1,3,3,2,3,3,2,1,2,3,3,1,1,1,3,3,3,3,2,1,1,3,3,3,4,3,3,3,3,1,1,1,1,1,4,4,4,4,4,2,1,4,1,4,3,2,1,2,4,4,1,4,1,4,1,4,3,3,2,3,2,4,3
pid_477,1,1,1,1,1,1,1,1,1,2,1,1,1,4,4,4,4,4,1,1,1,1,3,3,1,1,4,3,4,1,1,3,2,4,3,4,3,1,1,4,2,1,3,2,2,2,3,2,3,1,4,4,4,4,4,4,4,4,2,2,3,2,1,1,1,1,1,1,4,4,4,3,4,3,3,4,2,1,1,1,4,4,1,3,1,1,1,1,1,4,1
pid_923,1,1,1,1,2,4,4,4,4,4,4,1,3,4,4,4,4,4,1,1,1,2,1,1,4,3,2,3,1,3,3,2,4,3,2,1,1,4,4,2,1,1,3,3,3,2,2,2,1,1,4,4,3,2,4,4,3,2,1,1,2,1,4,4,4,4,4,1,2,3,1,4,2,2,1,2,4,4,1,4,2,4,1,4,3,3,3,4,3,4,3
pid_83,1,1,1,2,2,2,1,4,4,4,4,1,1,4,4,4,4,4,1,1,1,1,1,2,2,1,3,4,4,1,1,3,3,3,2,2,2,2,1,1,1,1,3,2,2,2,2,2,2,1,4,4,4,4,4,4,4,4,4,2,2,1,4,4,1,2,4,2,1,4,4,4,3,2,2,3,2,2,1,4,2,4,1,4,2,1,1,1,1,3,1
pid_439,1,1,1,1,3,1,1,2,2,4,2,1,2,4,4,4,4,4,1,1,1,2,2,2,1,1,4,4,4,1,1,3,2,4,2,3,2,2,1,2,2,1,3,2,2,2,4,1,3,1,4,4,4,4,4,4,4,4,4,1,2,2,1,1,1,1,2,1,3,4,1,3,4,3,4,3,2,2,1,3,4,4,1,4,2,1,1,1,1,2,1
pid_889,1,1,1,1,1,4,1,4,4,4,4,1,3,4,3,4,4,4,1,1,1,2,1,1,4,2,2,4,1,4,3,3,4,4,2,1,2,4,2,1,1,1,3,3,3,3,2,1,1,3,3,4,4,2,4,3,3,1,1,1,2,1,4,4,4,4,4,1,2,4,2,4,3,1,1,2,4,3,1,4,1,4,1,4,3,3,2,2,2,3,2
pid_1290,1,1,1,1,1,4,4,4,4,4,4,4,3,4,2,4,4,4,1,2,1,1,1,1,4,2,2,3,1,3,4,2,3,4,2,1,1,4,3,1,1,1,3,3,3,3,2,1,1,3,4,3,4,3,4,4,3,1,1,1,2,1,4,4,4,4,4,1,2,4,4,3,2,1,1,2,4,3,1,4,1,4,1,4,3,3,2,3,3,2,1
pid_209,1,1,1,1,2,1,1,3,4,4,4,1,1,4,4,4,4,4,1,2,1,4,2,3,1,1,4,3,4,1,1,3,2,4,2,2,3,2,2,2,2,2,3,2,3,3,3,2,3,1,4,4,4,4,4,4,4,4,4,2,2,2,3,4,1,1,1,1,3,4,4,4,4,3,1,4,3,3,1,4,4,4,1,4,2,1,1,1,1,1,1
pid_1810,1,1,1,2,1,1,1,4,4,4,4,1,2,4,4,4,4,4,1,1,1,2,1,2,1,1,2,3,2,3,2,2,3,2,2,1,2,2,2,3,1,1,2,2,2,2,2,2,2,1,4,4,3,2,3,4,4,2,2,2,2,2,1,4,2,4,4,1,3,4,3,4,3,2,2,2,3,3,1,4,2,4,1,4,3,2,1,1,1,1,1
pid_593,1,1,1,1,1,1,1,4,4,4,4,1,1,4,4,4,4,4,1,2,1,2,1,2,1,1,2,2,2,1,1,2,2,2,2,1,1,3,2,1,1,1,3,3,3,3,2,2,2,1,4,4,4,3,4,4,4,4,4,1,3,2,4,4,2,4,4,1,2,4,2,4,2,1,2,3,3,1,1,4,1,4,1,4,2,1,1,1,1,1,1
pid_1544,1,1,1,2,1,4,2,4,4,4,4,3,2,4,2,4,4,4,1,2,1,2,2,2,4,1,2,3,1,2,3,2,4,3,2,1,1,3,3,2,1,1,3,2,2,2,2,1,2,2,4,4,4,3,4,4,3,1,1,1,1,2,4,4,2,4,4,2,2,4,3,3,2,2,2,2,3,3,1,4,2,4,1,4,3,2,1,1,1,1,1
pid_720,1,1,1,1,1,1,1,1,1,2,1,1,1,4,4,4,4,4,1,2,1,2,3,3,1,1,4,4,4,1,2,4,2,4,3,4,4,1,2,4,3,1,3,2,3,3,4,1,4,1,4,4,4,4,4,4,4,2,2,1,1,1,1,1,1,1,1,1,4,4,4,2,4,4,2,2,4,2,1,2,4,4,1,4,3,1,1,1,1,4,1
pid_247,1,1,1,2,1,3,1,4,3,4,4,3,2,4,3,4,4,4,1,2,2,2,2,2,2,1,3,3,2,3,2,3,3,4,2,2,3,3,2,1,1,1,3,3,3,2,3,1,3,2,4,4,2,3,4,3,4,2,1,1,1,1,3,4,1,2,4,2,2,4,2,4,3,2,1,2,3,3,1,3,2,4,1,4,3,2,1,1,1,3,2
pid_1023,1,1,1,2,1,2,1,4,4,4,4,2,4,4,2,3,4,4,1,2,1,2,2,2,2,1,3,3,2,3,3,3,3,4,3,2,3,3,3,4,1,2,3,3,3,3,2,2,2,3,3,3,1,2,2,2,3,1,1,1,1,1,4,4,3,4,4,2,3,3,2,3,3,3,2,2,3,2,1,4,1,4,1,4,3,2,2,2,2,3,2
pid_1675,1,2,1,2,2,4,1,4,4,4,4,4,4,3,2,2,4,4,2,4,4,4,4,4,4,2,4,4,3,4,3,3,4,4,4,2,3,4,4,3,2,3,3,3,3,3,3,2,2,4,2,2,2,2,2,2,2,1,1,1,1,1,4,4,2,4,4,3,3,2,1,2,4,4,1,2,4,4,1,4,1,4,1,4,4,2,4,3,3,3,4
pid_1992,1,1,2,1,1,2,1,4,3,4,2,1,1,4,4,4,4,4,1,2,1,3,2,2,2,1,4,4,4,1,2,4,2,4,3,3,3,2,2,3,2,1,2,2,2,2,3,2,4,1,4,4,4,4,4,4,4,3,1,1,2,2,4,4,1,1,2,1,4,4,4,3,4,3,3,3,3,2,1,3,4,4,1,4,2,1,1,1,1,3,2
pid_411,1,1,1,1,1,1,1,4,1,4,4,1,2,4,2,4,4,4,1,2,1,2,2,2,1,1,4,4,4,1,1,4,1,4,3,2,3,1,1,1,1,1,3,2,2,2,3,2,3,1,4,4,4,4,4,4,4,1,2,1,1,1,4,4,1,1,1,1,4,4,4,3,4,3,3,3,3,2,1,4,2,4,1,4,1,1,1,1,1,2,1
pid_1488,2,1,1,2,4,4,3,4,4,4,4,2,1,4,4,4,4,4,2,2,2,3,2,2,4,1,2,4,2,3,3,3,4,3,3,1,2,3,3,1,2,2,2,3,3,3,2,1,2,1,4,4,4,3,4,4,4,4,4,2,4,2,4,4,3,4,4,1,2,4,4,4,2,2,1,3,4,2,1,4,1,4,1,4,3,3,4,4,2,4,2
pid_176,1,1,1,2,1,4,3,4,4,4,4,1,2,4,3,4,4,4,1,2,1,1,1,1,4,2,2,3,1,3,2,2,4,3,2,1,2,3,2,1,1,1,2,2,2,3,2,2,1,2,4,4,4,3,4,4,3,2,4,1,2,1,4,4,4,4,4,1,2,3,2,3,3,2,1,2,3,3,1,4,1,4,1,4,3,2,2,2,2,3,1
pid_1312,1,1,1,1,1,3,2,4,4,4,4,3,3,4,2,3,4,4,1,3,2,4,2,3,4,2,2,3,2,3,3,2,3,4,2,1,2,3,3,2,1,2,3,3,3,3,2,2,2,3,2,3,2,2,3,2,3,1,1,1,2,1,4,4,4,4,4,2,4,3,2,3,2,3,1,2,4,3,1,4,1,4,1,4,4,2,3,4,2,3,3
pid_1,1,1,1,2,1,4,1,4,4,4,4,3,2,4,3,3,4,4,1,2,1,2,2,3,3,2,3,2,2,3,3,3,3,3,3,2,2,3,3,1,1,2,2,3,2,2,3,2,3,2,4,4,3,3,4,4,4,1,1,1,1,1,4,4,1,2,2,3,3,4,2,4,3,2,1,2,3,3,1,2,1,4,1,4,3,2,1,1,2,2,1
pid_138,2,2,1,1,1,4,4,4,4,4,4,4,1,4,4,4,4,4,2,2,2,2,2,2,4,2,2,3,1,3,2,3,4,3,2,1,1,3,2,1,1,1,3,3,3,2,3,1,1,1,4,3,4,2,4,4,3,4,2,2,4,2,4,4,4,4,4,1,2,3,2,4,3,2,1,3,3,3,1,4,1,4,1,4,3,2,2,3,3,3,1
pid_945,1,1,1,1,2,4,1,4,4,4,4,1,1,4,4,4,4,4,1,2,1,4,2,2,4,2,2,3,1,3,2,2,3,4,2,1,1,3,2,1,1,1,2,3,3,2,2,2,1,1,4,4,4,3,4,4,4,2,1,3,3,2,4,4,4,4,4,1,1,4,1,4,2,2,1,3,3,3,1,4,2,4,1,4,3,2,1,2,2,2,1
pid_1791,1,1,1,2,1,1,1,4,4,4,4,1,1,4,4,4,4,4,1,1,1,2,1,2,1,1,2,3,2,2,2,2,3,3,2,1,1,2,2,1,1,1,2,3,2,2,2,1,1,1,4,4,4,3,4,4,4,4,4,2,4,4,4,4,1,4,4,1,2,4,3,3,2,2,2,3,3,2,1,4,2,4,1,4,2,1,1,1,1,1,1
pid_1876,1,1,1,1,1,4,1,4,4,4,4,1,1,4,4,4,4,4,1,1,1,1,1,1,4,2,1,3,1,3,2,1,2,3,1,1,1,4,2,1,1,1,2,3,2,2,2,1,1,1,4,4,4,3,4,4,4,4,2,1,3,1,4,4,4,4,4,1,1,4,1,4,2,1,1,2,3,3,1,4,1,4,1,4,3,2,1,1,1,1,1
pid_708,1,1,1,1,4,1,1,1,1,4,1,1,2,4,3,4,4,4,1,2,1,3,3,3,1,1,4,4,4,1,2,4,2,4,3,4,4,2,2,2,1,1,3,2,3,2,3,2,4,1,4,4,4,4,4,4,4,4,1,1,1,1,1,1,1,1,1,1,4,4,4,2,4,4,3,3,2,2,1,2,4,4,1,1,1,1,1,1,1,1,1
pid_221,1,1,1,1,1,1,1,1,1,3,1,1,1,4,4,4,4,4,1,3,2,4,3,4,1,1,4,4,4,1,2,4,2,4,4,4,3,1,2,2,2,2,3,2,3,2,4,1,4,1,4,4,4,4,4,4,4,4,4,3,1,2,1,1,1,1,1,1,3,4,4,2,4,4,2,2,1,2,1,2,4,4,1,4,1,1,1,1,1,3,1
pid_1838,1,2,1,2,2,4,3,4,4,4,4,1,2,4,4,4,4,4,1,2,1,3,2,2,4,2,2,4,1,3,3,2,3,3,2,1,2,3,2,2,1,1,3,3,3,2,2,1,2,1,4,4,3,3,4,4,3,2,2,2,4,2,4,4,4,4,4,1,3,4,2,3,2,1,1,3,3,3,1,4,2,4,1,4,3,2,3,4,3,4,3
pid_1045,1,2,1,2,2,3,1,4,4,4,4,4,4,2,2,2,3,4,2,3,2,4,2,3,3,2,3,3,2,4,3,2,3,4,2,2,3,4,3,2,2,2,3,3,3,3,2,3,2,3,2,3,2,2,2,2,3,4,1,1,1,1,4,3,2,2,4,2,3,3,2,3,3,3,1,1,3,4,1,4,2,4,1,4,3,3,3,3,3,2,3
pid_1522,1,2,1,1,1,2,1,4,4,4,4,3,3,4,2,2,4,4,1,3,2,3,2,2,3,3,3,3,2,3,3,3,4,4,3,2,3,3,3,1,2,2,3,3,3,3,3,1,2,3,3,3,3,3,2,2,3,1,1,1,1,1,4,4,1,4,4,2,3,4,1,3,3,2,1,2,4,4,1,4,1,4,1,4,3,2,3,3,3,3,4
pid_746,1,2,1,1,1,3,3,4,4,4,4,4,3,4,3,4,4,4,2,3,3,3,2,2,4,2,2,4,1,3,2,2,3,4,2,1,2,3,3,2,1,2,3,3,3,2,2,2,2,2,4,4,4,3,4,4,2,1,1,1,1,1,4,4,3,4,4,1,2,4,1,3,3,2,1,2,4,3,1,4,1,4,1,4,3,2,3,3,3,4,3
pid_315,2,2,1,1,1,4,2,4,4,4,4,3,4,4,1,2,4,4,2,4,4,4,3,4,4,3,2,4,1,4,4,2,4,4,4,1,3,3,3,1,2,3,3,3,3,3,3,1,1,3,1,3,2,2,2,1,4,1,1,1,1,1,4,4,4,4,4,1,2,4,1,3,4,4,1,2,4,3,1,4,1,4,1,4,3,3,4,4,3,3,4
pid_1171,1,1,1,2,1,4,1,4,4,4,4,1,2,4,4,3,4,4,1,2,1,2,1,2,4,2,3,3,2,2,2,3,4,3,3,2,2,4,3,1,1,1,3,3,3,3,2,2,2,1,4,4,4,3,3,3,3,2,2,2,2,2,4,4,2,2,4,2,3,3,2,3,3,3,1,3,4,3,1,4,2,4,1,4,3,2,1,2,3,1,2
pid_35,1,1,2,1,2,1,1,2,1,4,4,1,1,4,4,4,4,4,1,2,1,2,3,3,1,1,4,4,3,1,1,4,2,3,3,3,2,2,1,3,2,1,2,2,3,2,3,2,3,1,4,4,4,3,4,4,4,3,2,1,2,2,1,2,1,1,1,1,3,4,1,2,4,4,2,4,3,1,1,2,4,4,1,4,2,1,1,1,1,3,1
pid_1416,1,2,1,1,1,1,1,2,2,4,2,1,1,4,4,4,4,4,1,2,1,2,2,3,1,1,4,4,4,1,2,4,2,4,3,3,4,1,1,1,3,1,3,2,2,3,3,1,3,1,4,4,4,4,4,4,4,4,3,2,3,2,3,3,1,1,2,1,4,4,4,2,4,4,4,3,3,1,1,3,4,4,1,4,1,1,1,1,1,2,1
pid_995,1,2,3,2,1,3,2,2,1,2,2,4,3,4,4,3,2,4,1,2,2,3,3,3,2,1,4,4,4,1,2,4,2,4,3,3,4,2,2,3,3,2,3,2,3,3,3,1,4,2,3,4,4,3,4,4,4,1,1,1,2,1,4,3,1,1,1,2,3,3,4,3,4,4,3,3,3,1,1,2,4,4,1,4,3,1,3,2,1,2,3
pid_672,1,1,1,1,1,3,1,3,2,4,4,3,4,4,2,2,3,4,2,2,2,3,3,3,2,1,4,4,4,1,2,4,2,4,4,3,3,2,2,4,2,3,3,2,3,3,3,2,3,3,3,4,4,4,4,3,3,1,1,1,1,1,3,3,1,1,1,1,4,4,4,3,4,3,2,2,3,1,1,2,4,4,1,4,3,1,1,1,1,3,3
pid_1942,1,1,1,2,1,2,1,3,2,4,4,2,1,4,4,4,4,4,1,2,1,2,3,2,2,1,4,4,4,1,2,3,2,4,2,3,3,2,2,4,2,1,3,2,3,2,3,2,3,1,4,4,4,4,4,4,4,3,1,2,3,4,3,4,1,1,1,1,3,4,4,3,4,3,3,3,2,2,1,3,4,4,1,4,2,1,1,1,1,1,3
pid_1458,1,2,2,1,1,1,1,4,2,4,4,4,1,4,3,4,4,4,1,1,1,2,2,3,1,1,2,2,2,1,1,3,4,2,2,1,2,2,1,3,3,1,2,3,3,2,3,1,3,1,4,4,4,4,4,4,4,1,1,1,1,1,1,1,1,1,1,1,2,4,2,4,3,2,2,2,3,3,1,4,1,4,1,4,2,1,1,1,1,2,3
pid_1095,1,1,2,2,1,4,3,4,4,4,4,4,2,2,4,3,2,4,2,2,1,2,2,2,4,2,3,3,2,3,4,4,4,4,4,2,3,3,2,1,2,2,3,3,3,3,3,2,3,3,3,3,3,4,2,3,4,1,1,2,2,2,4,4,4,4,4,2,3,4,1,3,4,3,1,4,3,2,1,4,1,4,1,4,3,2,3,4,3,3,4
pid_871,1,1,1,1,1,1,1,4,4,4,4,4,1,4,4,4,4,4,1,1,1,2,1,2,1,1,4,4,4,1,1,2,2,3,3,1,3,1,1,2,1,1,3,2,2,2,3,1,3,1,4,4,4,4,4,4,4,4,4,2,2,2,3,4,1,1,1,1,4,4,4,4,4,4,3,2,1,2,1,2,2,4,1,4,1,1,1,1,1,1,1
pid_1268,1,1,1,2,1,4,2,4,4,4,4,4,2,4,3,4,4,4,1,3,2,4,2,3,4,2,3,3,2,3,3,3,4,3,3,3,3,3,3,4,2,3,3,3,3,3,3,2,3,2,3,3,3,2,3,3,4,4,2,4,4,3,4,4,2,4,4,3,3,3,2,3,3,3,1,3,3,2,1,4,3,4,1,4,3,2,2,2,2,3,3
pid_796,1,1,1,1,1,4,2,4,4,4,4,2,3,3,2,3,3,4,1,2,2,3,2,2,4,3,2,4,1,3,3,2,4,3,2,1,2,3,3,2,1,1,3,3,3,3,2,2,1,3,2,2,2,2,2,3,3,1,1,1,2,1,4,4,4,4,4,1,3,3,1,3,2,2,1,2,4,3,1,4,1,4,1,4,3,2,2,3,2,3,1
pid_2050,1,1,2,1,1,1,2,1,1,4,1,4,2,4,4,4,4,4,1,2,2,3,3,3,1,1,4,4,4,1,1,4,2,4,3,3,4,1,1,2,3,1,3,2,3,3,4,1,4,1,4,4,4,3,4,4,4,4,4,1,1,1,1,1,1,1,1,1,4,4,4,3,4,4,3,2,4,1,1,1,4,2,1,4,2,1,1,1,1,2,1
pid_1741,1,1,2,1,1,1,1,4,4,4,4,1,1,4,4,4,4,4,1,2,1,2,1,2,1,1,2,4,1,3,2,3,4,2,2,1,1,4,3,1,1,1,3,3,3,2,2,1,2,1,4,4,4,2,4,4,4,4,1,2,4,2,3,4,4,4,4,1,2,3,2,4,2,2,1,2,4,3,1,4,1,4,1,4,3,1,1,1,1,1,1
pid_525,1,1,1,2,1,4,1,4,4,4,4,2,1,4,4,4,4,4,1,2,1,2,3,2,3,1,3,4,3,1,1,3,3,3,2,1,2,2,2,1,2,1,2,2,2,2,2,1,3,1,4,4,4,4,4,4,4,4,4,3,3,3,4,4,2,2,4,2,2,4,3,4,3,2,2,3,3,2,1,4,1,4,1,4,2,1,3,3,1,2,3
pid_1226,1,1,1,1,1,4,2,4,4,4,4,4,3,4,4,4,4,4,1,2,2,3,2,2,4,2,2,3,1,3,3,3,3,4,2,1,2,4,3,1,1,1,3,3,3,3,2,2,1,3,4,4,4,3,4,4,3,1,1,1,1,1,4,4,4,4,4,1,3,3,1,2,2,2,1,2,4,4,1,4,1,4,1,4,3,2,2,2,2,2,1
pid_1345,1,3,1,1,3,4,2,4,4,4,4,1,4,4,3,4,4,4,1,2,2,2,1,2,4,3,2,4,1,4,3,3,4,3,2,1,2,4,3,1,1,1,3,3,3,3,2,1,1,3,4,3,4,3,4,4,3,2,1,1,2,1,4,4,4,4,4,1,1,3,1,4,3,2,1,3,4,3,1,4,2,4,1,4,3,4,3,4,4,4,4
pid_121,1,2,1,1,3,1,1,1,2,4,2,1,1,4,4,4,4,4,1,2,1,3,3,3,2,1,4,2,4,1,1,3,3,3,2,3,1,2,2,4,2,2,2,3,2,2,4,1,4,1,4,4,4,4,4,4,4,4,4,1,2,2,2,3,1,1,1,1,3,4,1,4,4,2,3,4,3,1,1,4,3,4,1,4,2,1,1,1,1,3,3
pid_446,1,2,2,2,1,4,2,4,4,4,4,3,3,3,3,2,4,4,1,2,1,3,1,2,4,2,2,2,1,2,3,2,4,4,2,1,2,3,2,2,1,1,3,3,3,2,2,1,1,3,4,4,4,4,4,4,4,1,1,1,1,2,4,4,2,4,4,3,2,4,2,4,3,1,1,2,3,4,1,4,1,4,1,4,3,2,3,2,2,4,3
pid_1622,1,1,1,1,2,1,1,4,4,4,4,1,1,3,3,3,4,4,1,2,1,2,1,2,1,1,2,2,1,2,2,2,2,4,2,1,2,3,2,1,1,1,3,3,2,3,2,2,2,1,4,4,3,2,3,4,4,2,1,2,2,1,1,4,2,2,4,1,2,4,2,3,2,2,1,2,3,3,1,4,2,4,1,4,3,2,1,1,1,3,1
pid_912,1,1,1,2,1,4,1,4,4,4,4,1,1,4,4,4,4,4,1,1,1,2,2,1,4,2,2,3,1,1,2,3,4,3,2,1,1,2,2,3,1,1,3,2,3,2,2,1,2,1,4,4,4,3,4,4,4,4,2,2,4,4,4,4,2,4,4,2,1,3,2,4,3,2,2,4,3,2,1,4,1,4,1,4,3,2,2,2,2,3,1
pid_1491,1,1,1,3,1,4,1,4,4,4,4,1,1,4,4,4,4,4,1,2,1,3,1,2,4,2,3,3,2,2,2,3,3,3,2,1,2,3,2,3,1,1,3,2,3,2,2,1,1,1,4,4,4,3,4,4,4,4,4,2,3,2,4,4,1,2,3,2,3,4,3,3,3,2,2,3,3,1,1,4,2,4,1,4,3,2,1,1,2,2,1
pid_408,1,3,1,1,1,3,1,4,4,4,4,4,2,4,3,4,4,4,1,2,1,2,1,1,3,2,2,3,1,3,3,2,3,3,1,1,1,4,3,1,1,1,3,3,3,3,2,2,1,2,4,4,4,3,4,4,3,1,2,1,2,1,4,4,4,4,4,1,1,3,1,3,2,1,1,2,4,4,1,4,3,4,1,4,3,3,3,4,2,3,2
pid_392,1,1,1,1,1,4,1,4,4,4,4,3,1,4,4,4,4,4,1,2,1,2,1,2,4,2,2,4,1,4,3,2,4,3,2,1,2,3,3,1,1,1,3,3,3,3,2,2,1,1,4,4,2,2,4,4,2,4,4,2,3,3,4,4,4,4,4,1,3,2,1,4,3,4,1,2,4,4,1,4,4,4,1,4,4,3,1,1,3,2,1
pid_1821,1,1,1,1,1,4,3,4,4,4,4,4,1,4,4,4,4,4,1,1,1,1,1,1,4,3,2,3,1,3,3,2,3,2,2,1,2,3,2,1,1,1,3,3,2,2,2,2,1,1,4,4,4,3,4,4,3,4,3,3,3,2,4,4,4,4,4,1,1,3,1,4,3,1,1,2,4,3,1,4,1,4,1,4,3,3,1,2,2,2,1
pid_238,1,1,1,1,1,2,1,4,4,4,4,3,1,4,4,4,4,4,1,2,1,1,1,1,2,1,1,3,1,2,2,2,3,3,1,1,1,3,2,1,1,1,3,3,2,2,2,2,1,1,4,4,4,3,4,4,4,4,4,2,3,2,4,4,3,4,4,1,1,4,2,4,2,1,1,2,3,3,1,4,1,4,1,4,3,2,1,2,1,2,1
pid_711,1,1,1,1,4,1,1,1,1,4,1,1,2,3,3,3,4,4,1,1,1,2,3,2,1,1,4,4,4,1,2,3,1,4,3,4,3,1,2,4,1,1,3,2,2,2,4,1,4,1,4,4,4,4,3,4,4,4,1,1,1,1,1,1,1,1,1,1,4,4,4,2,4,4,2,2,4,3,1,1,4,4,1,4,1,1,1,1,1,1,2
pid_1575,1,4,1,3,3,4,1,4,4,4,4,2,2,4,4,4,4,4,1,3,3,4,2,4,4,2,3,4,3,2,3,3,4,3,3,2,2,3,3,4,3,3,3,3,3,3,3,1,3,1,4,4,4,3,4,4,4,4,2,3,4,4,4,4,2,4,4,3,3,4,2,4,3,3,2,4,3,2,1,4,2,4,1,4,2,2,4,3,3,3,4
pid_1012,1,1,1,1,1,3,2,4,4,4,4,1,2,4,4,4,4,4,1,2,2,3,1,2,2,3,2,3,1,4,3,2,3,4,2,1,2,4,3,1,1,1,3,3,3,3,2,2,1,2,4,4,4,2,4,4,3,2,1,1,3,1,4,4,4,4,4,1,3,3,1,3,3,2,1,2,4,4,1,4,1,4,1,4,3,3,1,1,3,2,1
pid_276,1,1,1,3,1,4,2,3,2,4,2,3,3,4,2,4,4,4,2,3,3,4,3,3,3,1,4,3,3,2,2,3,4,4,3,4,3,3,3,4,2,3,3,3,2,3,3,2,3,3,3,4,3,3,3,3,4,1,4,1,1,1,4,4,1,1,2,2,3,4,4,2,3,3,2,2,3,2,1,2,2,4,1,4,3,1,3,2,2,3,3
pid_1788,1,1,1,1,3,3,1,4,4,4,4,3,3,4,3,4,4,4,1,2,1,2,1,2,4,1,2,2,1,2,3,2,2,3,2,1,2,3,3,1,1,1,3,3,2,2,2,2,1,2,4,4,4,4,4,4,3,3,2,1,2,1,4,4,2,4,4,1,1,4,2,4,2,2,1,2,3,3,1,4,2,4,1,4,3,2,2,2,1,1,3
pid_625,1,1,1,2,1,3,1,4,4,4,4,3,3,4,2,4,4,4,1,3,3,4,2,3,2,1,3,4,1,4,4,3,4,4,3,1,3,4,3,1,1,2,3,3,3,3,3,2,1,3,4,4,2,2,3,3,4,2,1,1,3,2,4,4,4,4,4,1,2,3,1,3,3,3,1,2,3,4,1,4,1,4,1,4,3,2,3,4,3,3,3
pid_1441,1,1,1,1,1,4,1,4,4,4,4,1,4,4,3,4,4,4,1,2,2,3,2,2,3,2,2,3,1,3,3,2,3,4,2,1,2,3,3,1,1,1,3,3,3,3,2,2,2,3,4,4,3,2,4,4,2,1,1,1,1,1,4,4,4,4,4,1,2,4,3,4,2,2,1,2,3,3,1,4,2,4,1,4,3,3,2,3,2,3,2
pid_1126,1,1,1,2,1,2,1,4,4,4,4,4,3,4,4,4,4,4,1,2,1,2,2,2,2,1,3,3,2,1,2,3,3,3,2,2,2,2,2,1,1,1,3,2,2,2,3,1,2,1,4,4,4,3,4,4,4,3,2,2,3,3,4,4,2,4,4,1,3,3,2,4,3,2,2,3,3,3,1,4,2,4,1,4,3,1,1,1,1,1,1
pid_62,1,1,1,2,1,2,3,4,4,4,4,1,3,4,2,4,4,4,1,2,1,2,1,2,2,1,2,3,1,2,2,3,3,3,3,2,2,3,2,1,1,1,2,2,2,2,2,2,2,2,4,4,4,4,4,4,4,2,1,1,1,2,4,4,2,4,4,1,2,4,2,3,3,2,2,3,3,3,1,4,2,4,1,4,2,2,1,2,2,2,1
pid_342,1,2,1,1,1,4,2,4,4,4,4,4,1,4,4,4,4,4,1,2,2,2,2,2,4,2,2,3,1,3,2,2,2,2,2,1,2,3,3,1,1,2,3,3,3,3,2,1,2,1,4,4,4,3,4,4,3,4,4,2,4,2,4,4,4,4,4,1,2,4,2,4,2,2,1,3,3,3,1,4,1,4,1,4,3,2,2,3,2,3,1
pid_1395,2,3,2,2,1,4,1,4,4,4,4,4,1,4,4,4,4,4,2,3,3,3,3,3,4,2,3,4,4,2,2,3,4,3,3,1,3,3,2,3,3,3,3,4,3,3,3,1,2,1,4,4,4,3,4,4,4,4,3,2,3,2,4,4,1,4,4,2,2,4,2,4,3,3,1,3,3,2,1,2,1,4,1,4,3,2,4,4,3,4,3
pid_496,1,1,1,2,1,1,1,4,4,4,4,3,1,4,4,4,4,4,1,2,1,2,2,2,1,1,2,2,2,1,1,2,3,2,2,1,2,2,2,1,1,1,2,3,2,3,2,1,3,1,4,4,4,4,4,4,4,4,4,2,2,2,1,4,1,1,4,2,2,4,3,4,2,2,2,3,3,3,1,4,2,4,1,4,2,1,1,1,1,1,1
pid_1168,1,1,2,2,1,3,1,4,4,4,4,2,2,4,4,3,4,4,1,2,1,2,2,2,3,2,2,3,1,2,2,2,2,2,2,1,2,3,3,1,1,1,3,3,3,2,2,2,2,1,4,3,4,2,4,4,3,2,1,2,4,2,4,4,4,4,4,2,1,3,2,4,3,2,1,2,3,2,1,4,1,4,1,4,3,2,2,2,2,2,2
pid_1915,3,2,1,1,1,3,3,4,4,4,4,4,4,4,2,2,4,4,2,3,2,3,2,2,4,3,2,4,1,4,3,4,4,4,2,1,2,4,4,1,1,2,3,3,3,3,3,2,1,4,2,4,3,2,3,2,2,1,1,1,1,1,4,4,4,4,4,1,3,4,1,3,4,4,1,1,4,4,1,4,3,4,1,4,4,3,4,4,4,3,4
pid_826,1,1,1,2,1,4,1,4,4,4,4,1,1,4,4,4,4,4,1,2,1,2,1,2,3,2,2,2,1,2,2,2,4,4,2,1,1,3,1,2,1,1,2,3,2,3,2,1,1,1,4,4,4,3,4,4,4,4,4,1,4,2,4,4,4,4,4,1,2,4,2,4,2,2,1,3,3,2,1,4,1,4,1,4,3,1,1,1,1,2,1
pid_2049,1,1,1,1,1,3,2,4,4,4,4,4,3,4,2,4,4,4,1,2,2,2,2,2,3,3,2,4,2,4,3,3,3,4,3,1,2,3,3,2,1,1,3,3,3,3,2,2,1,4,2,3,2,2,3,2,2,1,1,1,1,1,4,4,4,4,4,1,4,2,2,3,3,3,1,2,4,4,1,4,2,4,1,4,4,3,2,2,3,3,2
pid_1758,1,1,1,2,1,2,1,4,4,4,4,1,1,4,4,4,4,4,1,2,1,4,2,2,2,1,3,4,3,2,2,3,3,3,2,1,2,3,2,4,1,1,3,2,3,2,2,2,2,1,4,4,4,3,4,4,4,4,4,2,3,3,4,4,1,4,4,1,2,4,2,3,3,2,3,3,3,2,1,4,1,4,1,4,2,2,1,1,1,2,1
pid_1271,1,1,1,1,1,1,1,4,1,4,4,1,3,2,4,2,4,4,1,1,1,1,1,2,1,1,4,4,3,1,1,2,1,3,3,3,2,3,1,1,1,1,2,2,2,2,3,1,4,1,4,4,4,4,4,4,4,1,1,1,2,2,2,4,1,1,2,1,4,4,1,4,4,3,2,4,3,1,1,2,4,4,1,4,1,1,1,1,1,1,1
pid_868,1,1,1,1,1,1,1,4,2,4,4,4,1,4,4,4,4,4,1,1,1,2,2,3,1,1,4,4,4,1,1,3,2,4,3,3,3,1,1,1,1,1,2,2,2,3,3,2,4,1,4,4,4,4,4,4,4,1,4,1,1,1,2,2,1,1,1,1,4,4,4,4,4,4,2,2,1,1,1,1,4,4,1,4,1,1,1,1,1,2,1
pid_572,1,1,1,1,1,1,1,3,2,4,2,1,3,4,2,4,4,4,1,1,1,3,2,2,1,1,4,4,4,1,2,4,2,4,3,2,3,1,1,1,2,1,3,2,3,2,4,2,3,3,4,4,4,4,4,4,4,1,1,1,1,1,3,3,1,2,1,1,4,4,1,2,4,4,2,2,3,1,1,4,4,4,1,4,3,1,1,1,1,2,1
pid_2007,3,3,1,1,1,4,3,4,4,4,4,4,3,2,2,2,2,4,3,4,4,4,2,3,4,3,2,4,1,4,4,2,3,4,3,1,3,4,4,2,1,3,4,3,3,4,3,2,1,3,2,2,2,2,2,2,3,1,2,1,3,2,4,4,4,4,4,1,3,4,1,2,3,3,1,2,4,4,1,4,2,4,1,4,4,3,4,4,4,4,4
pid_1716,1,1,1,1,1,3,1,4,4,4,4,4,1,4,4,3,4,4,1,2,1,2,1,1,3,2,2,3,1,4,4,3,3,3,2,1,2,4,3,1,1,1,3,3,3,2,2,2,1,1,3,3,2,2,4,3,3,2,1,1,2,1,4,4,4,4,4,1,2,4,2,4,2,2,1,2,4,4,1,4,2,4,1,4,4,3,1,1,2,2,1
pid_1140,1,1,1,2,1,3,1,4,4,4,4,1,1,4,4,4,4,4,1,1,1,1,1,1,4,1,2,2,2,2,2,2,3,3,2,1,2,2,1,2,1,1,2,2,2,2,2,1,2,1,4,4,4,4,4,4,4,4,4,4,4,3,4,4,1,4,4,1,2,4,3,4,3,1,2,3,3,2,1,4,2,4,1,4,2,2,1,1,1,2,1
pid_324,1,1,1,1,1,2,2,4,4,4,4,2,2,4,4,4,4,4,1,1,1,1,2,2,2,1,2,2,1,2,2,2,3,4,2,1,2,2,2,2,1,1,3,2,2,2,2,2,1,1,4,4,4,3,4,4,4,4,4,1,3,2,4,4,3,4,4,1,1,4,3,4,2,2,1,2,3,2,1,4,1,4,1,4,3,2,1,1,2,2,2
pid_643,1,1,1,1,4,4,2,4,4,4,4,1,1,4,4,4,4,4,1,1,1,1,1,1,4,2,2,3,1,3,2,2,2,3,2,1,1,3,2,1,1,1,2,3,3,2,2,1,1,1,4,4,4,3,4,4,4,4,4,2,4,4,4,4,4,4,4,1,1,4,2,4,2,2,1,2,3,3,1,4,1,4,1,4,3,2,1,2,1,2,1
pid_1427,1,1,1,2,2,4,3,4,4,4,4,3,3,4,2,4,4,4,2,2,2,3,2,2,4,1,2,3,2,2,2,2,3,4,2,1,2,3,3,1,2,2,3,3,3,2,2,2,2,3,3,4,4,2,4,4,4,1,1,1,1,1,4,4,2,4,4,2,2,4,2,4,3,2,1,2,3,3,1,4,1,4,1,4,3,2,4,4,2,1,3
pid_1973,1,1,1,2,1,2,1,4,4,4,4,4,1,4,3,4,4,4,1,3,2,3,2,3,2,2,2,3,2,3,2,2,3,3,2,1,2,3,3,3,1,2,3,3,3,3,2,1,2,2,3,3,3,2,4,4,3,1,1,1,2,2,4,4,2,4,4,2,2,3,3,2,3,2,1,2,3,3,1,4,2,4,1,4,3,1,2,3,2,3,3
pid_1694,1,2,1,3,2,4,2,4,4,4,4,3,3,3,2,3,4,4,1,2,2,2,3,3,4,2,3,3,2,2,2,3,3,4,3,2,3,3,2,3,2,2,3,3,3,2,3,2,3,3,2,4,4,3,3,3,2,1,1,1,1,1,4,4,2,1,2,3,3,4,2,4,3,2,1,2,3,3,1,4,2,4,1,4,3,3,3,3,2,3,3
pid_197,1,1,1,1,3,3,1,4,4,4,4,1,2,4,4,4,4,4,1,1,1,1,1,1,2,1,2,2,1,1,2,2,3,2,1,1,1,3,2,3,1,1,2,3,2,2,2,2,1,1,3,4,4,3,4,4,4,4,1,1,2,1,4,4,1,4,4,1,1,4,1,4,2,1,1,3,3,3,1,4,2,4,1,4,3,2,1,1,1,1,1
pid_1469,1,1,1,1,1,1,1,2,4,4,4,1,1,4,4,4,4,4,1,2,1,2,3,3,1,1,4,3,1,3,2,3,3,2,2,1,2,2,2,1,2,1,3,3,3,3,3,2,3,2,3,4,3,2,4,4,4,2,1,3,2,2,3,2,1,1,2,1,2,4,1,4,3,2,1,2,3,2,1,4,1,4,1,4,3,1,1,1,1,2,3
pid_1259,1,1,2,1,1,4,1,1,1,2,1,2,4,2,2,2,2,4,1,3,2,3,3,3,4,1,4,4,4,1,2,4,3,4,4,3,4,2,2,4,4,2,3,2,3,3,3,2,4,3,2,4,4,4,2,3,4,1,1,1,1,1,4,4,1,1,1,2,4,4,4,1,4,4,1,2,3,1,1,2,4,4,1,4,3,1,1,1,1,3,4
pid_840,1,2,3,2,1,1,1,4,2,4,2,4,4,4,2,4,4,4,1,4,3,4,3,3,1,1,4,4,4,1,3,4,3,3,3,2,3,2,2,3,3,2,3,3,3,3,4,2,3,3,4,4,4,4,4,4,4,1,2,1,1,1,3,2,1,1,2,2,3,4,4,3,4,3,1,2,3,1,1,4,1,4,1,4,3,1,3,3,1,3,4
pid_514,1,2,1,2,3,3,2,4,4,4,4,1,2,4,4,4,4,4,1,2,1,3,2,3,4,1,2,2,2,2,1,2,2,3,2,1,1,3,2,3,1,1,2,2,2,3,2,1,2,1,4,4,4,4,4,4,4,4,4,2,3,2,4,4,1,2,4,1,2,3,3,4,2,2,2,3,2,3,1,4,1,4,1,4,2,1,2,2,1,2,3
pid_1897,1,1,2,1,1,1,1,4,4,4,4,1,2,4,4,4,4,4,1,2,2,2,2,2,1,2,2,3,1,3,3,2,3,3,2,1,2,3,3,2,1,2,3,3,2,2,2,2,1,1,4,4,4,2,4,4,3,4,1,2,3,2,4,4,3,4,4,1,1,3,2,4,2,2,1,3,3,3,1,4,2,4,1,4,3,2,2,2,2,2,2
pid_1770,1,1,1,1,1,4,3,4,4,4,4,4,2,4,4,4,4,4,1,2,1,2,1,2,4,1,1,3,1,3,3,2,3,3,2,1,1,3,2,1,1,1,3,3,2,2,2,1,1,1,4,4,4,3,4,4,3,4,3,1,3,1,4,4,4,4,4,1,1,4,3,3,2,3,1,2,4,3,1,4,1,4,1,4,3,2,1,2,2,2,1
pid_1217,1,1,1,1,1,4,1,4,4,4,4,4,1,4,4,4,4,4,1,2,2,2,2,3,4,1,2,3,1,3,3,2,2,3,1,1,2,3,2,2,1,2,2,3,3,3,2,2,2,1,4,4,4,2,4,4,4,4,3,2,3,2,4,4,4,4,4,1,3,3,3,3,2,2,1,2,3,3,1,4,1,4,1,4,3,2,1,1,2,2,1
pid_420,1,1,1,2,1,3,2,4,4,4,4,3,1,4,4,4,4,4,1,2,1,2,2,2,3,1,3,3,3,1,2,3,3,3,2,1,2,2,1,3,2,2,3,2,2,2,2,2,3,1,4,4,4,3,4,4,4,4,4,3,4,2,4,4,2,3,2,2,2,4,3,4,3,2,2,3,3,2,1,4,1,4,1,4,2,1,2,1,1,3,2
pid_1644,1,1,1,1,1,4,1,4,4,4,4,4,3,4,2,4,4,4,1,2,2,3,1,2,4,2,2,3,1,3,3,2,3,4,2,1,2,3,3,2,1,1,3,3,3,3,2,2,1,3,4,4,3,2,4,4,2,1,1,1,1,1,4,4,4,4,4,1,3,4,2,2,3,2,1,2,3,3,1,4,2,4,1,4,3,2,1,2,3,1,1
pid_1323,1,1,1,1,1,4,2,4,4,4,4,1,2,4,4,4,4,4,1,2,1,2,1,2,4,2,2,3,1,3,2,2,4,3,2,1,2,3,2,1,1,1,3,3,3,3,2,2,1,2,4,4,4,3,4,4,4,2,2,1,2,1,4,4,4,4,4,1,1,3,2,3,3,2,1,3,3,3,1,4,2,4,1,4,3,2,1,2,2,2,1
pid_147,1,1,1,1,1,1,1,3,2,4,4,2,1,4,4,4,4,4,1,2,1,4,2,3,1,1,4,4,4,1,1,3,2,4,3,2,3,2,1,1,1,1,3,2,3,3,3,1,3,1,4,4,4,3,4,4,4,4,4,2,3,2,4,4,1,1,1,1,3,4,4,4,4,3,3,3,3,2,1,2,2,4,1,4,2,1,1,1,1,2,1
pid_1190,1,1,3,3,1,4,1,4,4,4,4,4,4,2,1,2,2,4,1,3,2,3,1,2,4,3,3,3,1,3,3,3,4,3,3,2,3,3,3,2,1,1,3,3,3,3,3,2,1,3,2,3,3,2,2,2,2,1,1,1,1,1,4,4,2,4,4,3,3,3,2,4,3,3,1,2,4,4,1,4,1,4,1,4,3,2,2,3,2,4,1
pid_693,1,1,1,2,2,4,2,4,4,4,4,4,2,4,4,3,4,4,1,2,2,2,1,2,4,2,2,3,1,3,2,3,4,3,2,1,2,3,2,1,1,1,3,3,3,2,2,1,2,2,4,4,4,2,4,4,3,2,1,2,2,1,4,4,4,4,4,2,2,3,1,3,3,2,1,2,4,4,1,4,1,4,1,4,3,3,1,2,2,3,1
pid_109,1,1,2,1,1,1,1,3,2,4,2,2,1,4,4,4,4,4,1,2,1,2,3,2,1,1,3,4,3,1,1,3,3,4,2,2,2,2,2,1,2,1,2,2,2,2,3,2,3,1,4,4,4,4,4,4,4,4,2,1,2,2,3,2,1,1,1,1,2,4,4,4,4,3,2,4,3,2,1,2,2,4,1,4,2,1,1,1,1,2,2
pid_974,1,2,1,1,1,4,2,4,4,4,4,4,3,4,2,4,4,4,1,2,2,3,1,2,4,2,2,3,1,3,4,2,4,3,2,1,1,3,3,3,1,1,3,3,3,3,2,2,1,3,3,4,2,2,3,4,2,1,1,1,1,1,4,4,4,4,4,1,1,3,1,3,2,1,1,2,4,3,1,4,1,4,1,4,3,3,4,4,3,4,3
pid_1847,1,3,1,1,1,3,1,2,1,1,2,1,1,4,4,4,4,4,2,3,3,3,3,3,2,1,4,3,4,1,2,4,3,4,3,3,3,2,2,4,3,3,3,3,3,2,3,2,4,1,4,3,4,3,4,4,4,4,1,2,4,2,3,2,1,1,4,2,4,4,1,3,4,3,1,4,3,2,1,2,4,4,1,4,2,1,4,4,1,3,3
pid_739,1,1,1,1,1,1,1,4,4,4,4,1,1,4,4,4,4,4,1,1,1,2,1,1,1,1,2,2,1,2,1,2,3,2,1,1,1,3,2,1,1,1,2,3,3,2,2,2,1,1,4,4,4,3,4,4,4,4,4,2,3,2,4,4,4,4,4,1,2,4,3,4,2,2,1,2,3,3,1,4,2,4,1,4,3,1,1,1,1,2,1
pid_1809,2,3,1,1,2,4,2,4,4,4,4,1,3,4,2,3,4,4,1,3,3,3,2,3,4,2,2,3,2,3,3,3,4,3,3,1,2,3,3,1,1,2,3,3,3,3,3,2,2,3,2,4,3,2,3,3,3,1,1,1,1,1,4,4,4,4,4,1,3,4,1,2,3,3,1,2,3,3,1,4,1,4,1,4,3,3,3,4,3,4,3
pid_1074,1,1,1,1,1,2,2,2,2,4,3,4,2,4,2,4,4,4,1,2,2,3,3,3,2,1,4,4,4,1,1,4,2,4,4,4,3,2,2,4,3,2,2,2,2,3,4,2,4,3,4,4,4,4,4,4,4,1,1,1,1,1,3,2,1,1,1,1,4,4,4,2,4,3,3,2,3,1,1,2,4,4,1,4,2,1,1,2,1,3,3
pid_210,1,1,1,2,1,1,1,4,4,4,4,2,2,4,4,4,4,4,1,2,2,2,2,2,1,2,2,4,2,3,3,3,4,3,2,1,2,3,2,1,2,1,3,3,3,2,3,2,2,1,4,4,3,3,4,4,3,2,2,1,2,2,2,4,3,4,4,1,2,4,3,4,3,2,1,3,3,3,1,4,2,4,1,4,3,2,1,1,2,2,1
pid_777,1,1,1,1,1,4,3,4,4,4,4,4,1,4,4,4,4,4,1,2,1,3,1,2,4,2,2,4,1,3,3,2,4,2,2,1,1,3,2,1,1,1,3,3,3,2,2,1,1,1,4,4,4,2,4,4,3,4,4,1,3,2,4,4,4,4,4,1,3,3,2,3,3,2,1,2,4,4,1,4,3,4,1,4,3,2,1,1,3,2,1
pid_1289,1,2,1,2,1,4,3,4,4,4,4,3,3,2,2,2,2,4,1,3,2,3,2,3,4,2,3,4,1,3,3,3,4,3,3,2,3,4,3,1,2,2,3,3,3,3,3,2,2,3,2,3,3,2,2,3,3,1,1,1,2,2,4,4,4,4,4,2,2,4,2,4,3,3,1,3,4,3,1,4,2,4,1,4,3,3,2,3,3,3,3
pid_890,1,1,1,1,1,1,2,1,1,1,1,1,1,4,3,4,4,4,1,2,1,3,3,3,1,1,4,4,4,1,2,4,2,4,3,3,3,2,1,4,3,2,2,2,3,3,3,2,4,1,3,4,4,3,4,4,4,4,1,1,1,1,1,1,1,1,1,1,4,3,4,2,4,4,3,3,3,2,1,2,4,3,1,4,3,1,1,1,1,2,3
pid_1513,1,1,1,2,1,1,1,4,4,4,4,2,2,4,4,4,4,4,1,2,1,2,2,2,1,1,3,3,2,2,2,3,4,3,3,1,2,3,2,1,1,1,3,3,3,2,2,2,2,1,4,4,4,3,4,4,3,2,1,1,2,2,4,4,2,4,4,1,2,4,3,3,3,2,2,3,3,2,1,4,1,4,1,4,3,2,1,1,1,2,1
pid_1658,1,3,1,1,2,4,3,4,4,4,4,1,2,2,3,2,2,4,1,3,2,3,3,3,4,3,3,4,2,3,3,3,4,3,4,2,3,4,3,2,2,2,3,3,2,3,2,1,2,3,3,3,4,2,2,3,4,1,1,2,2,2,4,4,4,4,4,2,3,3,1,3,3,2,1,3,3,3,1,4,4,4,1,4,3,3,2,4,3,2,3
pid_86,1,1,1,1,1,4,2,1,1,2,1,1,3,2,2,2,3,4,1,2,2,3,3,3,4,1,4,4,4,1,3,4,2,4,4,4,3,2,2,4,3,2,3,3,3,3,4,1,4,3,2,4,4,4,4,4,2,1,1,1,1,1,4,4,1,1,1,1,4,4,4,2,4,4,1,1,3,1,1,2,4,3,1,4,3,1,2,1,1,3,3
pid_926,1,1,1,3,3,4,3,4,4,4,4,3,1,4,4,3,4,4,1,3,1,2,2,3,3,1,3,3,2,1,2,3,4,4,2,2,2,3,2,3,2,2,3,3,2,3,3,2,3,1,4,4,4,3,4,4,4,4,4,4,4,4,4,4,1,4,4,3,2,4,3,4,3,2,1,3,3,2,1,4,2,4,1,4,2,2,3,3,2,4,4
pid_1616,1,1,2,1,1,4,1,4,3,4,4,4,1,4,4,4,4,4,1,2,2,4,3,4,2,1,4,4,3,1,2,4,3,4,3,2,3,2,3,2,2,4,3,3,3,3,4,2,3,1,4,4,4,4,4,3,4,3,2,1,2,4,4,3,1,1,1,1,4,4,1,1,4,3,1,3,4,1,1,2,4,4,1,4,2,1,1,1,1,2,1
pid_472,1,1,1,1,3,1,1,2,1,4,2,1,3,4,4,4,4,4,1,1,1,2,2,3,1,1,4,4,4,1,2,3,2,4,3,4,3,2,1,3,3,1,3,2,3,2,3,1,3,1,4,4,4,4,4,4,4,4,1,1,1,2,1,1,1,1,1,1,4,4,4,3,4,4,3,4,2,3,1,4,4,4,1,4,1,1,1,1,1,2,1
pid_115,1,1,1,1,1,2,1,4,4,4,4,1,1,4,4,4,4,4,1,1,1,2,1,2,2,1,1,2,1,2,2,2,2,2,1,1,1,3,2,1,1,1,2,3,2,2,2,1,1,1,4,4,4,3,4,4,4,4,2,1,3,1,4,4,2,4,4,1,1,4,3,4,2,2,1,3,3,3,1,4,1,4,1,4,3,1,1,1,1,2,1
pid_968,1,1,1,1,1,4,1,4,4,4,4,1,1,4,4,3,4,4,1,2,1,2,1,2,3,2,2,3,1,3,3,2,3,3,2,1,2,3,3,1,1,1,3,3,3,3,2,2,1,1,4,4,2,2,3,4,3,3,1,3,4,2,4,4,4,4,4,1,3,2,2,3,2,2,1,2,3,3,1,4,1,4,1,4,3,2,1,1,2,2,1
pid_1371,1,1,1,2,1,3,1,4,4,4,4,3,2,4,4,4,4,4,1,2,1,2,1,2,3,1,2,3,1,2,2,2,3,2,2,1,2,3,2,1,1,1,3,3,2,3,2,1,2,1,4,4,4,3,4,4,3,1,1,1,2,1,4,4,2,4,4,1,1,3,2,4,2,2,1,2,3,4,1,4,1,4,1,4,3,2,1,1,1,2,1
pid_242,1,1,3,1,1,1,1,4,2,4,4,4,1,4,4,4,4,4,1,2,1,2,2,2,1,1,4,4,4,1,2,4,1,4,3,2,3,2,1,2,2,1,3,2,2,2,3,1,4,1,4,4,4,4,4,4,4,4,2,2,2,3,4,4,1,2,4,1,3,4,4,4,4,4,3,2,4,1,1,2,4,4,1,4,2,1,1,1,1,2,2
pid_1026,1,1,1,1,2,1,2,4,4,4,4,1,2,3,3,3,4,4,2,2,2,2,2,2,1,1,3,4,2,2,2,3,4,4,3,2,3,4,2,1,1,1,3,3,3,3,3,3,2,2,4,4,4,3,4,4,4,2,2,1,3,1,3,4,2,4,4,1,3,2,4,2,3,3,1,3,4,3,1,4,1,4,1,4,3,1,2,2,1,2,2
pid_1541,1,2,1,1,1,3,2,1,1,2,1,1,4,2,2,2,2,4,1,3,2,3,3,3,3,1,4,4,4,1,3,4,2,4,4,4,4,2,3,2,3,2,3,3,3,3,3,1,4,3,2,3,4,4,2,2,2,1,1,1,1,1,2,2,1,1,1,2,4,4,4,2,4,4,1,2,3,2,1,2,4,4,1,4,3,1,3,3,1,4,3
pid_725,1,1,1,3,1,3,1,4,4,4,4,2,2,4,4,2,2,4,1,1,1,2,2,2,2,1,2,2,1,2,2,2,4,3,2,1,2,3,2,3,1,1,2,2,2,2,2,1,1,1,4,3,4,4,3,4,4,1,1,1,2,2,3,4,1,2,3,2,1,4,3,4,2,2,2,3,3,1,1,4,2,4,1,4,3,1,1,1,1,2,1
pid_1815,1,1,1,1,2,4,3,4,4,4,4,4,3,4,3,4,4,4,2,2,2,2,2,2,4,2,2,3,1,4,3,2,3,3,2,1,2,3,3,1,1,1,3,3,3,2,2,2,1,2,3,3,1,2,4,3,3,4,2,1,3,2,4,4,4,4,4,1,2,3,1,3,3,2,1,1,4,4,1,4,2,4,1,4,3,3,2,3,3,2,2
pid_1068,2,1,1,1,1,3,2,3,2,4,3,4,4,4,1,3,4,4,1,4,3,4,4,4,4,1,4,4,4,1,2,4,2,4,4,2,4,2,3,4,3,4,3,3,3,3,4,2,3,4,2,3,4,4,2,3,2,1,1,1,1,1,4,4,1,4,4,1,4,4,1,2,4,4,1,1,4,1,1,4,4,4,1,4,3,1,3,4,1,3,4
pid_596,1,1,1,3,1,4,1,4,4,4,4,1,2,3,4,2,2,4,1,1,1,2,2,1,4,2,2,3,1,2,2,3,4,3,2,1,2,3,3,2,1,1,2,3,2,2,2,1,2,1,3,3,4,4,4,3,4,1,1,2,4,3,4,4,2,4,4,1,2,4,2,3,3,2,1,3,3,3,1,4,2,4,1,4,2,2,1,1,2,2,2
pid_1295,1,1,1,1,3,4,1,4,4,4,4,1,2,4,4,4,4,4,1,1,1,2,1,2,3,1,2,2,1,2,2,2,3,3,1,1,1,3,2,1,1,1,3,3,2,2,2,1,1,1,4,4,4,3,4,4,4,4,1,1,1,1,4,4,4,4,4,1,1,4,3,3,2,2,1,2,3,3,1,4,1,4,1,4,3,2,1,1,1,2,1
pid_338,1,1,2,1,1,1,1,4,4,4,4,3,2,3,2,2,3,4,1,2,1,2,2,3,1,1,3,2,3,2,2,4,4,4,3,2,3,3,3,2,1,1,3,3,2,3,3,2,3,3,2,4,2,2,3,2,3,1,1,1,1,1,1,2,1,2,1,2,3,4,4,2,4,3,2,2,4,3,1,4,3,4,1,4,3,1,1,1,1,2,1
pid_18,1,1,1,1,1,4,1,4,4,4,4,1,1,4,4,3,4,4,1,2,2,2,2,2,4,1,2,3,1,3,2,2,3,2,2,1,1,3,3,1,1,1,3,3,2,3,2,2,1,1,4,4,4,2,4,4,3,2,2,1,4,2,4,4,4,4,4,1,1,4,2,4,2,2,1,3,3,3,1,4,1,4,1,4,3,2,1,1,2,1,1
pid_1921,1,1,1,2,1,4,1,2,2,4,4,1,1,4,4,4,4,4,1,2,1,2,2,2,2,1,4,4,3,1,2,3,2,3,2,3,3,2,2,2,2,1,2,2,3,2,3,2,3,1,4,3,4,3,4,4,4,2,2,2,2,2,4,4,1,2,3,1,2,4,1,3,4,2,3,3,2,2,1,2,4,4,1,4,2,1,1,1,1,3,1
pid_1688,1,1,2,2,1,4,1,4,4,4,4,4,3,4,4,4,4,4,1,1,1,2,2,2,4,1,3,3,3,1,2,3,3,3,2,2,2,1,1,4,2,1,3,2,2,2,3,1,3,1,4,4,4,3,4,4,4,2,2,2,2,2,4,4,1,1,2,2,3,4,4,4,3,3,2,4,3,3,1,4,2,4,1,4,2,1,2,2,1,2,3
pid_376,1,1,1,1,1,3,1,4,4,4,4,2,2,3,2,2,4,4,1,2,2,2,1,2,3,2,2,3,1,3,3,2,3,3,2,2,2,3,3,2,1,2,3,3,3,3,2,2,2,3,2,3,3,2,3,3,3,1,1,1,2,1,4,4,4,4,4,1,2,3,2,3,2,2,1,2,3,3,1,4,1,4,1,4,3,2,1,1,1,2,1
pid_56,1,1,1,1,1,1,1,2,2,4,2,2,1,4,4,4,4,4,1,2,2,3,3,3,1,1,4,3,4,1,2,2,2,4,4,3,2,2,2,4,1,1,3,3,3,2,3,1,4,1,4,4,4,4,4,4,4,2,3,2,2,2,1,2,1,1,1,1,4,4,4,3,4,3,1,4,3,2,1,2,4,4,1,4,3,1,1,1,1,1,1
pid_1112,1,4,1,2,2,4,2,4,4,4,4,1,2,3,4,2,4,4,1,3,1,3,3,3,4,1,2,2,1,3,3,2,2,3,2,1,2,3,3,2,2,2,3,3,3,3,2,2,2,2,4,4,4,2,4,4,4,4,1,2,3,2,4,4,2,4,4,2,2,4,2,3,2,2,1,3,3,3,1,4,1,4,1,4,3,2,3,4,2,3,4
pid_1475,2,4,1,1,1,4,2,4,4,4,4,4,4,2,1,2,4,4,3,3,4,4,2,3,4,3,2,4,1,4,4,4,4,4,2,1,3,4,4,3,2,3,4,4,3,3,2,3,1,4,2,3,2,1,2,2,2,1,1,1,1,1,4,4,4,4,4,1,3,4,1,2,4,3,1,1,4,4,1,4,1,4,1,4,4,3,4,4,4,3,4
pid_611,1,1,2,1,1,4,1,4,4,4,4,4,1,4,4,4,4,4,1,2,1,2,1,1,4,2,2,4,1,3,3,2,3,4,2,1,1,2,3,4,1,1,3,3,3,3,3,2,1,1,4,4,4,2,4,4,4,4,4,3,4,2,4,4,3,4,4,1,1,4,3,4,2,1,1,3,3,3,1,4,1,4,1,4,3,2,2,3,2,3,2
pid_1722,1,1,1,1,1,3,1,4,4,4,4,1,1,4,4,4,4,4,1,1,1,1,1,1,3,2,2,3,1,3,2,2,3,2,1,1,1,3,2,1,1,1,3,3,3,2,2,1,1,1,4,4,4,3,4,4,3,4,4,1,2,1,4,4,3,4,4,1,2,3,2,3,2,1,1,3,3,3,1,4,2,4,1,4,3,2,1,1,2,1,1
pid_2033,1,1,1,1,1,4,2,4,4,4,4,4,3,4,3,4,4,4,1,2,2,2,2,2,4,3,2,2,1,3,3,2,3,4,2,1,1,3,3,2,1,1,2,3,3,2,2,2,1,3,4,4,4,2,4,4,3,1,1,1,2,1,4,4,4,4,4,1,1,4,1,3,3,2,1,2,4,4,1,4,1,4,1,4,3,3,2,1,2,2,1
pid_546,1,2,1,1,1,1,1,2,1,2,2,2,2,4,4,4,4,4,1,2,2,3,3,3,1,1,4,4,4,1,2,4,3,4,3,3,3,2,1,3,3,2,3,2,3,3,4,2,3,2,4,4,4,3,4,4,4,2,2,1,1,1,2,1,1,1,1,1,3,4,4,3,4,3,3,2,2,2,1,2,4,4,1,4,2,1,2,3,1,3,3
pid_1245,2,2,1,3,1,4,4,4,3,4,4,4,2,4,4,4,4,4,1,2,2,3,2,2,4,1,3,4,2,2,2,3,4,3,3,2,2,3,2,1,3,3,3,3,2,3,2,1,2,1,4,4,4,4,4,4,4,1,4,3,3,2,4,4,2,4,4,1,2,4,2,3,3,3,2,3,3,3,1,4,1,4,1,4,2,2,3,4,2,3,2
pid_292,2,4,2,3,1,4,4,4,4,4,4,3,3,4,3,3,4,4,2,3,2,3,2,2,4,2,2,3,2,2,2,2,3,4,2,2,2,3,2,4,2,2,3,3,3,3,2,2,2,3,4,4,4,3,3,3,4,1,1,1,1,1,4,4,1,4,4,2,2,4,1,3,3,2,2,2,3,3,1,4,1,4,1,4,3,3,4,4,3,4,4
pid_508,1,2,1,1,2,4,1,4,4,4,4,3,4,4,2,2,4,4,1,2,2,3,2,2,4,2,2,3,2,3,4,3,3,4,3,2,2,3,3,4,1,2,3,3,3,3,2,2,1,3,2,3,2,2,3,1,2,1,1,1,1,1,4,4,4,4,4,1,4,2,1,3,3,3,1,2,4,3,1,4,1,4,1,4,3,2,4,4,3,3,4
pid_1591,1,1,1,1,1,4,2,4,4,4,4,4,3,3,2,2,4,4,1,3,2,3,2,2,4,3,2,4,2,3,3,3,4,4,2,1,2,4,3,1,1,1,3,3,3,3,3,1,1,3,3,4,3,2,4,2,2,1,1,1,1,1,4,4,3,4,4,1,3,3,3,4,2,2,1,2,4,4,1,4,1,4,1,4,3,2,2,3,3,2,3
pid_812,2,3,2,3,1,4,3,4,4,4,4,4,4,4,1,4,4,4,3,4,3,4,3,3,4,3,2,4,1,3,4,2,4,4,3,2,2,4,3,2,2,4,3,3,3,3,3,2,2,3,3,3,3,2,4,1,2,1,1,1,1,1,4,4,4,4,4,3,3,3,1,3,3,3,1,1,4,4,1,4,1,4,1,4,4,3,4,4,3,4,4
pid_639,1,4,1,1,1,4,4,4,4,4,4,4,4,1,1,1,4,4,4,4,4,4,4,4,4,4,4,4,1,4,4,4,4,4,4,2,4,4,4,4,2,4,4,3,4,4,4,2,3,4,1,1,2,1,1,1,2,1,1,1,1,1,4,4,4,4,4,1,4,1,1,1,4,4,1,1,4,4,1,4,1,4,1,4,4,4,4,4,4,4,4
pid_1947,1,1,1,3,1,4,1,4,4,4,4,2,4,2,2,2,2,3,1,3,1,2,2,3,4,2,3,4,2,2,3,3,4,3,3,3,3,4,3,2,2,1,3,3,3,3,3,2,3,3,2,2,3,3,2,2,2,1,1,1,1,1,4,4,1,1,2,3,2,4,2,3,3,3,1,2,4,3,1,4,2,4,1,4,4,2,2,2,3,4,2
pid_1413,3,4,1,2,1,4,2,3,2,4,2,4,2,4,4,4,4,4,2,4,3,4,4,4,4,1,4,4,4,1,3,4,4,4,4,2,4,3,2,4,4,4,3,3,3,3,4,3,4,1,2,4,4,3,3,2,4,4,3,3,2,4,4,4,1,1,1,2,3,3,4,2,4,4,3,2,4,1,1,2,4,4,1,4,3,1,4,4,1,3,4
pid_990,1,1,1,1,1,4,3,4,4,4,4,4,4,4,2,4,4,4,1,3,1,3,2,2,4,3,2,4,1,4,4,3,4,4,2,1,3,4,4,1,1,1,3,3,3,3,2,2,1,3,2,4,4,2,4,4,2,1,1,1,1,1,4,4,4,4,4,1,3,3,1,2,4,3,1,2,4,4,1,4,2,4,1,4,4,3,3,4,4,2,1
pid_1389,1,1,1,1,4,4,1,4,4,4,4,1,2,3,2,4,4,4,1,2,2,2,1,1,4,2,2,2,1,2,3,3,4,4,1,1,2,4,2,1,1,1,3,3,3,3,2,2,1,3,4,4,3,2,4,4,4,4,1,1,2,1,4,4,4,4,4,1,3,3,4,3,2,2,1,1,4,3,1,4,1,4,1,4,4,2,2,1,2,1,1
pid_677,1,1,2,2,1,4,2,4,4,4,4,1,1,4,4,4,4,4,1,2,2,2,2,2,4,3,2,4,1,3,2,3,3,4,2,1,2,3,3,4,2,1,3,3,3,3,3,1,2,1,4,3,4,3,4,4,3,4,4,3,4,4,4,4,4,4,4,2,1,4,2,4,3,2,1,3,3,3,1,4,1,4,1,4,3,3,3,3,3,3,3
pid_310,1,2,1,1,1,4,3,4,4,4,4,4,2,4,4,4,4,4,1,2,1,2,1,1,4,2,2,4,1,3,2,2,3,2,2,1,1,3,2,2,1,1,2,3,2,2,2,2,1,1,4,4,4,4,4,4,4,4,3,1,3,3,4,4,4,4,4,1,2,4,3,4,2,2,1,3,3,3,1,4,2,4,1,4,3,3,3,2,2,3,1
pid_1174,1,1,1,2,2,4,3,4,4,4,4,3,2,2,3,2,1,4,2,2,2,3,1,2,4,2,2,3,2,2,2,3,3,3,2,1,2,3,3,1,1,1,3,3,3,2,2,2,2,2,4,4,4,3,4,4,4,1,1,2,3,2,4,4,3,4,4,1,3,4,2,4,3,2,1,3,3,3,1,4,3,4,1,4,3,2,1,2,2,3,1
pid_1909,1,1,1,1,2,4,1,4,4,4,4,2,1,4,4,4,4,4,1,2,1,3,1,2,4,2,2,2,1,3,2,2,3,3,2,1,1,3,2,1,1,1,3,3,2,2,2,2,2,1,4,4,4,3,4,4,4,4,4,2,4,3,4,4,2,4,4,1,2,3,1,3,3,1,1,2,4,3,1,4,2,4,1,4,3,2,1,1,2,1,1
pid_30,1,1,1,2,2,2,2,4,4,4,4,1,1,4,4,4,4,4,1,1,1,1,1,2,3,1,2,3,2,1,2,2,4,3,2,1,2,2,2,1,2,1,3,2,2,2,2,1,2,1,4,4,4,3,4,4,4,4,2,4,4,3,4,4,3,4,4,2,2,4,3,4,3,1,3,4,3,2,1,4,2,4,1,4,2,2,1,1,1,2,1
pid_1223,1,1,1,1,2,4,1,4,4,4,4,3,3,4,4,4,4,4,1,2,2,2,1,2,4,3,2,3,1,3,3,2,3,2,2,1,2,3,2,1,1,1,3,3,2,3,2,1,1,1,4,4,4,3,4,4,3,2,2,1,2,1,4,4,4,4,4,1,2,3,2,4,2,2,1,2,4,3,1,4,2,4,1,4,3,2,2,2,2,2,2
pid_2055,1,1,1,1,2,4,2,4,4,4,4,1,2,4,4,4,4,4,1,2,1,2,1,1,4,2,2,4,1,3,3,2,4,3,2,1,1,4,4,1,1,1,2,3,2,2,2,1,1,1,4,4,4,2,4,4,3,2,1,1,3,2,4,4,4,4,4,1,1,4,1,4,3,2,1,2,4,4,1,4,1,4,1,4,3,3,2,2,2,2,1
pid_1744,1,2,1,1,1,4,2,4,4,4,4,1,2,4,4,2,2,4,1,1,1,1,2,1,4,2,2,3,1,4,4,2,4,4,2,1,1,4,4,4,1,1,3,4,3,3,2,2,1,1,4,3,4,2,3,4,4,2,1,1,4,2,4,4,4,4,4,1,2,4,1,3,2,2,1,2,4,4,1,4,1,4,1,4,3,2,1,2,3,3,1
pid_520,1,1,1,1,1,1,1,2,2,4,1,1,1,4,4,4,4,4,1,2,1,2,3,3,1,1,4,4,4,1,2,3,2,3,3,4,3,2,1,3,3,1,3,2,2,3,3,2,3,1,4,4,4,4,4,4,4,4,4,4,4,3,1,1,1,1,2,1,2,4,4,3,4,3,3,4,3,2,1,4,4,4,1,4,1,1,1,1,1,2,2
pid_874,1,1,1,2,2,2,1,4,4,4,4,1,1,4,4,4,4,4,1,2,1,4,1,2,2,2,2,3,1,2,2,3,2,4,2,2,1,4,3,1,1,1,3,3,3,2,2,1,1,1,4,4,4,3,4,4,4,4,2,2,3,2,4,4,2,4,4,2,2,4,2,4,2,2,1,3,3,1,1,4,1,4,1,4,2,2,1,1,1,1,1
pid_793,1,1,1,1,2,4,1,4,4,4,4,3,3,3,2,2,4,4,2,2,2,3,2,2,4,2,2,3,1,3,3,2,2,3,2,1,2,4,3,3,1,1,3,3,3,2,2,1,1,3,2,2,3,2,2,3,3,3,4,1,1,1,4,4,4,4,4,1,3,4,1,3,2,2,1,2,4,4,1,4,1,4,1,4,3,2,1,1,2,2,1
pid_1090,1,1,1,2,1,4,1,4,4,4,4,1,3,2,2,2,2,4,1,2,1,2,2,2,3,1,2,2,1,2,2,3,3,3,2,2,2,3,3,1,1,1,3,3,3,2,2,2,1,3,2,3,3,2,3,3,3,1,1,1,1,1,4,4,1,2,4,2,3,3,2,2,2,2,1,2,3,3,1,4,1,4,1,4,3,2,2,2,2,4,2
pid_940,1,4,3,2,1,4,3,4,4,4,4,4,4,1,1,1,1,4,2,2,2,4,2,2,4,2,2,4,1,3,3,3,4,4,3,1,2,4,4,2,1,1,3,3,3,4,2,2,1,4,2,2,2,1,1,2,3,1,1,1,1,1,4,4,4,4,4,3,2,4,1,4,2,2,1,2,4,4,1,4,1,4,1,4,4,3,4,4,4,4,4
pid_1359,1,2,1,1,1,4,2,2,1,2,1,1,2,4,4,4,4,4,1,4,2,4,4,4,4,1,4,4,4,1,2,4,3,4,4,4,3,2,2,4,3,3,3,3,3,3,4,2,4,3,4,4,4,4,4,4,4,1,1,1,2,2,4,4,1,1,1,1,4,4,4,3,4,4,3,4,3,3,1,1,4,4,1,4,3,1,3,4,1,3,4
pid_4,1,1,1,1,1,4,1,4,4,4,4,1,1,4,4,4,4,4,1,1,1,1,1,1,4,1,1,2,1,3,2,2,3,2,1,1,1,4,2,1,1,1,3,3,2,2,2,1,1,1,4,4,4,2,4,4,4,4,4,1,4,2,4,4,4,4,4,1,1,4,2,3,3,2,1,2,3,3,1,4,1,4,1,4,4,2,1,1,1,1,1
pid_173,1,1,1,1,2,2,2,4,4,4,4,3,4,4,2,2,4,4,1,2,2,2,2,2,3,2,2,3,1,3,3,2,3,4,2,1,2,3,3,1,1,1,3,3,3,3,2,2,1,3,2,3,3,2,3,3,2,1,1,1,1,1,4,4,4,4,4,1,3,3,2,3,3,2,1,1,4,3,1,4,2,4,1,4,3,3,4,3,2,2,2
pid_1317,1,1,1,2,1,1,1,4,4,4,4,4,1,4,4,4,4,4,1,2,1,3,2,3,1,2,2,3,1,4,3,3,3,4,2,1,2,3,3,2,1,1,3,3,3,3,2,2,2,1,3,4,3,2,3,4,3,3,1,3,4,1,3,4,3,4,4,1,2,4,3,4,2,3,1,2,3,4,1,4,1,4,1,4,3,2,1,2,2,4,3
pid_1670,1,1,1,2,1,4,1,4,4,4,4,4,3,4,2,2,4,4,1,3,2,4,2,2,4,2,2,4,1,3,3,2,3,4,3,1,3,3,3,4,1,1,3,3,3,3,2,1,1,3,2,4,3,3,3,3,2,1,1,1,1,1,4,4,2,4,4,2,2,4,1,2,3,2,1,2,3,3,1,4,2,4,1,4,3,2,1,2,1,1,1
pid_1997,1,1,1,1,2,4,2,4,4,4,4,2,4,4,4,4,4,4,1,2,1,1,1,1,4,2,2,4,1,3,3,2,3,3,2,1,2,4,2,2,1,1,3,3,3,2,2,1,1,3,4,4,4,3,4,4,3,1,1,1,2,1,4,4,4,4,4,1,3,3,1,3,2,1,1,2,4,4,1,4,2,4,1,4,3,2,1,1,2,2,1
pid_414,1,1,1,1,1,3,1,4,2,4,4,2,1,4,4,4,4,4,1,2,1,3,2,3,3,1,4,4,4,1,2,3,2,3,3,2,3,2,1,2,2,1,3,2,3,3,3,2,3,1,4,4,4,4,4,4,4,4,4,3,2,3,4,4,1,1,1,1,3,4,4,3,4,3,3,4,3,2,1,4,2,4,1,4,2,1,1,1,1,2,1
pid_1527,1,1,1,1,1,4,1,4,4,4,4,3,2,4,4,4,4,4,1,2,1,2,1,2,4,2,2,2,1,2,2,2,2,2,2,1,2,3,3,1,1,1,3,4,3,2,2,2,2,2,3,4,4,2,4,4,3,2,2,1,2,1,4,4,2,4,4,1,1,3,2,3,2,2,1,2,3,3,1,4,2,4,1,4,3,2,1,1,2,2,1
pid_743,1,1,2,1,1,4,1,4,4,4,4,4,1,4,4,4,4,4,1,1,1,3,2,2,4,1,4,4,4,1,1,4,2,4,3,2,3,2,2,1,1,1,3,2,2,2,3,1,4,1,4,4,4,4,4,4,4,4,2,2,2,2,4,4,1,1,1,1,3,4,4,3,4,3,3,4,3,1,1,4,3,4,1,4,1,1,1,1,1,1,1
pid_224,1,2,1,2,1,4,2,4,4,4,4,4,1,4,3,4,4,4,1,3,2,3,3,2,4,1,2,2,1,4,3,2,4,4,2,1,2,3,2,3,1,1,3,3,3,3,3,1,2,2,4,4,3,3,4,4,4,2,1,1,2,1,4,4,4,4,4,1,3,3,1,3,2,3,1,2,4,3,1,4,1,4,1,4,3,2,3,3,3,4,4
pid_1040,1,1,1,1,1,4,4,4,4,4,4,1,3,2,3,2,2,4,1,2,1,2,1,1,4,2,2,4,1,3,3,2,3,3,2,1,2,4,3,1,1,2,3,3,3,3,2,1,1,1,3,3,2,3,4,3,3,1,1,2,3,1,4,4,4,4,4,1,1,4,1,3,2,2,1,3,4,4,1,4,1,4,1,4,3,3,3,3,3,2,2
pid_1569,1,2,1,2,1,4,1,2,2,4,2,2,3,4,2,3,4,4,1,2,2,3,3,3,4,1,4,4,3,1,2,3,3,4,3,3,3,2,2,3,3,1,3,3,3,3,3,2,3,3,2,4,4,3,3,2,3,1,1,1,1,1,4,4,1,2,2,2,2,4,4,3,4,2,3,2,3,3,1,3,3,4,1,4,3,1,1,1,1,3,3
pid_1794,1,1,1,2,1,3,3,4,4,4,4,3,1,4,4,4,4,4,1,1,1,2,2,2,2,1,2,3,2,1,2,3,4,3,2,1,2,2,2,1,1,1,3,3,3,2,3,1,2,1,4,4,4,3,4,4,3,3,4,3,3,2,4,4,2,4,4,2,2,4,3,4,3,2,2,3,3,2,1,4,2,4,1,4,2,2,1,1,1,2,1
pid_1873,1,1,1,2,1,4,1,4,4,4,4,3,1,4,3,4,4,4,1,2,1,2,2,2,4,1,2,2,2,3,2,2,3,3,2,1,2,3,2,3,1,1,2,3,2,2,2,2,2,2,4,4,4,4,4,4,3,2,2,2,2,1,4,4,2,2,4,2,2,4,2,4,2,1,1,3,3,3,1,4,2,4,1,4,3,1,1,1,1,1,1
pid_1250,1,1,1,2,1,3,2,4,2,4,3,4,3,4,3,4,4,4,1,3,3,4,3,3,2,1,4,4,4,1,2,4,3,4,4,3,4,2,2,4,3,3,3,2,3,3,4,2,4,2,4,4,4,4,4,4,4,2,2,1,1,2,2,1,1,1,2,1,4,4,4,4,4,4,3,2,3,1,1,2,2,3,1,4,3,1,1,2,1,3,3
pid_849,1,1,1,1,3,4,1,4,4,4,4,1,1,4,4,3,4,4,1,1,1,2,2,2,4,2,2,2,1,2,1,2,3,2,1,1,1,3,2,1,1,1,2,3,2,2,2,2,2,1,4,4,2,2,4,4,4,4,4,1,4,1,4,4,3,4,4,1,2,4,2,3,2,1,1,2,3,3,1,4,1,4,1,4,3,2,1,1,1,1,1
pid_553,1,1,1,2,1,1,3,2,2,4,2,1,1,4,4,4,4,4,1,3,2,4,3,3,1,1,4,4,4,1,2,4,4,4,4,3,3,2,3,2,3,3,3,3,3,3,3,1,3,1,4,4,4,4,4,4,4,4,4,4,3,2,2,1,1,1,4,1,3,3,4,3,4,4,1,3,3,2,1,1,3,4,1,4,3,1,2,2,1,3,3
pid_2026,1,2,1,2,2,4,2,4,4,4,4,1,2,4,3,4,4,4,1,3,2,3,2,2,4,2,2,4,1,3,3,2,3,3,2,1,2,4,3,1,1,1,3,3,3,3,2,1,1,2,4,4,3,4,3,4,4,2,1,1,2,2,4,4,4,4,4,1,3,4,2,4,2,1,1,2,4,3,1,4,2,4,1,4,3,3,3,2,2,3,2
pid_1737,1,1,1,1,1,1,1,4,4,4,4,2,2,4,4,4,4,4,1,1,1,1,1,1,1,1,2,2,1,2,2,2,3,3,2,1,1,3,2,1,1,1,3,3,2,2,2,2,1,1,4,4,4,3,4,4,4,2,3,2,2,2,4,4,4,4,4,1,1,3,2,3,2,2,1,2,3,3,1,4,2,4,1,4,3,2,1,1,1,2,1
pid_807,1,1,1,2,1,1,1,3,2,4,4,4,4,4,2,4,4,4,1,3,2,3,3,3,1,1,4,4,4,1,3,3,2,4,4,2,3,2,2,4,3,2,3,3,3,3,3,2,3,3,3,4,4,4,4,3,2,1,1,1,1,1,3,2,1,1,1,2,3,4,1,2,4,3,3,3,3,2,1,2,4,4,1,4,2,1,2,2,1,4,2
pid_1584,1,1,1,1,1,4,1,4,4,4,4,4,3,4,3,4,4,4,2,2,2,4,2,2,4,3,2,3,1,3,4,2,3,3,2,1,2,3,3,1,1,2,3,3,3,3,3,2,1,3,4,3,4,2,4,4,3,2,1,1,2,1,4,4,4,4,4,1,2,4,1,3,2,1,1,2,4,4,1,4,1,4,1,4,3,2,2,2,2,2,1
pid_287,1,1,2,1,1,1,1,1,1,2,1,3,1,4,3,4,4,4,1,1,2,4,3,4,1,1,4,4,4,1,2,4,1,4,3,2,4,1,1,1,3,1,3,3,3,3,4,2,3,1,4,4,4,4,4,4,4,1,2,1,1,1,1,1,1,1,4,1,4,4,4,3,4,4,3,2,2,2,1,1,4,4,1,4,3,1,1,1,1,3,1
pid_1779,2,1,1,2,1,4,2,4,4,4,4,2,2,4,2,4,4,4,1,2,2,2,2,2,4,1,3,4,2,2,2,3,3,3,2,2,2,3,2,1,2,1,3,3,3,2,2,1,2,2,4,2,4,3,4,4,4,2,2,2,3,2,4,4,4,4,4,2,2,3,3,4,3,2,2,4,3,2,1,4,2,4,1,4,2,2,2,3,2,3,2
pid_1934,1,1,1,1,1,1,2,4,4,4,4,4,4,4,2,4,4,4,1,3,3,3,3,3,1,3,2,3,1,2,3,2,3,3,2,1,2,4,3,2,1,1,3,3,3,3,2,1,2,3,2,4,3,2,2,2,2,1,1,1,1,1,4,4,1,4,4,1,3,3,1,4,3,2,1,2,4,4,1,4,2,4,1,4,3,2,2,2,2,4,4
pid_1149,1,1,1,1,3,4,3,4,4,4,4,1,1,4,4,4,4,4,1,2,1,4,1,2,3,2,2,4,1,4,3,3,4,3,2,1,2,4,3,1,1,1,3,3,3,2,2,2,1,1,4,4,4,3,4,4,2,4,2,1,2,1,4,4,4,4,4,1,3,4,2,3,3,2,1,2,4,4,1,4,1,4,1,4,3,2,2,2,2,2,1
pid_604,1,2,1,2,1,4,1,4,1,4,2,2,1,4,4,4,4,4,1,2,1,4,3,4,4,1,4,4,4,1,2,3,2,4,3,2,2,2,3,3,3,2,3,2,3,3,3,1,3,1,4,4,4,3,4,4,4,4,4,2,3,3,4,4,1,1,1,1,4,4,4,3,4,3,2,3,3,2,1,4,2,4,1,4,3,1,1,2,1,2,3
pid_1460,1,1,3,1,1,2,1,4,4,4,2,3,4,4,2,2,4,4,1,2,2,2,2,2,2,1,4,4,4,1,2,4,2,3,3,2,3,2,2,4,2,1,3,2,3,3,3,2,3,3,2,3,4,2,4,2,3,1,1,1,1,1,4,3,1,2,2,1,4,4,4,3,4,4,2,2,3,2,1,3,2,4,1,4,2,1,1,1,1,3,2
pid_1107,2,3,1,2,1,4,4,4,4,4,4,4,1,4,4,4,4,4,2,4,4,4,4,4,4,1,2,4,2,4,3,4,4,4,4,1,3,4,3,2,3,4,3,3,3,4,3,3,1,1,3,4,4,2,4,4,4,4,4,4,4,2,4,4,1,4,4,1,3,4,1,2,4,4,1,2,4,4,1,4,1,4,1,4,4,3,4,4,3,3,4
pid_43,1,1,1,2,1,4,1,4,4,4,4,4,2,4,4,4,4,4,1,3,2,4,2,3,4,2,3,3,2,3,3,3,4,3,3,1,3,3,2,3,1,2,3,3,3,3,3,2,3,2,3,4,3,2,4,4,3,3,2,2,3,1,4,4,4,4,4,2,3,4,2,3,3,3,2,2,4,3,1,4,2,4,1,4,3,2,1,1,2,2,2
pid_363,1,1,1,1,3,4,2,4,4,4,4,1,4,4,2,2,4,4,1,2,1,2,1,2,4,2,2,4,1,4,3,3,4,3,2,1,1,4,3,2,1,1,3,3,3,3,2,2,1,3,3,3,4,2,3,3,3,1,1,1,2,1,4,4,4,4,4,1,2,3,2,4,2,2,1,3,4,4,1,4,1,4,1,4,3,3,3,3,3,3,3
pid_730,1,2,1,1,1,1,1,4,4,4,4,2,1,4,4,4,4,4,1,2,1,3,2,2,2,2,2,3,1,3,2,2,4,3,2,1,1,3,2,2,1,1,3,3,3,2,2,1,2,1,4,4,4,2,4,4,4,4,4,1,2,2,4,4,4,4,4,1,2,4,2,4,2,2,1,3,3,3,1,4,2,4,1,4,3,2,1,2,2,2,2
pid_1554,1,1,1,2,1,4,1,4,4,4,4,4,2,4,4,4,4,4,1,3,2,3,2,2,4,1,2,3,2,3,3,3,3,2,3,1,2,2,2,3,2,3,3,3,3,3,3,2,2,2,3,3,3,2,4,3,4,4,4,2,4,3,4,4,2,4,4,1,2,4,2,3,3,2,1,3,4,3,1,4,1,4,1,4,3,2,1,3,2,2,1
pid_1033,4,4,1,1,2,4,4,4,4,4,4,1,3,4,1,2,4,4,4,4,4,4,3,4,4,3,2,4,1,4,3,4,4,4,2,1,3,4,3,1,2,2,3,3,3,4,3,2,1,3,3,4,3,2,3,3,4,1,4,2,3,2,4,4,4,4,4,1,4,3,1,2,4,3,1,2,4,3,1,4,1,4,1,4,4,3,4,4,4,4,4
pid_257,1,3,1,1,1,1,2,2,1,4,2,2,3,4,2,4,4,4,1,1,1,2,3,3,1,1,4,3,4,1,1,3,3,3,3,3,3,2,1,4,3,2,3,2,3,2,3,2,3,2,4,4,4,3,4,4,4,1,1,1,1,1,3,2,1,1,1,1,3,4,4,4,4,3,2,3,3,3,1,4,3,4,1,4,2,1,1,1,1,4,3
pid_1280,1,1,1,1,1,3,1,4,1,4,2,1,3,4,2,4,4,4,1,2,2,3,3,3,3,1,4,4,4,1,2,4,2,4,3,3,4,2,2,4,2,2,3,2,3,2,4,2,4,3,3,4,4,3,3,4,4,1,4,1,1,1,1,4,1,1,1,1,4,4,4,2,4,4,2,2,2,1,1,2,4,4,1,4,3,1,3,3,1,3,3
pid_899,1,1,1,2,1,2,1,4,4,4,4,3,1,4,4,4,4,4,1,1,1,1,1,1,1,2,2,2,1,2,1,2,3,2,1,1,1,3,2,2,1,1,2,2,2,2,2,1,1,1,4,4,4,3,4,4,4,3,3,2,3,2,4,4,2,4,4,1,2,4,2,4,2,2,1,2,3,3,1,4,2,4,1,4,2,1,2,1,1,1,1
pid_583,1,1,1,2,3,4,1,4,3,4,4,1,3,3,4,2,4,4,1,1,1,1,2,2,2,1,3,3,2,1,2,2,4,4,2,2,2,3,2,3,1,1,3,2,2,2,2,2,2,1,4,4,4,3,4,4,4,4,1,2,3,2,4,4,2,2,4,2,2,4,2,4,3,2,2,4,3,3,1,4,2,4,1,4,2,1,1,1,1,1,1
pid_1800,1,1,1,1,1,4,3,4,4,4,4,2,3,2,3,2,4,4,1,2,1,2,1,2,4,3,2,3,1,3,3,2,4,3,2,1,2,4,3,1,1,1,3,3,3,2,3,2,1,2,4,4,4,3,3,4,3,1,1,1,2,1,4,4,4,4,4,1,2,2,2,4,3,2,1,2,3,4,1,4,1,4,1,4,3,2,2,2,2,2,1
pid_219,1,1,1,1,1,4,2,4,4,4,4,4,3,4,2,3,4,4,2,2,2,2,1,2,4,2,2,4,1,3,3,2,3,3,2,1,2,4,3,1,1,1,3,3,3,3,2,2,1,2,4,3,4,2,4,4,3,1,2,1,2,2,4,4,4,4,4,1,3,3,1,3,3,2,1,2,3,3,1,4,2,4,1,4,3,2,3,3,3,3,2
pid_933,1,1,1,2,4,4,1,3,4,4,4,1,1,4,4,3,4,4,1,2,1,2,2,2,3,1,4,4,3,1,1,3,2,4,2,2,2,2,2,1,1,1,3,2,2,2,3,1,3,1,4,4,4,4,4,4,4,4,3,2,4,3,4,4,1,1,3,1,2,3,4,2,4,3,3,3,3,2,1,4,4,4,1,4,2,1,1,1,1,2,2
pid_429,1,1,1,1,1,4,3,4,4,4,4,4,1,4,4,4,4,4,1,2,2,2,1,1,4,3,2,3,1,3,3,2,3,3,2,1,2,3,3,1,1,1,3,3,3,3,2,2,1,1,4,4,4,2,4,4,3,4,2,2,4,2,4,4,4,4,4,1,1,3,1,3,2,2,1,3,3,3,1,4,1,4,1,4,3,2,1,3,2,2,1
pid_93,1,2,2,1,1,4,1,4,4,4,4,1,2,4,3,4,4,4,1,2,2,2,2,1,4,1,2,3,1,2,2,2,3,3,2,1,2,3,2,1,1,1,3,3,3,3,2,2,1,1,4,4,4,3,4,4,4,2,1,1,2,2,4,4,4,4,4,1,2,4,2,3,3,1,1,3,3,3,1,4,1,4,1,4,2,2,1,3,2,2,1
pid_1364,1,1,1,1,1,1,1,4,4,4,4,1,1,4,4,4,4,4,1,2,1,2,2,2,1,1,2,2,2,1,1,3,3,2,2,1,1,2,1,1,1,1,2,3,2,2,2,1,3,1,4,4,4,4,4,4,4,4,4,3,4,4,4,4,1,4,4,1,1,4,3,4,3,1,2,3,3,3,1,4,1,4,1,4,2,1,1,1,1,1,1
pid_100,1,1,1,1,1,4,1,4,4,4,4,1,1,4,4,4,4,4,1,2,1,2,1,1,4,2,2,3,1,3,3,2,4,3,2,1,1,4,3,1,1,1,3,3,3,3,2,2,1,1,4,4,3,2,3,3,3,4,2,1,4,1,4,4,4,4,4,1,1,3,1,3,2,2,1,2,4,4,1,4,1,4,1,4,3,2,1,2,2,2,1
pid_467,1,1,1,2,1,4,1,4,4,4,4,1,4,4,2,2,4,4,1,2,1,2,1,2,4,2,2,3,1,3,3,2,3,4,2,1,2,4,3,2,1,1,3,3,3,2,2,1,1,3,2,3,3,2,3,3,2,1,1,1,1,1,4,4,4,4,4,2,2,3,3,3,2,1,1,2,4,4,1,4,2,4,1,4,4,2,2,2,3,2,2
pid_1199,1,1,2,1,1,4,2,4,4,4,4,3,1,4,4,4,4,4,1,2,2,2,2,2,4,1,2,4,1,4,3,2,4,4,2,1,2,3,3,1,1,2,3,3,3,3,3,2,1,1,4,4,3,2,4,4,4,4,4,1,4,1,4,4,4,4,4,1,3,3,1,3,3,3,1,2,4,4,1,4,1,4,1,4,3,3,2,3,3,2,1
pid_1603,1,1,1,2,4,1,1,4,4,4,4,1,1,4,4,4,4,4,1,1,1,2,1,1,1,1,2,2,2,2,2,2,3,2,2,2,2,2,2,2,1,1,2,2,2,2,2,1,1,1,4,4,4,3,4,4,4,4,3,2,3,2,3,4,2,2,4,1,1,4,3,4,2,2,2,3,2,3,1,4,2,4,1,4,2,1,1,1,1,1,1
pid_1055,1,2,1,1,1,4,2,4,4,4,4,1,1,4,4,4,4,4,1,2,1,2,2,2,4,2,2,4,2,2,2,2,3,3,2,1,2,3,2,1,1,1,3,3,3,2,2,1,1,1,4,4,4,3,4,4,4,2,2,1,2,1,4,4,3,4,4,1,2,3,2,4,2,2,1,2,4,3,1,4,1,4,1,4,3,3,2,2,2,2,1
pid_1828,1,1,1,2,3,4,1,4,4,4,4,1,2,4,3,4,4,4,1,2,1,2,2,2,4,2,2,3,2,2,2,2,3,3,3,1,2,3,2,2,1,1,3,2,2,2,2,2,1,3,4,4,4,3,4,4,3,2,1,1,2,1,4,4,2,2,4,2,2,4,3,3,3,2,2,3,3,3,1,4,2,4,1,4,2,2,1,1,2,2,1
pid_231,1,1,1,1,3,1,1,1,1,1,2,1,1,4,4,4,4,4,1,1,1,2,3,2,1,1,4,3,4,1,1,3,2,4,3,4,3,2,2,4,3,1,2,2,2,2,3,2,4,1,3,4,4,4,4,4,4,4,2,1,1,1,1,1,1,1,1,1,3,4,4,3,4,4,3,4,3,1,1,2,4,4,1,4,1,1,1,1,1,2,1
pid_756,1,1,1,2,1,4,1,4,2,4,4,1,1,3,4,2,2,4,1,1,1,2,2,1,4,1,4,3,1,1,2,3,3,3,1,3,2,2,2,4,1,1,2,2,2,2,3,1,3,1,3,4,4,4,4,4,4,1,1,2,4,3,4,4,1,1,4,2,3,4,4,4,4,2,1,4,2,1,1,2,3,4,1,4,2,1,1,1,1,1,1
pid_1532,1,1,2,3,1,4,1,4,4,4,4,4,4,4,2,2,4,4,1,2,2,2,2,3,4,1,3,3,2,2,2,3,4,4,3,3,3,3,2,3,2,2,3,3,3,3,3,2,3,3,2,4,3,2,2,2,2,1,1,1,1,1,4,4,1,2,4,3,3,4,2,2,3,3,1,2,3,3,1,2,2,4,1,4,3,2,4,4,2,4,4
pid_1866,1,2,1,2,1,2,1,2,2,4,2,2,2,4,3,3,4,4,1,3,1,4,3,4,2,1,4,4,4,1,3,4,4,4,4,3,3,4,3,4,2,2,3,3,3,3,4,2,4,2,3,4,4,3,4,3,4,1,2,2,2,2,2,1,1,2,2,3,3,3,1,2,4,3,1,3,3,2,1,2,3,4,1,4,3,1,2,2,1,4,3
pid_1781,1,1,1,1,1,3,2,4,4,4,4,2,3,4,2,2,4,4,1,2,2,3,2,2,3,2,2,2,1,3,3,4,4,4,3,2,2,4,3,2,1,1,3,3,3,3,2,2,1,3,2,3,2,2,2,3,2,1,1,1,1,1,4,4,4,4,4,1,3,2,1,3,2,2,1,2,4,3,1,4,1,4,1,4,4,2,1,2,2,4,2
pid_718,1,1,1,2,2,4,1,4,4,4,4,4,4,4,2,3,4,4,1,3,2,4,2,4,3,1,2,3,1,3,3,3,3,4,2,2,2,4,3,1,1,1,3,3,3,3,2,1,2,3,2,4,4,3,3,4,2,1,1,1,1,1,3,4,1,1,4,2,2,4,2,3,3,2,1,2,3,3,1,4,2,4,1,4,3,2,2,2,2,2,4
pid_955,1,1,1,1,3,2,1,2,4,4,4,1,1,4,4,4,4,4,1,2,1,4,2,3,1,1,4,4,4,1,2,3,2,3,3,3,3,2,3,3,1,1,3,2,3,3,3,2,3,1,4,4,4,3,4,4,4,4,1,2,2,2,3,4,1,1,1,1,3,4,1,3,4,4,3,3,3,2,1,4,4,4,1,4,1,1,1,1,1,2,1
pid_128,1,1,1,2,4,3,1,3,4,4,4,1,1,4,4,4,4,4,1,1,1,1,2,2,1,1,4,3,4,1,1,3,2,3,2,1,3,2,1,2,1,1,2,2,2,2,3,1,3,1,4,4,4,4,4,4,4,4,4,4,4,4,2,4,1,1,2,1,3,4,4,4,4,2,4,4,1,1,1,2,4,4,1,4,1,1,1,1,1,2,1
pid_401,1,1,1,4,3,4,1,2,3,4,4,4,4,2,2,2,2,4,1,3,2,4,2,3,4,2,4,4,3,3,4,4,4,4,4,4,3,4,4,4,2,3,4,4,4,4,3,3,2,3,1,2,2,2,1,2,2,1,1,1,1,1,4,4,1,1,4,4,3,4,1,2,4,4,1,2,4,3,1,2,4,4,1,4,4,3,3,4,4,4,4
pid_1982,1,2,1,3,1,4,2,4,4,4,4,3,4,4,3,2,2,4,1,2,2,3,2,3,4,2,3,3,3,2,3,3,4,3,3,2,2,3,2,4,2,2,3,2,3,3,2,2,3,3,3,3,4,3,4,4,4,1,1,2,1,2,4,4,2,4,4,3,2,3,2,3,3,2,2,3,3,3,1,4,2,4,1,4,3,3,3,3,3,3,4
pid_1665,1,1,1,1,1,4,3,4,4,4,4,1,1,4,4,4,4,4,1,2,2,2,1,1,4,2,1,3,1,3,2,2,4,2,2,1,1,3,3,1,1,1,3,3,3,2,2,1,1,1,4,3,3,3,4,4,3,4,4,2,4,2,4,4,4,4,4,1,2,4,1,4,2,1,1,2,4,3,1,4,1,4,1,4,3,2,1,1,2,2,1
pid_1302,1,1,2,1,1,4,1,4,4,4,4,2,2,4,2,4,4,4,1,2,2,2,1,2,3,2,2,3,1,4,3,2,3,3,2,1,2,3,3,1,1,1,3,3,2,2,2,1,1,2,3,4,3,3,4,3,3,1,1,1,2,1,4,4,4,4,4,1,2,4,2,3,2,1,1,2,3,3,1,4,1,4,1,4,3,2,2,2,2,2,1
pid_166,1,1,4,1,1,4,2,2,1,1,1,4,3,4,2,2,4,4,1,4,3,4,4,4,4,1,4,4,4,1,2,4,2,4,4,4,4,2,3,4,4,4,3,3,3,3,3,2,4,3,2,4,4,4,4,2,2,1,1,1,1,1,4,4,1,1,1,1,4,3,4,2,4,4,1,2,3,1,1,1,4,1,1,4,3,1,3,3,1,2,3
pid_1498,1,1,1,2,2,3,1,3,2,4,3,1,2,3,3,2,3,4,1,2,1,2,2,2,2,1,3,4,2,2,2,3,3,3,2,2,2,2,2,4,1,1,2,2,2,2,3,2,3,2,4,4,4,3,3,3,4,1,1,1,2,2,4,4,1,1,3,1,2,3,4,4,4,2,2,3,3,3,1,4,2,4,1,4,2,1,1,1,1,4,1
pid_535,1,1,1,1,1,2,1,4,4,4,4,4,3,4,1,4,4,4,1,3,2,3,2,2,2,2,2,4,1,4,4,3,3,3,2,1,2,4,3,4,1,2,3,3,3,3,2,1,1,3,3,3,2,1,3,3,2,1,1,1,1,1,4,4,4,4,4,1,2,3,1,3,2,4,1,1,4,4,1,4,2,4,1,4,3,3,2,2,3,3,3
pid_1751,1,1,1,1,2,1,1,2,1,4,1,1,2,4,2,4,4,4,1,2,2,4,3,4,1,1,4,4,4,1,2,3,2,4,3,3,3,1,3,3,2,2,3,3,3,3,4,2,4,3,4,4,4,3,4,4,4,2,1,1,1,1,2,1,1,1,1,2,4,4,4,2,4,3,3,2,2,1,1,3,4,4,1,4,2,1,1,1,1,3,2
pid_2040,1,3,1,2,1,4,2,4,4,4,4,4,3,4,3,4,4,4,1,3,1,3,3,2,4,2,2,3,2,2,2,3,4,3,2,1,1,4,2,1,1,2,3,3,3,3,3,1,2,2,4,4,4,2,4,4,3,1,1,1,2,1,4,4,4,4,4,2,2,4,2,4,3,2,1,2,4,3,1,4,1,4,1,4,3,2,3,3,2,3,3
pid_1236,1,1,1,2,1,3,3,4,4,4,4,2,1,4,4,4,4,4,1,2,1,2,1,2,2,1,3,3,2,1,2,3,3,3,2,1,2,2,1,1,2,1,3,3,2,2,2,2,2,1,4,4,4,3,4,4,4,4,4,3,4,3,4,4,2,4,4,1,2,4,3,4,3,2,2,3,3,2,1,4,2,4,1,4,2,2,1,2,2,2,1
pid_1085,1,1,1,1,1,4,3,4,4,4,4,4,4,4,1,2,2,4,2,2,1,2,1,2,4,2,2,4,1,4,4,3,4,4,3,1,3,4,3,1,1,1,3,3,3,3,2,2,1,3,2,3,2,1,3,2,2,1,1,1,1,1,4,4,4,4,4,1,4,4,1,3,4,3,1,1,4,4,1,4,1,4,1,4,3,3,3,3,3,3,2
pid_786,1,1,1,1,1,3,1,4,4,4,4,2,3,4,2,4,4,4,1,2,2,2,2,2,3,2,2,4,1,3,2,2,3,3,2,1,2,3,2,2,1,1,3,3,3,3,2,2,2,3,4,3,3,2,4,3,2,1,1,1,1,1,4,4,4,4,4,1,3,3,1,3,2,2,1,2,4,3,1,4,2,4,1,4,3,2,1,2,2,2,2
pid_1278,1,1,1,1,1,4,3,4,4,4,4,1,3,4,2,3,4,4,1,2,1,2,1,2,4,4,2,4,1,4,3,3,4,3,3,1,2,4,3,1,1,1,3,3,3,3,2,1,1,3,3,3,2,3,3,3,2,1,1,1,2,1,4,4,4,4,4,1,1,3,2,3,3,2,1,2,4,3,1,4,2,4,1,4,3,3,1,2,3,3,1
pid_861,1,1,1,2,2,4,1,4,4,4,4,1,3,4,4,4,4,4,1,1,1,1,1,1,4,1,2,4,1,2,2,3,4,3,2,1,2,3,2,1,1,1,3,3,2,3,2,2,1,1,4,4,4,3,4,4,3,2,4,2,3,2,4,4,3,4,4,1,3,4,2,3,3,2,1,3,3,3,1,4,1,4,1,4,3,3,3,2,3,3,1
pid_1952,1,2,1,2,1,4,2,4,4,4,4,1,2,4,4,4,4,4,1,2,1,2,1,1,4,2,2,3,1,3,2,3,3,3,2,1,2,3,2,2,2,1,3,3,3,2,2,1,2,1,4,4,4,2,4,4,4,2,2,2,3,1,4,4,4,4,4,1,2,4,1,4,3,2,1,2,3,3,1,4,1,4,1,4,3,3,1,3,2,3,3
pid_1448,2,3,3,1,1,4,3,4,4,4,4,4,3,4,3,4,4,4,2,3,2,2,3,2,4,2,2,3,2,3,3,2,3,3,2,1,2,3,3,1,1,1,3,3,3,3,3,2,1,3,4,4,4,2,4,4,2,1,1,1,1,1,4,4,4,4,4,1,2,3,2,3,3,2,1,2,3,4,1,4,1,4,1,4,3,3,3,4,3,3,3
pid_25,1,1,2,2,1,2,1,4,4,4,4,2,1,3,4,4,4,4,1,2,1,2,2,3,2,1,3,3,2,1,1,3,3,4,2,3,3,3,1,2,1,1,3,2,3,2,3,1,3,1,4,4,4,4,3,4,4,2,1,2,2,2,3,4,1,1,1,3,2,4,2,4,4,2,2,3,2,3,1,3,2,4,1,4,2,1,1,1,1,1,1
pid_1161,1,1,1,2,1,2,1,4,4,4,4,4,3,4,2,4,4,4,2,4,4,4,4,4,3,2,4,2,2,4,2,3,4,4,3,2,2,3,4,2,2,1,3,3,3,3,2,2,2,3,2,4,4,2,3,2,2,1,1,1,1,1,4,4,1,1,4,2,3,4,1,3,4,2,1,2,3,3,1,4,2,4,1,4,3,2,2,2,3,3,3
pid_305,1,3,1,3,1,4,1,4,4,4,4,1,4,4,3,2,4,4,2,3,2,3,2,3,4,1,4,4,2,2,2,3,3,4,2,2,2,4,2,2,2,1,3,3,2,2,3,1,2,2,3,4,4,3,3,4,4,1,1,1,3,1,4,4,2,4,4,3,2,4,2,3,4,2,1,3,4,3,1,4,1,4,1,4,3,1,2,3,2,2,4
pid_662,1,1,2,2,1,4,1,2,2,4,4,1,3,2,2,2,2,4,3,2,2,3,3,3,4,1,4,4,3,1,2,4,3,4,4,3,3,3,3,2,2,1,3,3,3,3,3,1,3,3,3,4,4,4,3,3,3,1,1,1,2,1,3,4,1,1,2,2,4,4,1,3,4,3,1,4,3,3,1,2,4,4,1,4,3,1,3,2,1,3,2
pid_985,1,2,2,1,1,4,3,4,4,4,4,3,2,4,4,4,4,4,2,2,1,2,2,2,4,2,2,3,2,3,3,2,4,4,2,1,1,3,2,1,1,2,3,3,3,3,2,2,1,1,4,4,4,2,4,4,4,4,3,2,4,2,4,4,4,4,4,1,2,4,1,3,2,2,1,2,3,4,1,4,1,4,1,4,3,2,3,3,2,2,2
pid_1406,2,2,1,3,4,4,3,4,4,4,4,1,1,4,4,4,4,4,1,2,1,2,1,2,4,2,3,4,3,2,2,3,4,3,3,2,2,3,2,3,1,2,3,2,3,2,2,2,2,1,4,4,4,4,4,4,4,4,4,3,4,4,4,4,4,4,4,2,2,4,3,4,3,2,2,3,3,1,1,4,1,4,1,4,3,2,4,4,2,4,3
pid_529,1,1,2,1,1,3,1,4,4,4,4,3,1,4,4,4,4,4,1,3,2,2,1,2,3,2,2,3,2,2,2,2,4,2,2,1,2,3,2,2,1,1,3,3,3,3,2,2,1,1,4,4,4,2,4,4,4,4,4,2,4,2,4,4,4,4,4,1,2,4,2,4,2,2,1,3,3,3,1,4,1,4,1,4,3,2,1,2,2,2,1
pid_833,1,1,1,1,2,4,1,4,4,4,4,1,1,4,4,4,4,4,1,2,1,2,1,2,4,2,2,3,1,3,2,2,4,3,2,1,2,2,2,2,1,1,3,3,2,2,2,2,1,1,4,4,4,2,4,4,4,4,4,2,4,4,4,4,4,4,4,1,2,3,2,4,2,1,1,3,3,4,1,4,1,4,1,4,3,2,1,1,1,2,1
pid_1703,1,1,1,1,4,4,4,4,4,4,4,4,3,4,2,3,4,4,2,2,2,2,1,2,4,2,2,4,1,4,3,3,4,4,2,1,3,3,3,2,1,1,3,3,3,3,3,2,1,3,3,3,4,2,4,4,2,4,1,1,1,1,4,4,4,4,4,1,3,3,2,3,3,3,1,2,4,4,1,4,2,4,1,4,4,3,2,4,2,3,1
pid_2012,1,2,3,2,1,4,1,2,2,4,2,4,1,4,4,4,4,4,1,4,1,4,4,4,4,1,4,4,4,1,2,4,3,4,3,2,3,2,2,4,4,4,3,3,3,3,3,1,3,1,4,4,4,4,4,4,4,4,2,2,3,2,4,4,1,1,4,2,3,4,1,3,3,3,2,3,3,2,1,4,2,4,1,4,2,1,2,3,1,4,3
pid_1099,1,2,1,1,1,4,4,4,4,4,4,4,2,4,4,4,4,4,2,4,4,4,4,3,4,3,2,4,2,3,3,3,4,4,2,1,2,3,3,1,2,4,3,3,3,3,2,2,2,1,4,4,4,3,4,4,4,2,3,1,3,2,4,4,4,4,4,1,1,4,1,3,3,3,1,2,4,3,1,4,1,4,1,4,3,2,3,4,3,3,3
pid_567,1,1,1,1,1,4,3,4,4,4,4,4,4,1,1,1,1,1,3,3,2,3,2,2,4,3,2,4,1,4,4,4,4,4,4,1,4,4,4,3,1,2,3,4,4,3,3,3,1,4,1,1,1,1,1,1,1,1,1,1,1,1,4,4,4,4,4,1,4,2,1,1,3,4,1,1,4,4,1,4,1,4,1,4,4,4,4,4,4,3,3
pid_1264,1,1,1,3,1,4,1,4,4,4,4,4,4,2,1,2,2,4,2,4,4,4,4,4,4,1,4,4,4,3,3,4,4,4,4,2,4,4,4,4,3,4,3,3,4,3,3,2,4,4,1,2,3,3,1,1,1,1,1,1,1,1,4,4,1,1,4,3,3,4,1,2,4,4,1,2,4,2,1,2,1,1,1,4,3,3,4,4,3,4,4
pid_357,1,1,2,2,1,1,1,1,1,2,2,1,2,3,4,3,3,4,1,3,2,4,3,4,1,1,4,4,4,1,2,4,3,4,4,4,3,3,3,4,3,2,3,3,3,3,4,2,4,3,4,4,4,4,4,4,4,1,1,2,2,2,1,1,1,1,4,1,4,4,4,2,4,4,1,2,4,2,1,2,4,4,1,3,2,1,1,1,1,1,3
pid_77,1,4,3,4,2,4,4,4,4,4,4,3,4,2,1,2,2,4,3,4,3,4,3,4,4,3,4,4,3,3,3,4,4,4,4,3,4,4,3,4,3,3,3,3,3,3,3,2,4,4,2,3,2,4,2,2,3,1,1,1,1,1,4,4,4,4,4,3,3,4,4,2,3,4,1,2,4,3,1,4,3,4,1,4,3,2,4,4,4,4,4
pid_1133,1,1,1,2,3,1,1,2,2,4,4,1,2,4,4,4,4,4,1,1,1,2,2,2,1,1,4,2,3,1,1,2,3,3,2,2,1,2,1,2,1,1,2,2,2,2,3,2,3,1,4,4,4,4,4,4,4,4,3,2,2,2,2,2,1,2,2,1,2,4,4,3,3,2,2,3,3,3,1,4,3,4,1,4,1,1,1,1,1,2,2
pid_1454,1,1,1,2,1,4,2,4,4,4,4,4,2,4,4,4,4,4,1,2,2,2,1,2,4,1,3,3,3,2,2,3,3,3,2,1,2,2,1,2,1,1,2,2,2,2,3,2,2,1,4,4,4,3,4,4,3,2,4,1,2,1,4,4,2,4,4,2,1,4,1,4,3,2,2,3,3,2,1,2,2,4,1,4,2,2,1,2,2,4,1
pid_630,1,1,1,1,1,4,1,4,4,4,4,1,1,4,4,4,4,4,1,2,1,2,1,1,4,1,2,2,1,3,3,2,3,4,2,1,1,4,3,1,1,1,3,3,3,2,2,2,1,1,4,4,3,2,4,4,3,3,1,1,4,2,4,4,4,4,4,1,1,4,3,4,2,1,1,2,4,4,1,4,1,4,1,4,3,1,1,1,2,2,1
pid_319,1,2,2,3,1,2,2,4,4,4,4,4,3,4,4,4,4,4,1,4,3,4,3,4,4,2,4,4,4,4,3,4,3,4,3,1,3,4,3,4,3,4,3,3,3,3,3,2,3,3,4,4,2,2,4,3,4,2,3,2,2,1,4,3,1,4,4,2,3,4,1,2,3,3,1,2,3,2,1,4,2,4,1,4,3,2,3,3,2,3,4
pid_39,1,1,2,1,1,1,1,2,2,4,2,1,1,4,4,4,4,4,1,1,1,2,2,2,1,1,4,4,4,1,1,4,1,4,3,3,4,1,1,4,2,1,3,2,2,3,3,1,3,1,4,4,4,4,4,4,4,2,4,1,2,2,1,3,1,1,1,1,4,4,4,4,4,3,3,2,2,2,1,4,4,4,1,4,2,1,1,1,1,2,1
pid_1900,1,2,1,3,1,4,2,4,4,4,4,2,4,2,1,2,2,4,2,4,3,4,3,3,4,2,4,4,2,3,4,4,4,4,4,3,4,4,4,3,2,3,3,3,3,3,3,2,3,4,1,2,2,2,2,2,4,1,1,1,1,1,4,4,1,2,4,2,3,4,1,1,4,4,1,2,4,2,1,4,3,4,1,4,3,3,4,4,3,4,4
pid_483,1,1,1,2,1,1,1,1,1,2,2,1,2,4,3,4,4,4,1,1,1,2,2,2,1,1,4,3,4,1,1,3,2,4,3,4,3,2,1,4,1,1,3,2,2,2,4,2,3,1,4,4,4,3,4,4,4,4,2,1,1,1,1,3,1,1,2,3,3,4,4,2,4,3,4,4,3,1,1,2,4,4,1,4,2,1,2,2,1,3,2
pid_999,1,1,1,2,3,2,1,2,2,4,4,1,1,4,4,4,4,4,1,1,1,2,1,1,1,1,4,2,3,1,1,4,2,4,2,3,3,2,1,1,1,1,2,2,2,2,4,1,3,1,4,4,4,4,4,4,4,4,1,2,3,2,1,4,1,1,2,1,3,4,4,4,4,3,1,4,2,2,1,2,4,4,1,4,1,1,1,1,1,1,1
pid_1380,1,1,1,1,1,4,3,4,4,4,4,3,1,4,4,4,4,4,1,2,1,2,1,2,4,2,2,3,1,3,2,2,3,3,2,1,1,3,3,2,1,1,3,2,3,2,2,1,2,1,4,3,4,2,4,4,3,4,4,3,4,2,4,4,4,4,4,1,1,3,2,3,2,2,1,2,3,3,1,4,1,4,1,4,3,2,1,2,2,2,1
pid_1049,1,1,1,1,2,4,4,4,4,4,4,1,3,4,4,4,4,4,1,1,1,1,1,1,4,3,2,4,1,3,2,2,3,3,2,1,1,3,3,1,1,1,3,3,3,3,2,1,1,1,4,3,4,4,4,4,3,1,1,1,2,1,4,4,4,4,4,1,2,3,2,4,3,1,1,2,4,3,1,4,1,4,1,4,3,3,1,2,2,2,1
pid_1834,1,1,1,1,2,1,2,4,4,4,4,2,1,4,4,4,4,4,1,2,1,2,2,2,1,2,2,3,2,2,2,2,4,2,2,1,2,3,2,1,2,1,2,2,2,2,2,1,2,1,4,4,4,3,4,4,4,4,4,2,4,2,4,4,2,4,4,1,2,4,2,3,3,2,2,3,3,2,1,4,1,4,1,4,3,2,1,1,2,1,1
pid_263,1,1,1,1,1,1,1,2,2,4,3,1,1,4,4,4,4,4,1,1,1,4,3,3,1,1,4,4,4,1,2,4,2,4,4,4,3,2,2,1,1,1,2,3,2,2,3,2,4,2,2,4,4,4,3,3,3,1,1,1,2,2,1,2,1,1,1,1,4,4,4,2,4,4,4,2,2,1,1,2,4,4,1,4,1,1,1,1,1,1,1
pid_1007,1,1,1,2,1,1,1,4,4,4,4,4,1,4,4,4,4,4,1,2,2,3,1,2,1,2,3,3,1,4,3,4,4,4,3,1,3,4,3,1,2,1,3,3,3,3,3,3,2,1,3,4,2,2,3,3,4,4,4,4,4,2,1,4,3,4,4,1,3,3,1,3,3,3,1,2,3,3,1,4,1,4,1,3,3,1,1,2,2,3,1
pid_1560,2,1,2,2,1,4,3,4,4,4,4,4,2,4,2,4,4,4,2,3,2,3,3,3,4,2,3,3,3,3,2,3,3,3,3,1,2,3,2,4,2,3,3,3,3,3,3,2,3,3,2,3,4,2,4,3,2,2,1,1,2,1,4,4,2,4,4,2,2,4,4,3,3,3,2,3,3,3,1,4,1,4,1,4,2,2,3,3,3,3,3
pid_704,1,1,3,2,1,3,1,4,4,4,4,3,3,4,4,4,4,4,1,2,1,2,2,2,2,1,2,4,3,2,2,3,3,3,3,1,2,2,2,3,2,1,3,3,2,3,2,2,2,3,4,4,4,3,4,4,4,1,1,1,1,2,4,4,2,4,4,1,2,3,2,3,3,2,2,3,3,2,1,4,2,4,1,4,2,1,1,2,2,2,3
pid_1637,1,1,2,3,1,4,1,3,4,4,4,4,4,2,2,2,2,3,2,3,2,3,2,3,4,2,4,4,2,4,3,4,4,4,3,2,3,3,3,2,2,2,3,3,3,3,3,2,2,3,2,2,2,1,2,2,2,1,1,1,2,1,4,4,4,4,4,3,3,4,2,2,3,3,1,2,4,3,1,4,2,4,1,4,4,3,4,4,4,3,4
pid_453,1,1,2,2,1,3,1,4,2,4,2,3,2,4,3,4,4,4,1,3,2,3,3,3,2,1,3,4,3,2,2,3,3,4,3,2,3,2,2,3,3,2,3,3,3,3,3,2,3,3,3,4,3,2,3,4,4,1,1,2,1,1,4,3,1,1,2,2,3,4,4,3,4,3,2,3,3,3,1,4,1,4,1,4,3,1,2,2,1,2,3
pid_949,1,1,1,2,1,3,1,3,3,4,4,3,3,3,2,2,2,4,2,3,2,3,2,3,4,1,3,4,2,2,3,3,4,4,3,2,3,3,3,2,2,2,3,3,3,2,3,2,3,3,2,2,3,2,2,3,4,1,1,1,1,1,4,4,1,1,4,2,3,4,2,4,3,3,1,3,3,3,1,4,2,4,1,4,3,2,3,3,3,2,3
pid_134,1,2,1,1,3,4,3,4,4,4,4,2,2,4,3,4,4,4,1,3,2,3,2,3,4,2,2,4,1,3,3,2,4,3,3,1,2,4,3,1,1,1,3,3,3,3,2,2,2,3,4,4,4,3,4,4,4,4,2,1,2,1,4,4,4,4,4,2,2,4,2,3,2,2,1,2,4,4,1,4,1,4,1,4,3,2,2,3,2,2,2
pid_1350,1,3,1,2,1,4,2,4,4,4,4,3,1,4,4,4,4,4,1,3,2,4,3,3,4,2,2,3,1,3,3,2,4,3,2,1,2,3,3,3,1,3,3,3,3,2,2,2,2,1,4,4,4,2,4,4,3,4,4,2,4,3,4,4,4,4,4,1,1,4,2,3,2,2,1,3,4,4,1,4,1,4,1,4,3,3,3,4,2,3,4
pid_1679,1,1,1,2,1,4,1,3,1,2,1,4,1,4,4,4,4,4,1,2,2,2,3,3,4,1,4,3,4,1,2,4,4,4,4,3,3,2,2,4,3,3,3,2,3,3,3,1,4,1,3,3,4,4,3,3,4,3,2,3,2,2,4,4,1,1,1,2,3,4,4,2,4,3,1,2,4,2,1,2,3,4,1,4,3,1,3,3,1,3,2
pid_387,1,1,1,2,1,3,1,4,4,4,4,2,2,4,4,4,4,4,1,2,1,2,2,2,2,2,3,3,2,2,2,3,4,3,2,1,2,3,2,2,1,1,2,2,2,2,3,2,2,1,4,4,4,3,4,4,3,2,3,1,2,2,4,4,2,4,4,2,2,4,3,3,3,2,2,3,3,3,1,4,1,4,1,4,3,1,1,1,1,2,1
pid_1484,1,2,2,1,1,4,1,2,1,4,1,2,3,4,3,4,4,4,2,3,2,3,3,3,4,1,4,4,4,1,2,4,3,4,4,3,4,2,2,3,3,3,3,2,3,3,4,1,3,2,3,4,4,4,4,4,4,1,3,1,2,2,4,4,1,1,1,1,3,4,1,2,4,4,4,2,3,1,1,2,4,4,1,4,3,1,1,3,1,3,3
pid_907,1,1,1,2,1,1,1,4,4,4,4,3,2,4,3,4,4,4,1,2,2,2,2,2,3,1,2,2,1,2,2,2,3,3,2,1,2,3,1,2,1,1,3,2,2,2,3,1,1,1,4,4,4,3,4,4,4,4,1,1,1,1,3,4,1,4,4,2,2,3,3,4,2,2,2,2,2,3,1,4,1,4,1,4,3,1,1,1,1,2,1
pid_1548,1,1,1,1,1,2,1,4,4,4,4,4,1,4,4,4,4,4,1,2,2,2,2,2,3,2,2,3,1,4,3,3,4,3,3,1,2,4,3,2,1,1,3,3,3,3,2,2,1,2,4,3,2,2,4,3,2,3,2,2,3,2,4,4,4,4,4,1,3,2,1,2,4,3,1,2,4,4,1,4,2,4,1,4,3,3,1,1,3,2,1
pid_1852,1,2,2,1,1,1,1,4,2,4,2,4,2,4,3,4,4,4,1,2,2,3,3,3,1,1,4,4,4,1,1,3,2,4,3,3,3,1,1,2,3,1,3,2,3,3,3,1,4,1,4,4,4,4,4,4,4,1,4,1,1,1,2,2,1,1,1,1,4,4,4,2,4,4,4,2,3,1,1,2,4,4,1,4,3,1,1,1,1,2,2
pid_1506,1,1,1,1,1,3,2,1,1,2,1,2,3,4,4,2,4,4,1,2,1,2,3,3,2,1,4,4,4,1,2,4,3,4,4,4,4,1,2,4,3,1,3,2,3,3,3,1,4,2,2,4,4,4,2,3,4,1,1,1,1,1,2,2,1,1,1,1,4,2,1,3,4,4,2,2,3,1,1,2,4,2,1,4,3,1,3,1,1,3,2
pid_885,1,2,1,3,4,4,4,4,4,4,4,2,2,4,4,4,4,4,3,3,2,3,3,3,4,2,2,4,1,3,3,3,4,4,3,1,3,4,3,3,1,3,3,3,3,3,3,1,2,1,4,4,4,3,4,4,4,4,4,2,4,3,4,4,4,4,4,2,2,4,2,3,3,2,1,2,4,3,1,4,1,4,1,4,3,3,4,3,3,3,3
pid_762,1,1,1,2,1,2,1,4,4,4,4,2,1,4,3,4,4,4,1,2,1,3,2,3,2,1,2,2,2,3,2,2,3,3,2,2,2,3,2,2,1,1,3,3,2,2,2,2,2,1,4,4,2,2,4,4,4,2,3,2,2,2,3,4,2,1,4,2,2,4,2,3,2,2,2,2,3,3,1,4,2,4,1,4,3,1,1,1,1,2,1
pid_205,1,2,3,2,1,2,1,4,4,4,4,4,1,4,4,4,4,4,1,2,1,2,2,3,2,1,3,3,3,2,1,3,4,2,2,1,2,2,1,4,2,1,3,3,3,2,2,1,3,1,4,4,4,4,4,4,4,4,3,3,4,3,4,4,1,2,4,2,2,4,2,4,3,2,2,4,3,2,1,4,2,4,1,4,3,1,1,3,1,3,3
pid_1061,1,1,1,1,1,4,1,4,4,4,4,2,4,3,3,2,4,4,3,2,1,2,2,2,3,2,2,3,1,3,3,2,3,3,2,1,2,3,3,1,1,1,3,3,3,3,2,1,1,3,4,3,4,2,3,3,3,1,1,1,1,1,4,4,3,4,4,2,3,4,1,4,2,2,1,2,3,3,1,4,1,4,1,4,3,2,3,3,2,2,3
pid_152,1,1,1,1,1,1,1,1,1,4,2,1,1,4,4,4,4,4,1,1,1,2,3,3,1,1,4,4,4,1,1,4,4,4,2,4,3,2,2,4,2,1,2,2,3,3,3,1,4,1,4,4,4,4,4,4,4,4,4,1,2,2,1,1,1,1,1,1,3,4,4,4,4,3,4,3,3,3,1,2,4,4,1,3,1,1,1,1,1,3,1
pid_1336,1,1,1,2,1,4,1,3,2,4,2,2,1,4,4,4,4,4,1,2,2,3,3,3,1,1,4,4,4,1,2,3,2,4,3,2,4,2,1,3,2,1,3,2,2,2,3,1,3,1,4,4,4,4,4,4,4,4,4,2,4,3,2,4,1,1,2,2,4,4,4,3,4,3,4,4,1,2,1,4,4,4,1,4,1,1,1,1,1,2,1
pid_1651,1,1,1,1,2,4,1,4,4,4,4,3,3,2,2,2,4,4,1,3,2,3,2,2,4,2,2,4,1,3,3,2,3,2,2,1,2,3,3,2,1,1,3,3,3,3,2,2,1,3,2,3,2,2,2,3,2,1,1,1,1,1,4,4,2,4,4,2,2,3,2,3,3,3,1,2,4,4,1,4,2,4,1,4,3,2,1,2,2,1,2
pid_435,1,2,1,1,1,1,3,2,1,4,3,2,1,4,3,4,4,4,1,3,3,4,4,4,1,1,4,4,4,1,3,4,2,4,4,3,4,2,2,4,3,3,3,3,3,3,3,2,4,1,3,4,4,4,4,4,4,4,2,3,2,2,2,2,1,1,1,1,4,4,4,2,4,4,1,3,2,2,1,4,4,4,1,4,1,1,2,3,1,3,4
pid_961,1,1,1,1,1,3,1,4,4,4,4,4,2,2,2,2,4,4,1,2,1,2,2,2,3,2,2,3,1,3,2,2,3,4,2,1,2,3,3,3,1,1,3,3,3,3,2,2,2,2,3,3,2,2,3,2,2,1,1,2,2,1,4,4,4,4,4,1,3,3,2,3,3,3,1,2,3,3,1,4,2,4,1,4,3,2,1,1,2,1,1
pid_1378,1,1,2,1,1,2,1,2,1,1,2,1,2,4,3,4,4,4,1,1,1,2,3,3,2,1,4,4,4,1,2,4,1,4,3,3,4,1,1,4,3,1,3,2,3,3,4,1,3,1,4,4,4,4,4,4,4,2,2,1,2,1,1,2,1,1,1,1,4,4,1,3,4,4,3,2,2,1,1,1,4,3,1,4,1,1,1,1,1,2,2
pid_686,2,4,1,2,1,4,3,4,2,4,3,4,1,4,4,4,4,4,3,4,3,4,3,4,4,1,4,4,4,1,1,4,3,4,3,3,3,2,1,4,3,3,3,2,3,3,4,2,4,1,4,4,4,4,4,4,4,4,4,3,2,2,4,4,1,1,1,1,4,4,4,2,4,4,2,4,4,1,1,4,3,4,1,4,1,1,4,4,1,4,4
pid_1185,1,2,1,2,1,4,2,4,4,4,4,2,3,4,3,3,4,4,1,2,2,2,2,2,4,2,2,4,2,3,3,3,4,4,3,2,3,4,3,2,1,2,3,2,2,2,2,1,1,3,3,4,4,3,3,3,3,1,1,1,1,1,4,4,4,4,4,2,2,3,2,3,3,2,1,2,4,3,1,4,2,4,1,4,3,2,2,3,3,3,3
pid_855,2,2,1,2,3,3,3,4,2,4,4,4,2,4,2,3,4,4,2,2,2,3,3,3,3,1,4,2,2,2,2,3,4,3,3,2,3,3,3,2,2,2,3,3,3,3,3,1,3,3,3,3,4,3,3,3,4,4,4,1,2,1,4,4,1,1,2,2,3,4,2,3,3,2,2,3,3,3,1,4,1,4,1,4,3,2,3,3,2,3,3
pid_1598,4,4,3,3,1,4,4,4,4,4,2,4,4,2,1,2,1,3,4,4,4,4,4,4,4,3,4,4,4,3,4,4,4,4,4,3,4,4,4,4,4,4,3,3,3,3,3,2,3,4,2,2,3,4,1,1,2,1,1,1,1,1,4,4,4,4,4,4,4,4,2,4,4,4,1,2,4,3,1,4,1,4,1,4,4,3,4,4,4,4,4
pid_1202,1,3,3,1,1,1,2,1,1,1,1,4,1,4,4,4,4,4,1,4,2,4,4,4,1,1,4,4,4,1,2,4,2,4,4,4,4,1,2,4,4,4,3,2,3,3,4,2,4,1,4,4,4,4,4,4,4,4,4,1,2,2,2,1,1,1,1,1,4,4,4,4,4,4,4,2,1,1,1,1,4,2,1,4,3,1,2,2,1,3,4
pid_1765,1,1,1,3,2,4,3,4,4,4,4,4,3,2,2,2,3,4,2,3,2,4,3,4,4,2,4,4,4,3,3,4,4,4,3,2,3,4,4,4,3,3,3,3,3,3,3,2,3,3,3,3,3,2,2,3,2,1,1,1,2,1,4,4,4,4,4,3,3,2,2,2,3,3,1,2,3,3,1,4,2,4,1,4,3,2,3,4,3,3,3
pid_1882,1,2,3,2,1,4,3,4,4,4,2,4,3,4,3,3,4,4,2,4,4,4,3,4,4,1,4,4,3,1,3,4,4,4,3,2,3,4,2,1,3,2,3,3,3,3,3,1,3,3,3,4,4,3,4,4,4,1,1,2,2,2,4,4,1,1,4,2,3,4,2,2,4,3,1,3,3,3,1,2,2,4,1,4,3,2,1,2,1,2,2
pid_501,1,1,1,2,1,4,2,4,4,4,4,1,3,4,2,4,4,4,1,2,1,3,1,1,4,2,2,3,1,3,2,2,3,3,2,1,1,3,2,1,1,1,3,3,3,2,2,1,1,3,3,3,4,2,4,4,3,1,1,1,2,1,4,4,4,4,4,1,1,4,2,3,2,2,1,2,3,3,1,4,2,4,1,4,3,2,2,2,2,2,3
pid_1432,1,1,1,1,1,4,2,4,4,4,4,4,4,4,2,4,4,4,2,3,3,4,1,2,4,3,3,4,1,4,3,2,4,3,2,1,2,4,3,1,1,1,3,3,3,2,2,2,1,3,4,4,4,3,4,4,2,1,1,1,1,1,4,4,4,4,4,1,2,4,2,3,3,2,1,2,4,4,1,4,1,4,1,4,3,3,3,3,3,1,2
pid_656,1,1,1,3,1,4,1,4,4,4,4,4,4,2,1,2,2,4,2,4,3,4,3,4,4,1,4,4,1,3,4,4,4,4,4,4,4,4,4,1,3,3,4,4,4,4,4,3,4,4,1,2,4,2,1,1,2,1,1,1,1,1,4,4,1,1,1,2,4,4,1,1,4,4,1,1,4,4,1,1,1,2,1,4,4,1,3,4,3,2,4
pid_331,1,1,1,2,1,2,1,2,2,4,1,1,1,4,4,4,4,4,1,1,1,2,3,3,2,1,4,3,4,1,1,3,3,3,3,3,3,1,1,4,3,2,2,2,3,2,3,1,3,1,4,4,4,4,4,4,4,2,2,1,2,2,2,3,1,1,1,1,3,4,4,3,4,3,2,3,4,1,1,2,4,4,1,4,3,1,1,2,1,3,3
pid_1928,1,1,1,1,4,2,1,4,4,4,4,1,3,4,3,4,4,4,1,2,1,2,1,2,2,1,2,2,1,2,1,2,2,3,2,1,2,3,2,1,1,1,3,3,3,3,2,2,1,2,4,4,4,2,4,4,4,4,2,1,2,1,4,4,2,4,4,1,1,3,1,2,2,2,1,2,3,3,1,4,1,4,1,4,3,1,1,1,1,2,1
pid_1155,1,1,1,1,2,4,2,4,4,4,4,3,2,4,4,4,4,4,1,2,2,2,2,2,4,2,2,3,1,3,2,2,3,3,2,1,2,3,2,1,1,1,3,3,2,2,2,2,1,1,4,4,4,3,4,4,4,2,2,1,4,2,4,4,3,4,4,1,2,2,2,3,2,1,1,2,4,3,1,4,1,4,1,4,3,3,1,1,1,3,1
pid_11,1,1,2,2,1,2,1,4,2,4,4,1,1,4,2,4,4,4,1,3,2,4,3,3,1,1,4,4,4,1,2,3,3,4,3,3,3,2,2,4,2,1,2,2,3,3,3,1,3,3,3,4,4,3,4,4,3,2,3,2,2,2,1,2,1,2,1,2,3,4,4,4,4,3,2,3,3,2,1,2,4,4,1,4,2,1,1,1,1,3,3
pid_182,1,1,2,1,1,4,4,4,4,4,4,4,1,4,3,4,4,4,1,3,2,3,3,3,4,1,4,4,4,1,1,4,3,4,3,2,3,2,2,1,3,3,3,3,3,3,3,1,3,1,4,4,4,4,4,4,4,3,4,2,2,2,4,4,2,4,4,1,3,4,1,3,4,4,2,3,3,2,1,2,1,4,1,4,2,1,3,4,1,4,1
pid_618,1,1,1,1,1,4,1,4,4,4,4,1,3,4,4,4,4,4,1,2,1,2,1,2,4,2,2,3,1,3,2,2,3,3,2,1,1,3,3,2,1,1,3,3,3,2,2,2,1,2,4,4,3,2,4,4,3,1,1,1,2,2,4,4,4,4,4,1,2,4,2,4,2,2,1,2,3,3,1,4,2,4,1,4,3,2,1,2,2,2,1
pid_1681,1,1,1,2,1,4,1,4,4,4,4,2,1,4,2,4,4,4,1,2,1,2,2,2,4,2,2,3,1,3,2,2,4,4,2,1,2,3,2,1,1,1,3,3,3,3,2,2,2,2,4,4,3,2,4,3,2,3,1,1,2,1,4,4,4,4,4,2,1,4,1,3,2,2,1,2,3,3,1,4,1,4,1,4,3,2,1,1,2,2,1
pid_1966,1,1,1,1,1,3,1,4,4,4,4,4,2,4,3,4,4,4,1,2,2,3,1,2,4,2,2,4,1,3,3,3,4,3,2,1,2,3,2,1,1,1,3,3,3,3,2,2,1,3,3,4,3,2,4,4,3,2,2,1,1,1,4,4,4,4,4,1,3,3,1,2,2,2,1,2,4,3,1,4,1,4,1,4,3,2,4,3,3,2,3
pid_586,1,1,1,2,1,3,1,4,4,4,4,4,1,3,4,3,4,4,1,1,1,2,1,2,2,1,2,2,2,1,2,3,3,4,2,2,2,3,2,1,1,1,3,3,2,2,2,1,2,2,3,4,4,3,3,3,3,2,1,3,3,2,3,4,1,1,2,2,2,4,3,3,2,2,1,3,3,3,1,4,1,4,1,4,2,2,1,1,2,2,1
pid_1078,1,1,1,1,1,4,1,4,4,4,4,4,3,4,2,4,4,4,1,2,2,2,1,2,4,2,2,3,1,4,3,2,3,3,2,1,1,3,3,1,1,1,3,3,3,3,2,1,1,3,3,2,2,2,4,3,2,1,1,1,1,1,4,4,4,4,4,1,3,3,2,3,2,3,1,1,4,3,1,4,2,4,1,4,3,2,1,1,3,1,1
pid_1805,1,2,2,2,1,3,2,4,4,4,4,4,4,4,3,3,4,4,1,2,2,3,2,2,2,1,3,3,3,3,3,3,4,4,3,2,3,3,3,1,2,2,3,3,3,3,3,2,2,3,3,3,3,3,3,3,4,1,1,2,2,2,3,4,2,4,4,3,3,4,2,3,3,3,1,2,3,3,1,4,2,4,1,4,3,2,3,3,3,3,4
pid_1285,1,2,2,3,1,4,2,4,3,4,4,4,2,4,4,4,4,4,1,3,2,3,2,3,4,2,3,4,3,3,3,3,3,3,3,2,2,3,2,3,2,3,3,3,3,3,2,1,2,1,4,3,4,3,4,4,4,4,3,3,4,3,4,4,2,4,4,2,2,4,2,3,3,2,2,3,3,2,1,4,1,4,1,4,2,2,4,3,4,3,3
pid_1036,1,1,1,1,1,4,2,4,4,4,4,3,2,4,4,4,4,4,1,2,1,3,1,2,4,2,2,4,1,4,4,2,3,3,2,1,1,4,3,1,1,1,3,3,3,3,2,2,1,1,4,4,4,3,4,4,3,2,2,1,3,2,4,4,4,4,4,1,2,4,4,4,2,1,1,2,4,4,1,4,1,4,1,4,3,3,1,2,2,3,1
pid_252,1,1,1,1,4,3,1,4,4,4,4,2,1,4,4,4,4,4,1,1,1,2,1,2,3,1,2,2,1,2,2,2,3,2,1,1,1,3,2,1,1,1,2,3,2,2,2,1,1,1,4,4,4,3,4,4,4,4,2,2,4,2,4,4,2,4,4,1,1,3,2,3,2,2,1,3,3,4,1,4,2,4,1,4,3,1,1,1,1,1,1
pid_735,1,1,1,1,1,4,1,4,4,4,4,1,1,3,4,2,4,4,1,1,1,1,1,1,4,3,1,3,1,3,3,2,3,2,1,1,1,4,3,1,1,1,2,3,2,2,2,2,1,1,4,4,4,4,4,4,2,4,3,2,4,3,4,4,4,4,4,1,1,4,1,4,2,1,1,2,3,4,1,4,1,4,1,4,3,3,1,1,1,1,1
pid_1551,1,1,1,1,1,4,1,4,4,4,4,4,1,4,4,4,4,4,1,1,1,2,1,1,4,2,2,3,1,3,2,3,4,3,2,1,2,3,3,1,1,1,3,3,3,3,2,2,1,1,4,4,4,3,4,4,4,2,2,1,2,1,4,4,4,4,4,1,4,4,1,3,2,2,1,2,3,4,1,4,1,4,1,4,3,2,1,1,1,1,1
pid_462,1,1,1,1,3,1,1,2,2,4,4,1,1,4,3,3,4,4,1,2,1,3,3,3,1,1,4,3,4,1,2,3,2,4,3,3,3,2,2,4,1,1,3,2,2,3,3,2,3,1,4,4,4,4,4,4,4,4,1,2,2,2,1,2,1,1,2,1,3,4,4,2,4,4,2,3,2,2,1,4,4,4,1,4,2,1,1,1,1,2,1
pid_1606,1,1,3,1,1,4,1,4,4,4,4,4,4,2,2,2,2,4,1,2,2,3,2,2,3,3,2,3,1,3,3,3,4,4,2,1,2,4,3,1,1,1,3,3,3,3,2,2,1,3,2,3,3,2,2,2,2,1,1,1,1,1,4,4,4,4,4,1,2,4,2,4,2,1,1,2,4,4,1,4,2,4,1,4,3,3,2,3,3,3,3
pid_1361,1,1,1,1,1,4,1,4,4,4,4,1,1,3,4,4,2,4,1,2,1,1,1,1,4,2,2,3,1,3,3,2,4,3,2,1,2,4,3,1,1,1,3,3,2,2,2,2,1,1,3,3,4,2,3,4,4,4,1,1,4,1,4,4,4,4,4,1,1,4,2,4,3,1,1,3,4,4,1,4,2,4,1,4,3,2,1,1,2,1,1
pid_978,1,1,1,3,1,4,1,4,4,4,4,4,3,4,3,4,4,4,1,2,2,2,1,2,4,3,3,3,2,4,3,3,3,4,3,2,2,3,3,3,1,1,2,3,3,3,2,2,2,2,4,4,3,3,4,3,3,1,1,2,2,1,4,4,4,4,4,3,3,4,3,3,3,3,2,2,3,3,1,4,2,4,1,4,3,2,1,2,2,2,1
pid_105,1,2,2,2,1,4,1,4,4,4,4,2,4,2,2,2,2,4,1,2,1,2,2,3,4,2,3,3,2,2,2,4,4,4,3,2,2,3,2,3,2,2,3,3,3,3,3,2,3,3,2,2,4,3,2,2,2,1,1,1,1,1,4,4,1,1,2,2,2,3,1,3,4,3,1,3,4,3,1,4,1,4,1,4,4,2,3,4,3,3,4
pid_96,1,1,1,2,1,1,1,3,4,4,4,1,1,3,2,2,4,4,1,1,1,2,2,2,1,1,3,4,2,2,2,3,3,3,2,2,2,3,2,3,1,1,2,3,2,2,3,2,1,3,3,4,4,3,4,4,2,2,1,2,2,2,1,2,2,2,3,2,2,4,4,3,3,2,2,3,3,2,1,4,3,4,1,4,3,1,1,1,1,2,2
pid_1648,1,1,1,1,1,1,1,2,1,1,1,1,1,4,4,4,4,4,1,2,1,2,3,3,1,1,4,4,4,1,3,2,1,4,3,4,3,1,2,4,2,1,3,2,2,3,4,2,4,1,4,4,4,4,4,4,4,4,4,4,4,4,1,1,1,1,2,1,4,4,4,4,4,2,3,4,2,2,1,1,4,4,1,4,1,1,1,1,1,3,1
pid_936,1,3,1,3,1,4,3,4,2,4,3,4,4,2,2,2,2,4,3,4,4,4,4,4,3,1,4,4,4,3,3,4,4,4,4,3,4,4,4,3,3,3,3,4,3,3,3,3,3,4,2,2,2,3,2,2,2,1,1,1,1,1,4,2,1,1,4,3,3,4,1,1,4,3,1,2,4,2,1,2,2,4,1,4,3,2,4,4,4,4,4
pid_518,1,1,1,1,1,1,1,4,4,4,4,1,1,4,4,4,4,4,1,1,1,1,1,1,1,1,2,3,1,2,1,2,3,2,1,1,1,2,1,1,1,1,2,2,2,2,2,1,2,1,4,4,4,3,4,4,4,4,4,2,4,2,4,4,2,2,4,1,1,4,3,4,2,1,1,3,3,2,1,4,2,4,1,4,2,1,1,1,1,2,1
pid_282,1,1,1,1,1,4,3,4,4,4,4,1,2,4,4,4,4,4,1,2,1,2,1,2,4,3,2,4,1,4,3,2,3,3,1,1,1,4,3,1,1,1,3,3,3,2,2,1,1,2,4,3,4,3,4,3,3,2,1,1,4,2,4,4,4,4,4,1,2,4,4,3,3,2,1,2,3,4,1,4,1,4,1,4,3,3,1,2,2,2,1
pid_802,1,2,2,2,1,2,1,2,2,4,4,3,1,4,4,3,4,4,1,2,2,3,2,2,1,1,4,4,4,1,2,4,2,4,3,3,3,2,2,3,1,1,3,2,3,2,3,2,3,1,4,4,4,3,4,4,4,2,3,2,2,2,3,4,2,4,4,1,3,4,1,3,4,3,3,3,3,2,1,4,3,4,1,4,2,1,2,2,1,4,2
pid_1581,1,1,1,2,1,3,1,4,4,4,4,4,2,4,2,4,4,4,2,2,1,2,2,2,3,1,2,3,2,3,3,3,3,3,2,2,2,3,2,3,1,1,2,2,2,2,2,1,2,2,3,4,3,3,3,3,3,2,1,2,3,2,4,4,2,4,4,2,2,4,2,4,3,2,2,2,3,4,1,4,2,4,1,4,3,2,2,3,2,3,2
pid_556,1,3,1,3,3,1,3,1,4,4,2,1,3,4,2,3,4,4,1,4,3,4,3,3,1,1,4,3,3,3,2,4,4,4,3,3,3,4,3,3,2,3,3,3,3,3,3,2,3,3,2,4,3,2,2,3,1,1,1,1,1,1,1,3,1,1,1,3,2,4,1,3,4,3,1,2,4,4,1,2,2,4,1,4,3,3,3,1,2,4,4
pid_2023,1,2,1,2,2,3,1,2,4,4,4,1,4,2,2,2,4,4,2,3,3,3,3,3,2,1,3,2,2,4,3,2,2,3,3,2,2,3,3,3,1,1,3,3,3,3,2,2,1,3,3,2,2,2,2,3,3,1,1,1,1,1,4,4,2,2,4,2,3,3,1,3,3,3,1,2,4,4,1,4,2,4,1,4,3,2,2,2,3,3,3
pid_1732,1,1,1,2,1,4,3,4,4,4,4,3,4,2,3,2,2,4,2,2,2,2,1,2,4,2,3,4,2,2,2,3,4,4,2,2,2,3,3,2,2,1,3,3,3,2,2,1,2,3,4,4,4,3,4,4,3,1,1,1,2,1,4,4,2,4,4,2,3,4,2,4,3,3,1,3,3,3,1,4,2,4,1,4,3,2,3,3,2,2,2
pid_1255,1,1,1,2,1,4,2,4,4,4,4,2,1,4,4,4,4,4,1,1,1,2,1,1,4,1,2,2,1,3,1,1,3,3,2,1,1,3,2,1,1,1,3,3,2,3,2,1,1,1,3,3,4,3,4,4,3,4,2,1,4,2,4,4,3,4,4,1,2,4,3,4,2,1,1,2,3,3,1,4,2,4,1,4,3,2,1,2,2,3,1
pid_1102,2,2,1,1,2,4,3,4,4,4,4,1,3,2,2,2,1,4,2,3,3,4,2,3,4,3,2,3,1,4,3,2,4,4,3,1,2,4,4,2,2,2,3,3,3,3,3,2,1,3,2,2,2,2,2,2,3,1,1,1,1,1,4,4,4,4,4,1,2,4,1,3,3,4,1,2,4,3,1,4,2,4,1,4,3,3,4,4,3,4,4
pid_46,2,4,2,4,1,4,3,1,2,2,1,4,3,4,3,4,4,4,2,4,4,4,4,4,4,1,4,4,4,4,4,4,4,4,4,4,4,4,4,4,4,4,4,4,4,4,4,3,4,4,2,3,2,1,2,2,2,2,1,2,4,2,4,1,1,4,4,4,4,4,1,1,4,4,1,1,4,3,1,2,2,4,1,4,4,4,4,4,4,4,4
pid_366,1,1,1,3,1,1,1,4,4,4,4,3,2,4,3,2,4,4,1,2,2,2,3,3,1,2,3,3,2,2,2,3,4,3,3,3,3,3,2,1,1,2,2,3,2,3,2,2,3,2,4,4,4,4,4,4,4,1,1,1,2,2,2,2,1,1,2,4,3,4,3,4,3,2,2,3,3,3,1,4,4,4,1,4,3,1,1,1,1,2,2
pid_1698,1,1,1,2,1,3,1,4,4,4,4,1,3,3,2,3,4,4,1,2,1,2,1,2,2,2,2,2,1,2,3,2,3,3,2,2,2,3,2,3,1,1,3,2,2,2,2,2,1,3,3,3,3,3,2,3,3,1,1,1,2,1,4,4,1,3,2,2,2,4,3,3,3,2,2,3,3,3,1,4,2,4,1,4,3,2,1,1,2,2,1
pid_601,1,1,1,1,1,4,2,4,4,4,4,1,1,4,4,4,4,4,1,2,1,4,1,2,4,1,2,3,1,3,3,2,3,2,2,1,1,3,3,1,1,1,2,3,3,2,2,2,1,1,4,4,3,3,4,4,4,4,2,2,3,2,4,4,4,4,4,1,2,3,2,3,2,2,1,2,4,4,1,4,1,4,1,4,3,1,1,1,2,2,1
pid_1465,2,2,3,2,1,4,3,4,4,4,4,4,2,4,4,4,4,4,2,4,2,4,3,4,4,2,3,4,3,4,3,4,4,4,4,1,2,3,2,1,2,3,3,3,3,3,3,2,2,2,4,4,4,3,4,4,4,2,3,1,3,1,4,4,1,4,4,1,1,3,1,3,4,3,1,2,4,3,1,4,1,4,1,4,3,2,4,4,3,3,3
pid_1931,1,4,1,1,2,3,1,2,1,2,1,4,3,4,4,2,4,4,1,4,3,4,4,4,2,1,4,4,4,1,2,4,3,4,4,4,4,2,4,4,4,4,4,3,3,3,3,2,4,3,2,4,4,4,2,4,4,4,1,2,2,2,2,2,1,1,1,1,3,4,1,2,4,4,1,2,4,3,1,2,4,4,1,4,1,1,3,4,1,3,4
pid_328,1,1,1,2,1,3,1,4,4,4,4,4,1,4,4,4,4,4,1,2,1,2,2,2,3,1,3,2,2,2,2,2,4,2,2,1,1,2,2,2,1,1,2,2,2,2,2,1,2,1,4,4,4,3,4,4,4,4,4,3,4,4,4,4,2,2,4,2,1,4,3,3,2,2,2,3,3,2,1,4,2,4,1,4,2,1,1,1,1,2,1
pid_783,1,1,2,1,1,1,2,1,2,4,2,1,2,4,4,4,4,4,1,1,1,2,3,3,1,1,4,3,4,1,1,2,2,4,2,4,3,2,2,3,1,1,2,2,2,2,3,2,4,1,4,4,4,4,4,4,3,4,1,1,1,1,1,3,1,1,2,1,3,4,4,2,4,3,2,3,2,2,1,2,4,4,1,3,2,1,1,1,1,2,2
pid_864,1,1,3,1,1,1,1,1,1,4,2,1,1,4,4,4,4,4,1,2,1,2,3,3,1,1,4,4,4,1,1,3,2,3,3,2,3,1,1,3,3,1,3,2,2,2,3,1,4,1,4,4,4,4,4,4,4,4,4,2,4,4,1,1,1,1,1,1,3,4,4,3,4,4,4,4,1,3,1,1,4,4,1,4,2,1,1,1,1,1,1
pid_1080,2,1,1,1,1,4,3,4,4,4,4,1,3,4,2,4,3,4,1,3,1,1,1,2,4,2,2,4,1,4,3,2,4,3,2,1,1,4,3,1,1,1,3,3,3,3,2,2,1,3,2,2,2,2,2,3,2,1,1,1,1,1,4,4,4,4,4,1,1,4,1,3,2,2,1,2,4,4,1,4,2,4,1,4,3,3,2,3,3,2,2
pid_1233,1,1,1,3,1,4,1,3,3,4,4,2,2,2,3,2,2,4,1,2,2,3,2,3,4,1,3,3,2,1,2,3,3,4,2,1,2,2,3,3,2,2,3,2,3,3,2,2,3,3,2,3,3,3,3,3,3,1,1,2,3,2,4,4,1,1,4,2,2,4,3,3,3,2,2,3,3,3,1,2,2,4,1,4,3,1,1,1,1,2,2
pid_530,1,1,1,2,2,1,2,3,3,4,3,1,1,4,4,4,4,4,1,1,1,1,2,2,1,1,3,3,2,1,2,3,4,4,2,1,2,3,1,3,2,1,2,3,2,2,3,1,2,1,4,4,4,3,4,4,4,4,4,2,3,3,4,4,2,4,4,1,1,4,4,3,3,2,2,3,3,2,1,4,1,4,1,3,3,1,1,1,1,1,1
pid_1754,1,1,1,2,3,2,1,4,4,4,4,4,3,4,2,4,4,4,1,2,2,4,2,2,2,1,4,3,2,1,2,3,3,3,2,1,2,2,2,1,1,2,3,3,3,2,3,1,3,3,3,4,4,3,4,4,4,4,1,1,1,1,4,4,1,2,4,1,2,4,3,4,3,2,2,3,3,3,1,4,1,4,1,4,3,1,1,1,1,2,2
pid_2045,1,1,1,2,1,1,1,4,4,4,4,4,3,4,3,3,4,4,1,2,2,3,2,2,4,2,3,3,1,3,2,2,3,4,2,1,2,3,2,1,1,2,3,3,3,3,2,2,2,3,3,4,4,2,3,4,2,1,1,1,1,1,4,4,4,4,4,2,3,4,3,3,3,3,2,2,3,3,1,4,2,4,1,4,3,2,1,1,2,3,2
pid_667,1,3,2,1,1,3,1,2,1,2,2,4,2,4,4,4,4,4,1,2,2,3,3,3,2,1,4,4,4,1,2,3,2,3,3,3,3,2,1,4,3,2,3,2,3,2,3,2,3,1,4,4,4,4,4,4,4,2,1,2,2,2,3,2,1,1,1,1,3,4,1,2,4,3,2,3,3,2,1,4,4,4,1,4,2,1,2,2,1,4,4
pid_1399,1,1,3,2,1,2,2,4,3,4,2,4,2,3,2,3,4,4,1,2,2,2,2,2,2,1,3,2,2,3,2,2,3,3,2,2,3,3,2,2,2,1,3,3,3,3,3,1,3,3,2,3,2,2,2,2,4,2,1,2,2,2,4,4,1,1,4,2,3,4,2,3,3,3,1,3,3,2,1,3,1,4,1,4,3,2,1,1,1,3,1
pid_980,1,1,1,2,1,2,1,4,4,4,4,1,1,4,4,4,4,4,1,2,1,3,3,2,1,1,4,4,3,1,1,4,4,3,3,3,3,2,2,4,1,1,2,2,2,2,3,1,3,1,4,4,4,4,4,4,4,4,3,2,2,2,3,4,1,2,1,2,4,3,4,4,4,4,3,3,3,1,1,4,3,4,1,4,1,1,1,1,1,2,1
pid_1403,1,3,1,1,1,3,1,4,4,4,4,4,3,4,2,2,4,4,1,4,2,4,2,3,3,2,2,3,2,4,3,4,4,4,3,1,3,4,3,4,2,2,3,3,3,3,3,2,1,4,2,2,2,2,2,2,2,1,1,1,1,1,4,4,4,4,4,1,2,3,1,3,3,4,1,1,4,4,1,4,1,4,1,4,4,2,3,4,3,3,4
pid_20,1,1,2,1,1,2,1,2,2,4,2,1,1,4,4,4,4,4,1,2,1,3,3,3,2,1,4,4,4,1,2,4,2,3,3,2,2,2,2,3,2,1,3,2,3,2,3,1,4,1,4,4,4,4,4,4,4,4,3,2,3,3,4,4,1,1,1,1,4,4,4,3,4,3,3,4,2,1,1,3,4,4,1,4,1,1,1,1,1,3,3
pid_1919,1,1,2,2,1,1,1,2,2,4,2,1,1,4,4,4,4,4,1,1,1,2,3,3,1,1,4,3,3,1,2,4,3,3,3,3,2,2,2,4,2,1,3,2,2,2,3,2,3,1,4,4,4,4,4,4,4,4,3,3,4,2,3,2,1,2,2,2,2,4,4,4,4,2,2,3,3,2,1,4,3,4,1,4,1,1,1,1,1,3,3
pid_1164,1,1,1,1,4,4,3,4,4,4,4,1,2,4,3,3,4,4,1,2,1,3,1,2,4,3,2,4,1,3,3,2,4,3,2,1,2,4,3,1,1,1,3,3,2,2,2,2,1,2,3,3,3,3,4,4,4,1,4,2,4,2,4,4,4,4,4,1,2,3,1,3,3,2,1,3,3,3,1,4,1,4,1,4,3,3,3,2,2,1,1
pid_300,1,1,1,2,1,4,1,4,4,4,4,1,1,4,4,4,4,4,1,1,1,2,2,2,4,1,3,2,2,2,2,2,3,3,2,2,2,2,1,2,1,1,3,3,3,2,2,2,2,1,4,4,4,3,4,4,4,4,4,2,4,2,4,4,1,1,3,2,2,3,3,3,3,2,1,3,3,3,1,4,1,4,1,4,3,2,1,1,1,2,1
pid_629,1,1,1,1,2,4,1,4,4,4,4,1,4,4,2,2,4,4,2,3,2,3,2,2,4,3,2,4,1,3,3,3,4,4,2,1,2,4,3,1,1,1,3,3,3,2,2,2,1,3,2,3,4,2,3,3,3,1,1,1,1,1,4,4,4,4,4,1,1,3,1,4,4,2,1,2,3,4,1,4,2,4,1,4,3,3,3,3,2,3,4
pid_1957,1,1,1,2,2,4,1,2,4,4,4,1,4,4,2,1,2,4,1,2,2,2,2,3,4,1,3,3,2,2,2,3,4,4,3,2,3,3,3,3,1,1,3,3,3,3,3,2,2,3,2,4,3,2,2,3,2,1,1,1,1,1,4,4,1,1,2,2,3,4,2,3,3,3,2,2,4,3,1,4,2,4,1,4,3,2,1,1,2,3,2
pid_1579,1,1,1,2,3,2,1,2,2,4,4,1,1,4,3,4,4,4,1,2,1,2,2,2,1,1,4,3,4,1,1,4,2,4,2,3,2,2,2,2,1,1,2,2,2,3,3,2,4,1,4,4,4,4,2,4,4,4,1,1,2,1,2,4,1,1,1,1,3,4,4,4,4,4,1,4,1,2,1,2,4,4,1,4,1,1,1,1,1,2,1
pid_1863,1,2,1,3,2,4,1,4,4,4,4,3,3,4,3,4,4,4,1,2,2,2,2,3,4,2,2,3,2,2,2,2,4,3,2,2,3,3,2,3,1,2,3,3,3,2,2,2,2,3,3,3,4,3,4,4,3,1,1,1,2,2,4,4,2,2,4,2,2,4,2,4,3,2,2,3,3,3,1,4,2,4,1,4,2,2,2,3,2,3,2
pid_1784,1,1,1,2,2,4,1,4,4,4,4,1,2,2,4,3,3,4,1,1,1,1,1,1,4,3,3,3,2,3,3,3,4,3,3,1,2,3,2,2,1,1,3,3,3,2,2,2,2,1,4,2,3,3,3,3,4,2,1,2,3,2,4,4,3,4,4,2,2,4,2,4,3,2,2,4,3,2,1,4,2,4,1,4,2,3,2,2,2,2,2
pid_753,1,2,2,3,1,4,1,3,4,4,4,4,2,4,3,4,4,4,1,3,2,3,3,3,4,1,3,4,2,1,2,3,4,3,3,1,2,3,2,4,3,2,3,3,3,3,3,2,3,3,3,3,4,2,3,3,3,2,1,2,2,2,4,4,1,1,2,3,3,4,3,3,3,3,2,3,3,3,1,2,1,4,1,4,3,2,2,2,2,3,3
pid_1537,1,1,1,1,1,4,3,4,4,4,4,4,4,4,2,4,4,4,2,2,2,4,1,2,4,2,2,3,1,3,2,2,3,2,2,1,1,4,3,1,1,1,3,3,3,3,2,1,2,3,4,4,4,3,4,4,4,4,4,1,1,1,4,4,4,4,4,1,2,4,1,4,2,2,1,1,4,4,1,4,1,4,1,4,3,2,1,1,1,1,4
pid_1050,1,1,1,1,3,1,1,4,4,4,4,1,1,4,4,4,4,4,1,1,1,1,1,2,1,1,2,3,1,2,1,2,3,2,1,1,1,3,2,1,1,1,2,2,2,2,2,2,1,1,4,4,4,3,4,4,4,4,4,2,3,2,4,4,3,4,4,1,1,4,3,3,2,1,1,4,3,3,1,4,2,4,1,4,2,2,1,1,1,1,1
pid_234,1,1,1,2,4,4,1,4,4,4,4,1,1,4,4,4,4,4,1,2,1,2,2,2,3,1,2,2,2,1,2,2,3,3,2,2,2,2,2,3,2,1,2,2,2,2,2,2,2,1,4,4,4,4,4,4,4,4,2,2,3,2,4,4,2,3,4,2,2,4,3,3,3,2,2,3,3,3,1,4,2,4,1,4,2,1,1,1,1,2,1
pid_1307,1,2,2,1,1,1,4,4,4,4,4,4,1,4,4,4,4,4,2,4,2,4,2,3,1,2,3,4,1,3,3,2,4,4,2,1,1,3,3,1,2,2,3,3,3,3,3,2,1,1,4,4,4,2,4,4,4,4,4,3,4,4,4,4,2,4,4,1,2,4,2,3,3,2,1,3,4,3,1,4,1,4,1,4,3,3,3,3,2,3,2
pid_163,1,1,1,2,1,3,1,4,4,4,4,2,1,4,4,4,4,4,1,3,2,3,2,2,3,1,3,3,2,2,2,3,4,3,3,1,2,3,1,2,2,2,3,3,3,3,3,2,2,1,4,4,4,3,4,4,4,3,4,3,4,3,4,4,1,4,4,1,2,4,3,3,3,2,2,3,3,2,1,4,1,4,1,4,2,2,2,2,2,2,2
pid_404,1,3,3,2,1,3,1,2,1,4,1,4,1,4,4,4,4,4,1,2,2,3,3,3,2,1,4,3,4,1,1,4,2,4,3,3,3,1,1,1,3,1,3,2,3,3,4,2,3,1,4,4,4,4,4,4,4,4,4,4,2,2,2,2,1,1,1,1,3,4,4,4,4,3,4,4,2,1,1,1,4,4,1,4,3,1,2,3,1,4,3
pid_1987,1,1,2,2,1,4,2,4,3,4,3,4,1,4,4,4,4,4,1,2,2,3,2,3,4,1,3,4,4,1,2,3,3,3,3,2,3,2,2,2,2,2,3,2,3,2,3,1,2,1,4,4,4,3,4,4,4,3,3,4,4,3,4,4,2,4,4,2,3,4,2,3,4,3,2,3,3,2,1,2,1,4,1,4,2,2,3,3,2,3,3
pid_1660,1,1,1,1,1,3,1,4,4,4,4,4,3,4,2,2,4,4,1,2,2,3,1,2,2,2,2,3,1,3,2,3,3,3,2,2,2,3,3,1,1,1,3,3,3,2,2,2,2,3,3,4,4,3,4,4,3,1,1,1,1,1,4,4,3,4,4,2,2,4,2,4,3,2,1,2,3,3,1,4,1,4,1,4,3,2,1,1,2,2,1
pid_1349,1,2,1,1,3,1,1,1,1,4,2,1,1,4,4,4,4,4,1,2,1,2,3,3,1,1,4,4,4,1,1,3,1,4,3,4,3,2,2,4,1,1,3,2,2,2,3,2,4,1,4,4,4,3,4,4,4,4,4,1,2,1,1,1,1,1,1,1,3,4,1,3,4,4,3,3,1,1,1,2,4,4,1,4,1,1,1,1,1,4,3
pid_950,1,1,1,1,1,4,1,4,4,4,4,1,1,4,4,4,4,4,1,2,1,3,1,2,3,2,2,2,1,3,2,2,3,3,2,1,2,3,2,2,1,1,3,3,3,3,1,2,2,1,4,4,3,3,4,4,4,4,3,1,2,2,4,4,4,4,4,1,1,3,1,3,2,1,1,2,3,3,1,4,1,4,1,4,3,1,1,1,1,2,2
pid_1565,1,1,1,1,1,4,2,4,4,4,4,3,2,3,3,3,2,4,1,1,1,1,1,2,3,2,1,3,1,3,2,2,3,2,2,1,2,3,2,1,1,1,3,3,2,2,2,1,1,1,4,4,4,2,4,3,4,1,4,1,2,1,4,4,4,4,4,1,1,4,2,3,2,2,1,3,4,4,1,4,1,4,1,4,3,2,1,1,2,2,1
pid_701,1,2,2,1,2,1,1,3,2,4,4,1,1,4,4,4,4,4,1,2,2,2,2,2,1,1,4,4,3,1,2,4,2,3,3,2,3,2,2,3,2,1,2,2,2,2,3,2,3,1,4,4,4,4,4,4,4,4,4,2,3,3,3,4,1,3,4,1,3,4,4,4,4,3,3,4,3,2,1,4,3,4,1,4,2,1,2,2,1,3,3
pid_1798,1,1,1,1,1,4,2,4,2,4,3,2,1,4,4,4,4,4,1,2,2,3,3,3,4,1,4,4,4,1,2,4,2,3,3,2,4,2,2,1,2,1,3,2,3,2,3,1,3,1,4,4,4,3,4,4,4,4,4,2,3,2,4,4,1,3,4,1,3,4,4,2,4,4,3,3,3,1,1,4,4,4,1,4,2,1,1,1,1,3,1
pid_266,1,1,2,3,1,4,2,3,3,4,3,4,2,4,2,4,4,4,1,2,2,3,2,4,4,1,3,3,3,2,2,3,4,4,3,2,3,3,3,2,2,2,3,3,3,3,3,3,3,3,3,4,4,3,3,4,4,2,1,1,2,1,4,4,2,2,4,2,3,4,2,2,3,3,1,2,3,2,1,2,2,3,1,4,3,2,3,2,2,3,1
pid_1002,1,1,1,1,2,3,1,4,4,4,4,1,1,4,3,2,4,4,1,2,1,2,1,2,2,1,4,3,3,1,1,3,3,4,4,2,3,2,2,3,1,1,3,2,2,3,3,1,3,1,3,4,4,4,3,4,4,4,4,2,3,1,4,4,1,4,4,1,3,4,4,3,4,3,1,3,3,2,1,4,2,4,1,4,2,1,1,2,1,2,1
pid_228,1,1,1,1,1,4,1,4,2,4,2,4,4,2,2,2,4,4,1,2,2,4,3,4,4,1,4,4,4,1,2,4,4,4,4,3,4,3,4,4,2,2,3,3,3,3,3,2,4,3,2,4,4,2,2,2,2,1,1,1,1,1,1,1,1,1,2,1,3,4,4,4,4,4,1,2,4,3,1,1,4,4,1,4,3,1,2,1,1,4,3
pid_1831,3,1,1,2,1,4,2,4,4,4,4,4,3,4,2,4,4,4,3,4,3,4,3,3,4,2,3,4,3,2,3,3,3,4,3,2,3,3,2,2,2,2,3,3,3,3,3,2,2,3,4,3,4,3,4,4,2,1,1,1,1,1,4,4,1,4,4,2,3,4,2,3,4,4,2,2,3,3,1,4,1,4,1,4,3,3,4,4,3,4,4
pid_1481,1,1,1,1,1,1,1,3,2,4,2,1,1,4,4,4,4,4,1,2,1,2,2,3,1,1,4,4,4,1,1,4,2,4,3,2,3,2,1,2,3,1,2,2,3,2,3,2,4,1,4,4,4,4,4,4,4,2,2,1,1,1,3,4,1,1,1,1,4,4,4,3,4,3,2,2,1,2,1,4,4,4,1,4,1,1,1,1,1,1,1
pid_902,1,1,1,3,1,2,1,4,4,4,4,1,2,4,4,4,4,4,1,2,2,2,2,3,1,1,2,2,2,1,2,2,3,3,2,2,2,3,2,2,1,1,3,2,2,2,2,1,3,1,4,4,4,4,4,4,4,4,2,2,4,3,3,4,1,4,4,2,2,4,3,4,3,2,2,4,3,3,1,4,3,4,1,4,2,1,2,2,1,2,3
pid_382,1,1,1,2,2,1,1,4,4,4,4,1,1,4,4,4,4,4,1,1,1,1,1,2,2,1,3,3,2,1,1,3,3,3,2,1,1,2,1,2,1,1,2,2,2,2,2,1,2,1,4,4,4,3,4,4,4,4,4,2,4,2,4,3,3,4,4,1,2,3,3,4,3,2,3,3,3,2,1,4,1,4,1,4,2,1,1,1,1,2,2
pid_418,1,1,1,1,1,1,1,4,4,4,4,1,1,4,4,4,4,4,1,2,1,2,2,2,1,1,3,2,3,1,1,3,3,2,2,1,2,2,1,2,2,1,2,2,2,2,3,1,3,1,4,4,4,4,4,4,4,4,4,4,3,4,4,4,1,1,2,2,2,4,4,4,4,3,3,4,3,2,1,4,1,4,1,4,2,1,1,1,1,3,1
pid_131,1,1,1,1,1,1,1,2,2,4,2,1,1,4,4,4,4,4,1,2,1,3,2,2,1,1,4,4,4,1,1,3,2,3,2,2,3,2,2,4,2,1,3,3,3,3,3,1,3,1,4,4,4,4,4,4,4,4,4,2,2,2,4,4,1,1,1,1,3,4,1,4,4,3,2,3,2,2,1,2,2,3,1,4,1,1,1,1,1,3,1
pid_1355,1,1,1,2,1,4,1,4,4,4,4,1,1,4,4,4,4,4,1,2,1,2,1,2,4,2,2,2,1,2,2,2,3,3,2,1,1,3,2,2,1,1,3,3,3,3,2,2,1,1,4,4,4,2,4,3,3,2,2,2,4,2,4,4,2,4,4,1,2,4,2,3,2,2,1,2,3,3,1,4,1,4,1,4,3,2,1,1,1,2,1
pid_1632,1,1,1,1,1,4,3,4,4,4,4,4,1,4,4,4,4,4,1,2,2,2,1,2,4,3,2,4,1,4,3,3,3,3,2,1,1,3,2,1,1,1,3,3,3,2,2,2,1,1,4,3,4,2,4,4,3,4,4,2,3,2,4,4,4,4,4,1,2,3,2,3,3,2,1,2,4,4,1,4,1,4,1,4,3,3,2,3,3,3,1
pid_8,1,1,1,1,1,1,1,4,4,4,4,4,1,4,4,4,4,4,1,3,2,3,2,2,1,2,2,3,1,3,3,2,3,4,2,1,2,3,2,1,1,2,3,3,3,3,2,1,2,1,4,4,2,3,4,4,3,3,4,2,3,2,4,4,4,4,4,1,2,4,1,3,3,3,1,2,4,4,1,4,2,4,1,4,3,3,1,2,3,3,3
pid_456,1,1,1,2,1,4,2,4,4,4,4,1,1,4,4,4,4,4,1,1,1,2,1,1,4,2,2,3,1,3,2,2,3,3,2,1,1,3,2,2,1,1,2,3,2,2,2,2,1,1,4,4,4,4,4,4,3,4,2,2,2,2,4,4,2,4,4,1,1,4,3,4,2,2,1,3,3,4,1,4,2,4,1,4,3,2,1,1,2,3,2
pid_878,1,2,1,1,2,3,1,4,3,4,4,1,1,4,4,4,4,4,1,1,1,1,2,2,2,1,4,4,4,1,1,3,2,3,3,1,3,2,2,3,1,1,2,2,2,2,3,1,3,1,4,4,4,4,4,4,4,4,2,2,2,3,4,4,1,2,2,1,2,4,4,4,4,3,3,3,2,2,1,4,3,4,1,4,1,1,1,1,1,2,2
pid_1261,1,1,1,1,1,1,1,4,2,4,4,1,1,4,4,4,4,4,1,2,1,2,2,2,1,1,4,4,4,1,2,4,2,4,3,1,2,1,2,2,2,1,2,2,2,2,3,2,3,1,4,4,4,3,4,4,4,4,2,1,1,1,4,4,1,2,4,1,2,4,4,4,4,4,4,3,2,1,1,4,2,4,1,4,2,1,1,1,1,2,1
pid_1706,1,1,1,2,1,4,1,4,2,4,3,3,2,4,4,4,4,4,1,2,1,2,2,3,4,1,4,4,4,1,2,2,2,4,3,3,3,2,2,3,1,2,3,3,3,3,3,2,3,3,4,4,4,3,4,4,4,2,4,1,1,2,4,4,2,1,2,2,3,4,4,3,3,3,2,2,3,2,1,2,4,4,1,4,2,1,1,1,1,2,1
pid_2017,1,1,1,2,1,4,1,4,4,4,4,1,3,2,2,2,2,4,1,2,1,2,2,2,4,2,2,2,1,3,3,2,3,3,2,1,3,4,3,2,1,1,3,3,3,3,2,1,1,3,3,3,4,2,3,2,2,1,1,1,2,1,4,4,4,4,4,2,2,3,1,3,2,2,1,1,4,3,1,4,1,4,1,4,4,2,3,3,2,2,3
pid_562,1,1,1,1,3,1,1,4,4,4,4,2,1,4,4,4,4,4,1,1,1,2,1,1,1,1,2,2,1,2,2,2,2,2,1,1,1,3,2,1,1,1,3,3,2,2,2,2,1,1,4,4,4,2,4,4,4,4,2,2,3,2,4,4,2,4,4,1,1,4,3,3,2,1,1,2,4,4,1,4,1,4,1,4,4,1,1,1,1,1,1
pid_836,1,1,1,1,1,2,1,4,4,4,4,1,1,3,4,3,4,4,1,1,1,2,1,1,3,1,1,3,1,3,3,2,4,3,1,1,1,4,3,1,1,1,3,3,3,3,2,2,1,2,4,4,4,3,3,4,4,1,1,1,3,2,4,4,4,4,4,1,1,3,1,4,2,1,1,2,3,4,1,4,1,4,1,4,3,2,1,1,2,1,1
pid_1748,1,1,1,1,1,3,2,4,4,4,4,4,4,4,2,4,4,4,2,3,2,3,2,3,3,2,3,4,2,3,2,3,3,3,3,1,3,3,2,2,2,2,3,2,3,2,3,2,2,3,3,4,4,4,4,4,3,1,1,1,1,1,4,4,2,4,4,1,3,3,2,3,3,3,2,3,3,3,1,4,1,4,1,4,3,3,4,4,3,3,2
pid_1385,1,1,2,2,1,3,3,4,4,4,4,4,2,4,3,3,4,3,1,2,2,2,2,2,4,2,2,3,2,2,2,3,4,2,3,1,2,3,2,2,2,2,2,3,3,3,2,1,2,3,4,3,4,3,3,4,4,2,1,2,3,3,4,4,3,4,4,1,2,4,4,3,3,2,1,3,3,2,1,4,1,4,1,4,2,2,3,3,2,2,3
pid_1905,1,3,1,1,1,3,4,2,1,4,1,2,3,4,4,4,4,4,1,2,2,3,3,2,3,1,4,4,4,1,2,4,4,3,4,3,4,1,2,4,3,2,3,2,3,3,4,1,3,1,4,4,4,4,4,4,4,2,4,2,1,2,4,3,1,2,4,1,4,4,4,3,4,3,4,3,3,2,1,4,4,4,1,4,3,1,4,3,1,3,3
pid_1178,1,1,1,1,1,3,1,4,4,4,4,3,2,3,2,2,4,4,1,2,1,2,1,2,2,2,2,3,1,3,3,2,3,3,2,1,2,3,2,2,1,1,3,3,3,2,2,2,1,1,3,4,2,2,3,4,3,1,1,1,3,1,4,4,4,4,4,2,2,3,2,4,3,2,1,2,4,3,1,4,2,4,1,4,3,2,1,2,1,2,2
pid_486,1,1,1,1,1,4,1,4,4,4,4,4,1,4,4,4,4,4,1,2,1,2,1,2,4,2,2,2,1,3,2,2,3,3,2,1,2,3,2,1,1,1,3,3,3,2,2,1,1,1,4,4,4,2,4,4,4,4,2,2,3,2,4,4,4,4,4,1,2,3,2,4,2,2,1,2,3,3,1,4,1,4,1,4,3,2,1,1,2,2,1
pid_1451,1,2,1,1,1,3,1,4,4,4,4,4,1,4,4,4,4,4,1,3,3,4,2,4,3,2,2,4,1,4,3,2,4,4,3,2,2,4,3,1,1,2,3,3,3,3,2,2,1,1,3,4,3,2,4,4,3,4,3,2,4,2,4,4,4,4,4,1,3,4,1,2,3,2,1,1,4,4,1,4,1,4,1,4,3,2,4,3,3,3,4
pid_635,1,1,2,1,1,1,1,2,3,4,2,1,1,4,3,4,4,4,1,1,1,2,3,3,1,1,4,4,4,1,1,4,2,2,3,2,3,2,2,1,2,1,3,2,3,2,3,2,4,1,4,4,4,4,3,4,4,4,1,1,2,1,4,2,1,1,2,1,4,4,4,3,4,4,3,3,2,1,1,2,2,4,1,4,3,1,1,1,1,2,1
pid_352,1,1,1,2,2,4,2,4,4,4,4,1,2,4,4,4,4,4,1,2,1,2,2,2,4,1,3,3,2,2,2,3,4,3,2,1,2,3,2,1,2,1,3,2,2,3,2,2,2,2,4,4,4,3,4,4,4,1,2,1,2,1,4,4,1,4,4,2,2,3,2,3,3,3,2,2,3,3,1,4,2,4,1,4,2,2,1,1,2,2,1
pid_72,1,1,1,2,1,4,1,4,3,4,4,3,1,4,4,4,4,4,1,3,2,4,3,4,4,1,3,4,3,3,3,3,4,4,3,2,2,3,2,1,2,2,3,3,3,2,3,1,3,1,4,4,4,4,4,4,4,2,3,3,3,3,4,4,1,4,4,2,3,4,2,3,3,3,1,3,3,2,1,4,1,4,1,4,2,2,3,3,2,4,2
pid_1136,1,1,1,1,1,1,1,2,2,4,3,1,3,4,2,4,4,4,1,2,1,2,2,2,1,1,4,3,3,1,1,3,1,4,3,2,3,1,2,2,2,1,2,2,3,2,3,1,3,2,4,4,4,2,4,4,4,1,1,1,1,1,2,2,1,1,2,1,3,4,1,3,4,3,3,3,4,1,1,3,3,4,1,4,1,1,1,1,1,2,3
pid_1760,1,1,2,1,1,4,1,4,4,4,4,4,1,4,4,4,4,4,1,2,1,2,2,2,4,1,2,3,1,4,3,2,2,3,2,1,2,3,3,1,1,1,3,3,2,3,2,2,1,1,3,4,2,2,3,3,3,3,1,3,4,2,4,4,4,4,4,1,2,3,2,3,2,3,1,1,3,3,1,4,1,4,1,4,3,3,1,1,2,2,2
pid_1887,1,3,4,2,1,3,1,3,1,2,2,4,4,4,2,4,4,4,2,4,4,4,4,4,3,1,4,4,4,4,4,4,4,4,4,2,3,4,4,4,4,4,3,3,3,3,3,2,4,3,4,4,4,3,4,4,4,1,1,1,4,2,4,4,1,1,2,2,3,4,1,3,4,4,1,3,4,3,1,2,1,4,1,4,3,3,4,4,2,3,4
pid_504,1,3,2,2,1,4,3,4,4,4,4,4,2,3,3,2,2,4,3,3,3,3,3,3,4,3,4,4,4,3,2,4,4,4,4,2,2,4,3,1,2,2,3,3,3,3,2,1,3,2,4,3,4,3,4,4,4,1,1,1,3,2,4,4,3,4,4,1,3,4,2,4,3,3,1,3,3,2,1,4,2,4,1,4,2,2,3,4,3,4,3
pid_1207,1,1,1,1,1,4,2,4,4,4,4,4,4,4,2,4,4,4,2,3,2,3,3,3,4,2,2,4,2,3,3,2,3,3,2,1,2,3,2,4,2,2,3,3,3,3,2,2,2,3,4,4,4,2,4,4,3,1,1,1,1,1,4,4,2,4,4,1,2,4,1,2,3,3,1,1,3,3,1,4,1,4,1,4,3,2,3,4,2,3,2
pid_850,1,1,1,1,1,4,2,4,4,4,4,1,3,4,2,3,3,4,1,3,1,2,1,2,4,2,2,3,1,4,3,3,4,4,2,1,2,4,3,2,1,1,3,3,3,3,3,2,1,3,2,3,2,2,3,4,3,1,1,1,2,1,4,4,4,4,4,1,3,3,1,3,3,3,1,2,4,4,1,4,2,4,1,4,4,3,2,3,3,2,1
pid_1249,1,1,1,2,2,3,1,2,2,2,2,1,4,2,1,2,2,4,1,3,2,3,3,3,2,1,4,3,4,1,3,4,3,4,3,3,2,3,3,4,2,2,4,3,3,3,4,2,4,4,2,3,4,4,2,1,2,1,1,1,1,1,2,2,1,1,1,2,4,4,4,2,4,3,1,2,4,3,1,1,4,4,1,4,3,1,1,1,1,4,2
pid_1684,1,1,1,2,1,3,1,4,2,4,4,1,1,4,4,3,4,4,1,2,1,2,2,2,2,1,4,4,4,1,2,3,3,4,2,2,3,2,1,3,1,1,2,2,2,2,3,1,3,1,4,4,4,4,4,4,4,3,2,2,3,2,4,4,1,2,4,1,3,4,4,4,4,2,2,3,3,2,1,4,2,4,1,4,1,1,1,1,1,3,1
pid_1963,1,1,1,1,1,4,2,4,4,4,4,1,3,4,4,2,3,4,1,2,1,2,1,2,4,3,2,4,1,3,3,2,3,3,2,1,1,4,3,1,1,1,3,3,3,2,2,2,1,2,4,3,4,2,4,4,3,1,1,1,3,1,4,4,4,4,4,1,1,4,1,4,2,1,1,2,4,4,1,4,2,4,1,4,3,3,2,2,3,2,2
pid_1479,1,1,1,2,1,4,1,4,4,4,4,2,3,4,2,2,4,4,1,2,2,4,3,3,4,1,3,3,2,3,3,4,4,4,3,2,3,4,3,1,1,2,3,3,3,3,3,2,2,3,2,3,2,2,4,2,2,1,1,1,1,1,4,4,1,4,4,2,3,4,2,2,4,3,1,2,3,3,1,4,2,4,1,4,3,2,1,1,2,2,2
pid_187,1,1,1,1,1,4,1,4,4,4,4,1,1,4,4,4,4,4,1,2,1,2,1,1,4,2,1,4,1,4,3,2,4,4,2,1,1,3,4,1,1,1,3,3,3,2,3,3,1,1,4,3,4,1,4,4,3,3,4,2,3,2,4,4,4,4,4,1,3,3,1,4,2,3,1,2,4,4,1,4,1,4,1,4,4,2,1,1,2,1,1
pid_334,1,1,1,2,1,4,1,4,4,4,4,4,1,4,4,4,4,4,1,1,1,2,1,2,4,1,2,3,2,2,2,2,3,3,2,1,2,2,2,1,1,1,2,2,2,2,2,1,2,1,4,4,4,3,4,4,3,2,3,2,2,2,4,4,2,4,3,2,2,4,3,4,3,2,2,4,3,4,1,4,2,4,1,4,3,1,1,1,1,2,1
pid_1150,1,1,1,2,1,4,2,4,4,4,4,2,2,4,4,4,4,4,1,2,1,2,1,2,4,2,2,3,1,3,3,3,4,3,2,1,2,3,2,2,1,1,3,3,3,3,2,2,1,2,4,3,4,3,4,4,4,1,1,1,2,1,4,4,4,4,4,2,3,4,2,3,3,2,1,2,3,3,1,4,1,4,1,4,3,3,2,3,2,2,2
pid_14,1,1,1,1,1,4,2,4,4,4,4,4,2,4,4,3,4,4,1,2,1,2,1,2,4,2,2,3,1,3,2,2,4,3,2,1,2,3,2,1,1,1,3,3,3,2,2,2,1,1,4,4,4,3,4,4,3,2,1,1,4,2,4,4,4,4,4,1,2,4,1,4,2,1,1,2,4,4,1,4,1,4,1,4,3,2,2,3,2,2,1
pid_1437,1,1,1,2,4,3,2,4,4,4,4,3,2,4,4,4,4,4,1,2,2,2,1,2,2,1,2,2,2,2,2,2,3,3,2,2,2,3,2,2,2,2,2,3,3,2,2,2,2,1,4,4,4,3,4,4,4,4,4,3,4,2,4,4,4,4,4,2,2,4,2,3,2,3,1,2,3,3,1,4,1,4,1,4,3,2,3,3,2,4,2
pid_653,1,1,1,1,1,2,1,1,1,1,1,1,2,2,3,3,4,4,1,2,2,3,3,3,2,1,4,4,4,1,2,4,2,4,3,4,3,2,2,3,3,1,3,3,3,2,3,1,4,3,2,4,4,3,3,2,4,1,1,1,1,1,2,4,1,1,1,1,4,4,4,2,4,4,1,2,2,1,1,2,4,4,1,4,3,1,2,2,1,2,2
pid_200,1,1,1,1,1,1,1,3,4,4,4,2,1,4,4,4,4,4,1,2,2,2,2,2,1,1,4,3,4,1,2,3,2,4,3,2,3,2,2,4,2,1,3,2,3,2,3,2,3,1,4,4,4,4,4,4,4,3,4,4,3,2,3,2,1,1,4,1,4,4,4,3,4,3,2,4,1,2,1,4,4,4,1,4,1,1,1,1,1,3,2
pid_1064,1,1,1,1,1,4,2,4,4,4,4,1,1,4,4,4,4,4,1,2,1,2,1,2,4,2,2,3,1,3,3,2,3,3,2,1,2,3,3,1,1,1,3,3,3,3,2,1,1,1,4,3,4,3,4,4,4,4,3,2,4,2,4,4,4,4,4,1,1,3,1,4,2,2,1,2,4,3,1,4,2,4,1,4,3,3,1,2,2,2,1
pid_1819,1,1,1,2,1,3,1,4,3,4,3,4,1,4,4,4,4,4,1,1,1,2,2,2,2,1,3,3,3,1,2,3,3,3,3,1,2,3,2,4,3,1,3,3,3,3,3,1,3,1,4,4,4,4,4,4,4,2,2,2,4,3,4,4,1,4,4,1,3,4,3,4,3,2,2,3,3,3,1,4,1,4,1,4,2,1,1,2,2,3,3
pid_1503,2,3,2,3,1,4,2,3,2,4,3,3,3,4,2,4,4,4,2,3,2,3,2,3,4,1,3,4,3,1,2,4,4,3,3,2,3,3,2,4,3,3,3,3,3,3,3,2,3,2,3,3,4,2,3,2,3,2,2,2,3,2,4,4,1,1,2,3,3,4,4,2,3,3,2,3,3,3,1,3,2,4,1,4,3,3,4,4,3,4,4
pid_880,1,1,1,1,1,4,2,4,4,4,4,1,1,4,4,4,4,4,1,1,1,1,1,1,4,2,1,3,1,3,3,2,3,3,2,1,1,3,3,1,1,1,3,3,3,2,2,2,1,1,4,4,4,3,4,4,4,4,2,2,4,2,4,4,4,4,4,1,2,3,1,4,2,1,1,2,4,3,1,4,1,4,1,4,3,2,1,1,2,2,1
pid_1299,1,1,1,2,1,4,1,4,4,4,4,4,4,3,1,2,3,4,2,2,2,3,1,2,4,2,2,4,1,3,3,3,3,4,3,2,3,3,3,2,1,1,3,3,3,3,2,2,2,3,2,2,3,2,2,2,2,1,1,1,1,1,4,4,4,4,4,1,3,2,2,2,3,2,1,1,4,3,1,4,2,4,1,4,4,3,2,2,3,2,1
pid_767,1,1,1,2,4,2,1,1,2,4,2,1,1,4,3,4,4,4,1,1,1,2,2,3,1,1,4,4,4,1,1,3,2,3,3,2,3,2,2,3,1,1,2,2,2,2,3,2,3,2,4,4,4,4,4,4,4,4,3,1,1,1,3,4,1,1,1,1,3,4,4,4,4,3,4,2,2,1,1,2,4,4,1,4,3,1,1,1,1,2,1
pid_1857,1,1,2,1,1,1,1,1,1,2,1,1,2,4,4,4,4,4,1,2,2,3,3,3,1,1,4,4,4,1,1,3,2,4,3,2,3,1,1,1,3,2,3,2,3,3,3,1,3,1,4,4,4,4,4,4,4,1,3,1,1,1,2,1,1,1,1,1,3,4,4,3,4,4,3,2,2,1,1,1,2,4,1,4,3,1,1,1,1,3,2
pid_729,1,1,1,1,2,4,3,4,4,4,4,3,4,3,1,2,4,4,1,2,1,1,1,2,4,2,3,3,1,3,3,3,3,4,2,1,2,4,3,4,1,1,3,3,3,3,2,2,2,3,1,3,4,2,2,1,2,1,1,1,1,1,4,4,4,4,4,2,3,3,1,3,3,3,1,2,3,3,1,4,1,4,1,4,3,3,3,4,3,3,4
pid_1180,1,1,1,1,1,3,3,4,4,4,4,4,1,4,4,4,4,4,1,2,1,1,1,1,2,2,1,2,1,2,2,2,3,2,2,1,1,2,2,3,1,1,3,3,3,2,2,1,2,1,4,4,4,3,4,4,4,4,4,3,4,2,4,4,4,4,4,1,1,4,1,4,2,1,1,2,4,3,1,4,1,4,1,4,3,2,1,3,1,3,1
pid_964,1,1,1,2,1,1,1,4,2,4,4,2,2,4,2,4,4,4,1,2,1,2,3,3,1,1,4,4,4,1,2,2,2,3,3,2,3,1,2,4,1,1,3,2,2,2,3,1,3,3,3,4,4,4,4,4,2,1,1,1,1,1,2,4,1,1,1,1,3,4,4,3,4,3,3,2,2,2,1,1,3,4,1,4,3,1,1,1,1,3,1
pid_119,1,1,1,2,3,1,1,3,2,4,4,1,2,3,2,3,4,4,1,2,2,2,2,3,1,1,4,3,4,1,2,3,3,4,3,3,3,2,2,1,2,1,2,2,3,2,3,1,3,3,3,4,4,3,3,3,4,4,1,1,1,1,2,3,1,2,2,1,3,4,4,4,4,4,1,3,3,3,1,3,4,4,1,4,3,1,1,1,1,2,1
pid_683,1,1,2,2,2,2,2,2,3,4,3,2,2,4,3,4,4,4,1,2,2,3,3,3,2,1,3,2,3,1,2,3,3,3,2,2,2,2,2,1,2,1,3,2,3,2,3,2,4,1,4,4,4,4,4,4,4,2,4,1,1,1,3,3,1,3,2,1,2,4,4,4,4,3,1,2,3,3,1,4,2,4,1,4,3,1,2,3,1,2,2
pid_1654,1,1,2,1,1,3,1,4,4,4,4,1,1,4,4,4,4,4,1,2,1,2,1,1,3,2,2,3,1,3,3,2,3,2,2,1,1,3,3,1,1,1,3,3,2,2,2,2,1,1,4,4,4,2,4,4,3,4,4,1,3,2,4,4,4,4,4,1,2,4,2,3,2,2,1,2,3,4,1,4,2,4,1,4,3,2,1,1,2,2,1
pid_430,1,1,1,2,1,4,1,4,4,4,4,2,1,4,4,4,4,4,1,1,1,2,2,2,3,1,4,4,3,1,2,3,2,3,2,2,2,1,2,1,1,1,2,2,2,2,3,2,3,1,4,4,4,4,4,4,4,4,2,2,2,3,4,4,1,4,2,1,2,4,1,3,4,2,2,3,3,2,1,4,4,4,1,4,1,1,1,1,1,1,1
pid_157,1,1,1,1,2,3,1,4,4,4,4,2,2,3,3,3,3,4,1,2,1,3,2,2,3,2,2,3,1,3,2,2,3,3,2,1,2,3,3,1,1,1,3,3,3,3,2,2,1,2,4,4,4,2,4,4,4,1,1,1,2,1,4,4,4,4,4,1,1,4,3,4,2,1,1,2,3,3,1,4,1,4,1,4,3,2,1,2,1,2,2
pid_1333,1,1,1,1,1,4,2,4,4,4,4,4,2,4,3,4,4,4,1,2,1,2,1,1,4,2,2,4,1,3,3,2,3,3,2,1,1,3,2,2,1,1,3,3,3,2,2,2,1,3,4,3,3,2,4,4,2,2,2,1,2,1,4,4,4,4,4,1,1,4,1,3,2,2,1,3,4,4,1,4,2,4,1,4,3,3,2,2,2,2,1
pid_1778,1,1,1,2,1,3,2,4,4,4,4,1,1,4,4,4,4,4,1,2,1,2,2,2,2,1,2,3,2,2,2,2,3,3,2,1,2,3,2,2,2,1,3,3,3,2,2,1,2,1,4,4,4,3,4,4,4,2,4,2,2,2,4,4,2,3,4,1,2,4,3,3,3,2,1,3,3,3,1,4,1,4,1,4,3,2,1,2,1,2,1
pid_286,1,1,2,1,1,4,1,1,1,4,2,4,1,4,2,4,4,4,1,2,1,3,2,3,4,1,4,4,4,1,1,4,2,3,3,3,3,1,2,3,3,2,3,3,3,3,3,2,4,1,4,4,4,2,4,4,4,1,4,1,1,1,4,4,1,1,1,1,4,4,4,3,4,4,1,2,3,1,1,1,4,4,1,4,1,1,1,1,1,2,1
pid_1585,1,1,2,1,1,1,1,2,1,4,2,1,4,3,4,2,4,4,1,2,1,2,3,3,1,1,4,4,4,1,3,4,2,3,3,3,3,2,2,3,3,2,3,2,3,2,4,2,3,2,3,3,4,4,3,4,4,2,2,2,3,2,2,3,1,1,2,1,4,4,4,2,4,4,3,3,3,2,1,2,4,4,1,4,2,1,1,1,1,2,1
pid_806,1,1,1,1,4,4,1,4,4,4,4,4,1,4,4,4,4,4,1,1,1,1,1,1,4,3,2,3,1,3,2,2,3,2,1,1,1,3,2,1,1,1,3,3,3,3,2,2,1,1,4,4,4,3,4,4,4,4,4,2,4,3,4,4,4,4,4,1,1,4,3,4,2,1,1,3,4,4,1,4,1,4,1,4,3,3,1,1,2,2,1
pid_1736,1,2,1,2,1,1,1,2,2,4,4,2,4,2,2,2,3,4,1,2,2,3,3,3,2,1,3,4,2,2,2,3,4,4,3,2,3,3,3,3,3,2,3,3,3,3,3,2,3,3,4,4,4,4,4,4,4,1,1,1,1,1,3,3,1,2,4,2,3,3,4,3,4,3,3,2,3,3,1,3,1,4,1,4,3,1,2,2,1,3,3
pid_2027,3,4,2,3,1,4,4,4,4,4,4,1,1,4,4,2,4,4,2,3,3,3,4,3,4,1,3,4,3,2,2,4,4,4,3,2,2,4,2,4,3,3,3,3,3,3,3,2,3,1,4,4,4,3,4,4,4,2,2,4,4,4,4,4,1,4,4,3,2,4,2,4,3,3,2,3,3,2,1,4,1,4,1,4,2,3,4,4,3,4,4
pid_552,1,1,1,1,1,4,1,4,4,4,4,4,4,4,1,4,4,4,1,2,2,3,2,2,4,3,2,4,1,4,3,2,3,4,2,1,2,4,3,1,1,1,3,3,3,3,2,1,1,3,2,4,3,2,4,4,1,1,1,1,1,1,4,4,4,4,4,1,2,4,1,4,2,2,1,1,4,4,1,4,1,4,1,4,3,4,4,4,4,3,4
pid_848,1,1,1,1,1,4,1,4,4,4,4,4,1,4,4,4,4,4,1,2,1,2,1,2,4,1,2,2,1,3,2,2,2,2,2,1,1,3,2,1,1,1,2,3,2,2,2,2,1,1,4,4,3,3,4,4,4,3,1,1,2,1,4,4,2,4,4,1,1,3,2,4,1,1,1,2,3,4,1,4,1,4,1,4,3,2,1,1,2,2,1
pid_1251,1,1,1,1,1,4,2,4,4,4,4,4,3,4,3,4,4,4,1,2,2,3,1,1,4,2,2,4,1,3,3,3,3,3,2,1,2,3,2,3,1,2,3,3,2,2,2,2,1,2,4,4,4,2,4,4,2,2,2,1,2,2,4,4,4,4,4,1,2,4,2,3,3,2,1,3,4,3,1,4,1,4,1,4,3,3,3,3,3,3,3
pid_362,1,1,1,1,1,3,1,4,4,4,4,3,1,4,4,4,4,4,1,2,1,4,2,2,3,2,2,3,1,3,2,2,3,3,2,1,1,4,3,1,1,1,3,3,3,2,2,1,1,2,4,4,4,3,4,4,3,3,2,1,2,2,4,4,4,4,4,1,2,3,1,3,3,2,1,2,4,4,1,4,1,4,1,4,3,2,1,1,1,2,1
pid_42,1,1,1,2,2,3,2,4,4,4,4,4,2,4,4,4,4,4,1,2,2,3,2,2,2,2,3,3,3,2,2,3,4,3,3,1,2,3,2,2,2,1,3,3,3,2,3,2,3,1,4,4,4,4,4,4,4,4,4,2,4,2,4,4,3,4,4,1,2,4,3,3,3,3,2,3,3,3,1,4,2,4,1,4,3,2,2,2,2,2,1
pid_1106,1,1,1,1,1,1,1,4,1,4,2,1,1,4,4,4,4,4,1,2,2,2,2,2,1,1,4,4,4,1,1,2,2,2,2,1,2,2,1,1,1,1,3,2,2,3,3,2,3,1,4,4,4,4,4,4,4,4,4,1,1,1,2,4,1,1,1,1,4,4,4,4,4,4,3,3,3,1,1,4,4,4,1,4,1,1,1,1,1,1,1
pid_1461,1,1,1,1,1,4,2,4,4,4,4,4,1,2,4,2,4,4,1,2,1,2,2,2,4,2,2,3,1,3,2,2,3,3,2,1,1,4,3,1,1,2,3,3,3,3,2,1,1,1,3,2,3,3,2,3,3,1,1,2,4,2,4,4,4,4,4,1,1,4,2,3,2,2,1,2,3,4,1,4,1,4,1,4,3,2,1,2,3,3,2
pid_605,1,1,2,1,1,3,1,4,4,4,4,2,3,2,3,2,4,4,1,2,1,2,1,2,3,2,2,3,1,4,3,2,3,3,2,2,1,3,3,2,1,1,3,3,3,3,2,2,1,3,2,3,2,2,2,2,3,1,1,1,2,1,4,4,4,4,4,1,3,4,1,4,2,3,1,2,3,3,1,4,2,4,1,4,3,3,1,2,3,2,1
pid_1935,1,1,3,2,1,1,1,4,2,4,4,2,1,4,4,4,4,4,1,2,1,2,2,2,1,1,3,4,4,1,1,2,3,3,2,2,2,2,2,3,1,1,2,2,2,3,3,2,3,1,4,4,4,4,4,4,4,4,4,3,3,3,3,3,1,2,2,1,2,4,3,4,4,3,3,4,3,1,1,2,1,4,1,4,2,1,1,1,1,3,1
pid_1148,1,3,2,2,1,3,1,4,3,4,2,4,2,4,2,4,4,4,1,2,1,2,3,3,2,1,4,4,4,1,2,4,2,4,3,3,3,2,1,2,2,3,3,2,3,3,3,1,3,2,4,4,4,4,4,4,4,2,2,1,1,1,3,2,1,1,1,2,3,4,4,2,4,3,3,2,2,2,1,2,4,3,1,4,2,1,4,3,1,4,4
pid_218,1,1,1,1,1,3,1,3,2,4,4,2,3,4,3,4,4,4,1,2,1,2,2,2,2,1,4,4,4,1,2,4,2,3,3,2,3,2,2,3,2,1,3,2,2,2,3,2,3,3,2,4,4,3,4,3,4,1,4,1,1,1,4,4,1,1,2,1,4,4,4,3,4,4,3,2,3,1,1,2,4,4,1,4,3,1,1,1,1,3,1
pid_1801,1,3,3,1,1,2,2,3,2,4,2,2,3,4,3,4,4,4,1,3,2,3,3,3,2,1,4,4,4,1,3,4,4,4,3,3,3,2,2,3,3,2,3,2,3,3,3,1,3,1,4,4,4,3,4,4,4,2,4,1,2,2,4,3,1,2,2,1,3,4,4,3,4,3,3,3,3,2,1,4,2,4,1,4,3,1,3,3,1,2,3
pid_582,1,1,1,3,1,4,1,3,3,4,4,2,2,3,3,2,2,4,1,2,1,2,1,2,4,1,2,3,2,2,2,3,4,4,3,2,3,3,3,3,1,1,3,3,2,3,3,2,3,3,2,3,4,2,3,3,4,1,1,2,2,2,4,4,1,3,4,3,2,4,3,4,3,2,1,3,3,2,1,4,2,4,1,4,2,1,1,2,1,2,2
pid_898,1,1,1,1,1,1,1,4,4,4,4,3,1,4,4,4,4,4,1,1,1,2,2,2,1,1,2,3,1,1,1,2,3,3,2,1,1,3,2,1,1,1,2,2,2,2,2,2,2,1,4,4,4,4,4,4,4,4,1,1,3,2,4,4,3,4,4,1,2,4,2,4,3,2,1,2,3,2,1,4,1,4,1,4,2,1,1,1,1,1,1
pid_1281,1,1,1,1,1,3,1,4,4,4,4,1,4,4,1,2,4,4,3,4,4,4,4,4,4,4,2,4,1,4,4,3,4,4,4,2,4,4,4,4,2,3,4,3,4,4,3,3,2,4,1,2,2,2,1,2,1,1,1,1,1,1,4,4,1,1,4,1,3,1,1,2,4,4,1,1,4,4,1,4,1,4,1,4,4,2,3,3,2,2,4
pid_256,1,1,1,1,1,1,1,4,4,4,4,4,3,4,2,4,4,4,1,3,3,4,4,4,1,1,4,4,4,1,3,4,1,4,4,3,3,1,3,4,2,3,3,3,3,3,3,2,4,2,2,4,4,2,4,4,4,1,1,1,1,1,1,1,1,1,1,1,4,4,4,2,4,4,3,2,2,2,1,1,4,2,1,4,3,1,1,1,1,2,4
pid_1032,1,3,1,2,1,4,3,4,4,4,4,4,4,3,2,2,4,4,2,3,2,3,2,3,4,2,4,4,2,3,3,4,4,4,3,2,3,4,3,2,2,2,3,3,3,3,2,2,3,3,3,4,4,2,3,3,2,1,1,1,1,1,4,4,3,4,4,3,2,3,1,2,4,3,1,2,3,3,1,4,1,4,1,4,4,4,4,4,4,4,4
pid_1555,1,2,1,3,2,4,3,4,4,4,4,4,4,4,2,2,4,4,2,3,2,3,2,3,4,3,4,4,2,3,3,3,4,4,3,2,3,4,3,4,3,2,3,3,3,3,3,1,2,3,2,3,4,3,3,3,3,1,1,1,1,1,4,4,3,4,4,2,3,4,2,4,3,3,2,3,4,3,1,4,1,4,1,4,3,3,3,4,3,3,4
pid_731,1,1,1,1,1,1,1,4,4,4,4,1,1,4,4,4,4,4,1,2,1,2,1,2,1,1,2,2,1,3,3,2,2,3,2,1,1,3,2,1,1,1,3,3,3,2,2,2,1,1,4,4,4,3,4,4,4,4,4,2,4,2,4,4,3,4,4,1,2,3,2,3,2,2,1,2,4,3,1,4,1,4,1,4,3,1,1,1,1,1,1
pid_1602,1,2,1,1,1,4,1,4,4,4,4,3,4,2,2,2,2,4,1,2,2,4,2,2,4,2,2,3,1,3,3,3,3,4,2,1,2,3,4,1,1,1,3,3,3,3,2,2,2,3,2,3,4,3,2,2,2,1,1,1,1,1,4,4,4,4,4,2,2,4,2,3,2,2,1,2,4,4,1,4,1,4,1,4,3,3,1,3,3,3,3
pid_1198,1,1,1,1,2,1,1,2,1,4,4,1,1,4,4,4,4,4,1,2,1,2,3,3,1,1,4,4,4,1,2,4,2,4,3,4,3,2,1,4,1,1,2,2,2,2,3,2,3,1,4,4,4,4,4,4,4,4,2,2,3,2,1,2,1,1,1,1,3,4,4,4,4,3,2,3,2,2,1,4,4,4,1,4,2,1,1,1,1,3,3
pid_466,1,2,1,1,1,4,2,4,4,4,4,4,3,4,2,4,4,4,1,3,1,3,1,2,4,2,2,4,1,3,2,3,4,3,3,1,2,3,3,2,1,1,3,3,3,3,2,2,2,3,3,4,4,3,4,4,3,1,4,1,1,1,4,4,4,4,4,2,1,3,2,3,3,4,1,2,4,3,1,4,1,4,1,4,3,2,3,3,3,3,4
pid_101,1,1,1,1,1,4,2,4,4,4,4,1,1,4,4,4,4,4,1,2,1,2,2,2,4,2,2,3,1,2,3,2,2,3,2,1,2,3,3,2,1,1,3,3,3,2,2,2,2,1,4,4,4,3,4,4,3,3,3,2,3,2,4,4,4,4,4,1,1,4,2,3,2,2,1,2,3,3,1,4,1,4,1,4,3,2,1,2,1,2,2
pid_1365,1,1,1,1,2,4,2,4,4,4,4,3,1,4,4,4,4,4,1,1,1,2,1,1,4,2,2,3,1,3,3,2,3,3,1,1,1,3,2,1,1,1,3,3,2,3,2,2,1,1,4,4,4,2,4,4,4,4,2,1,3,1,4,4,4,4,4,1,1,4,2,4,2,1,1,2,4,4,1,4,4,4,1,4,3,2,1,1,2,2,1
pid_92,1,3,2,2,1,4,3,4,3,4,4,4,4,4,2,2,4,4,3,3,3,4,3,4,4,1,4,4,4,1,3,4,4,4,3,4,3,3,3,2,3,3,3,3,3,3,4,2,4,3,3,4,4,4,4,4,3,1,1,1,1,1,4,4,1,2,4,3,3,4,4,2,4,3,3,2,4,3,1,1,4,4,1,4,3,1,3,4,1,4,4
pid_428,1,1,2,1,1,2,1,4,4,4,4,2,2,4,3,4,4,4,1,2,2,2,2,2,2,1,3,3,1,3,3,3,2,4,2,1,2,2,2,1,1,1,3,3,3,3,2,1,3,2,3,3,2,2,4,4,4,2,3,2,2,1,4,4,3,2,4,1,3,4,2,4,3,2,1,2,4,3,1,4,1,4,1,4,3,2,1,1,1,2,1
pid_932,1,1,2,2,1,4,1,4,4,4,4,4,3,3,2,2,2,4,1,2,2,3,2,2,4,2,2,3,1,3,3,3,3,4,2,2,2,3,3,2,1,1,3,3,3,3,2,2,2,3,2,2,2,2,3,3,2,1,1,1,1,2,4,4,4,4,4,2,3,4,2,3,3,2,1,2,4,4,1,4,2,4,1,4,3,3,2,2,2,2,2
pid_719,1,1,1,1,1,3,2,4,4,4,4,4,1,4,4,4,4,4,1,2,2,2,1,2,4,2,2,3,1,4,3,2,4,3,2,1,1,4,2,1,1,1,3,3,3,3,2,2,1,1,4,3,3,4,4,4,4,4,4,2,4,2,4,4,4,4,4,1,1,3,1,4,2,1,1,2,4,4,1,4,1,4,1,4,3,2,1,2,2,2,1
pid_1780,1,1,1,1,1,4,1,4,4,4,4,2,2,4,4,4,4,4,1,2,2,2,1,2,4,2,2,2,1,3,3,2,4,3,2,1,2,3,3,1,1,1,3,3,3,3,2,2,1,1,4,3,4,3,4,4,3,4,4,2,4,2,4,4,4,4,4,1,2,4,2,4,2,2,1,2,4,4,1,4,2,4,1,4,3,2,2,2,2,2,1
pid_1867,1,1,1,1,3,1,1,4,4,4,4,1,1,4,4,4,4,4,1,2,1,2,2,2,1,1,2,2,1,1,2,2,3,2,1,1,1,2,2,2,1,1,2,2,2,2,2,2,2,1,4,4,4,3,4,4,4,4,1,1,1,1,3,4,2,1,4,1,1,4,2,4,3,2,1,3,2,3,1,4,2,4,1,4,2,1,1,1,1,1,1
pid_1533,1,1,1,2,2,1,1,3,4,4,4,2,3,4,2,4,4,4,1,2,2,3,2,3,1,1,3,3,2,2,2,3,4,4,3,1,2,3,2,4,2,1,3,3,3,3,2,2,2,2,4,4,3,3,4,4,4,2,1,1,2,1,3,4,2,2,4,2,3,4,2,3,3,3,1,3,3,3,1,4,2,4,1,4,3,1,1,1,1,3,2
pid_757,1,1,1,1,1,4,1,4,4,4,4,4,3,4,3,3,4,4,1,3,2,3,1,3,4,2,2,4,2,4,3,2,3,3,2,1,2,3,3,1,1,2,3,3,3,3,2,3,2,3,3,3,4,2,3,4,2,1,1,1,2,1,4,4,4,4,4,1,3,4,1,3,2,2,1,2,4,4,1,4,1,4,1,4,3,3,3,2,2,4,1
pid_230,1,1,2,2,1,3,1,4,4,4,4,2,1,4,4,4,4,4,1,2,1,4,2,3,2,1,2,3,2,2,2,3,3,4,2,1,2,3,2,2,1,1,3,3,3,3,3,2,2,1,4,4,4,3,4,4,4,2,4,1,2,2,4,4,2,4,4,1,2,4,3,2,3,2,1,2,3,3,1,4,1,4,1,4,3,2,1,1,1,2,2
pid_1054,1,1,1,1,1,1,1,4,4,4,4,1,1,4,4,4,4,4,1,1,1,2,1,2,1,1,2,2,1,1,1,2,3,2,2,1,1,2,1,1,1,1,3,2,2,2,2,1,2,1,4,4,4,4,4,4,4,1,4,1,1,1,4,4,1,1,4,1,1,4,2,4,3,2,2,2,3,2,1,4,2,4,1,4,2,1,1,1,1,1,1
pid_1829,2,2,1,1,1,4,4,4,4,4,4,4,2,4,4,4,4,4,1,2,1,4,2,2,4,2,1,4,1,4,3,3,3,4,2,1,2,4,3,1,1,1,3,3,3,2,3,2,1,1,4,4,3,3,4,4,3,3,1,2,4,2,4,4,4,4,4,1,2,4,2,3,2,1,1,2,4,4,1,4,1,4,1,4,3,3,3,4,3,4,2
pid_1499,1,1,1,1,1,4,3,4,4,4,4,3,2,4,3,4,4,4,1,2,2,2,2,2,4,2,2,2,1,4,3,2,3,4,3,1,2,3,3,2,1,2,3,3,3,3,2,2,1,2,3,4,2,2,3,4,3,2,2,1,2,1,4,4,4,4,4,1,2,3,2,4,3,1,1,2,4,4,1,4,1,4,1,4,3,2,2,3,2,3,1
pid_167,1,1,1,2,1,1,1,4,4,4,4,3,1,4,4,4,4,4,1,2,2,2,2,2,1,1,3,3,2,2,2,2,3,3,2,1,2,2,2,1,1,1,3,3,3,2,2,2,2,1,4,4,4,4,4,4,3,4,4,4,4,3,4,4,2,4,4,1,2,4,3,4,3,2,2,3,3,2,1,4,2,4,1,4,2,2,1,1,1,1,1
pid_1303,1,1,1,1,1,4,1,4,4,4,4,2,1,4,4,2,4,4,1,2,1,2,1,2,4,1,2,3,1,2,2,2,3,4,2,1,2,3,3,1,1,1,3,2,2,2,2,2,2,2,3,4,4,2,4,4,3,2,4,3,4,2,4,4,2,4,4,1,1,4,3,3,2,2,1,3,3,3,1,4,2,4,1,4,3,2,1,1,1,2,1
pid_1664,1,1,1,1,2,4,1,4,4,4,4,3,3,3,2,2,4,4,1,3,2,3,1,2,4,2,2,4,1,4,4,2,4,4,2,1,3,3,4,1,1,1,3,3,3,3,3,2,1,3,2,3,3,3,2,3,2,1,1,1,2,1,4,4,4,4,4,1,2,3,1,3,4,3,1,2,4,4,1,4,1,4,1,4,3,2,1,1,1,1,1
pid_1983,1,1,3,1,1,2,1,2,2,4,2,3,4,2,1,2,2,4,2,2,2,3,2,2,2,1,4,4,2,1,3,3,3,4,3,3,4,2,3,3,2,1,3,3,3,3,3,2,4,4,2,2,4,4,2,2,3,1,1,1,1,1,3,4,1,1,4,1,3,4,1,3,4,4,2,2,4,2,1,4,3,4,1,4,4,1,3,3,1,3,4
pid_400,1,1,1,1,1,3,3,4,4,4,4,4,2,4,3,4,4,4,2,3,2,4,1,2,4,3,2,3,1,3,4,2,3,3,2,1,2,4,3,1,1,1,3,3,3,3,2,2,1,3,4,4,3,3,3,4,3,2,2,1,2,1,4,4,4,4,4,1,3,3,1,3,2,2,1,2,4,3,1,4,1,4,1,4,3,3,2,2,3,2,1
pid_954,1,1,1,1,1,2,1,4,2,4,4,1,1,4,4,4,4,4,1,2,1,2,2,2,1,1,4,4,4,1,2,3,2,3,3,3,3,2,1,3,2,1,3,2,2,2,3,2,3,1,4,4,4,3,4,4,3,3,3,2,2,2,2,3,2,2,3,1,2,4,4,3,4,4,3,3,3,1,1,4,3,4,1,4,2,1,1,2,1,3,2
pid_129,3,4,1,1,1,4,3,4,4,4,4,4,4,3,2,2,3,4,3,4,4,4,2,3,4,3,2,4,1,4,4,3,4,4,2,1,2,4,3,1,2,2,3,3,3,3,2,1,1,4,2,4,2,2,3,3,2,1,1,1,1,1,4,4,4,4,4,2,2,4,1,4,3,2,1,1,4,4,1,4,1,4,1,4,4,4,4,4,4,4,4
pid_860,1,1,1,1,1,4,1,4,4,4,4,1,1,4,4,4,4,4,1,1,1,1,1,1,4,1,2,2,1,2,2,1,3,3,1,1,2,3,2,1,1,1,3,2,2,2,2,2,1,1,4,4,4,3,4,4,4,3,2,3,4,2,4,4,4,4,4,1,2,4,3,3,2,2,1,2,3,4,1,4,1,4,1,4,3,2,1,1,1,2,1
pid_1279,1,3,3,1,1,3,1,4,4,4,4,4,4,3,1,2,2,4,1,3,3,3,2,3,3,2,2,3,1,3,3,3,3,4,3,1,2,4,3,1,2,1,3,3,3,3,2,2,1,3,2,2,2,2,2,2,2,1,1,1,1,1,4,4,2,4,4,2,2,4,1,2,3,2,1,1,3,3,1,4,2,4,1,4,3,3,3,4,2,3,4
pid_787,1,1,1,2,1,1,1,4,3,4,4,4,1,4,3,4,4,4,1,3,2,4,3,3,1,1,3,4,3,3,3,3,4,3,3,2,3,4,3,4,1,1,3,3,3,3,3,2,3,2,3,4,3,1,4,4,4,1,1,2,2,2,1,4,1,2,4,2,3,4,1,1,4,3,1,2,3,3,1,4,1,4,1,4,3,1,1,1,1,3,2
pid_1084,1,1,1,1,1,4,2,4,4,4,4,3,3,4,2,4,4,4,1,2,2,2,1,2,4,2,2,3,1,3,3,2,4,3,2,1,2,3,2,2,2,2,2,3,3,3,2,1,2,3,4,4,4,3,4,4,3,1,1,1,1,1,4,4,3,4,4,1,2,4,2,3,3,2,1,2,4,3,1,4,2,4,1,4,3,2,2,2,3,2,2
pid_1237,1,1,1,3,1,1,1,2,4,4,4,1,1,4,4,4,2,4,1,1,1,2,3,3,1,1,3,3,1,1,1,3,4,2,2,2,2,2,2,2,1,1,2,3,2,3,3,1,2,1,4,4,4,4,4,4,4,2,1,1,3,2,2,3,1,1,2,2,2,4,3,4,3,2,2,4,3,3,1,4,1,4,1,4,2,1,1,1,1,1,1
pid_2041,1,1,1,1,1,4,2,4,4,4,4,1,3,2,2,1,4,3,1,2,1,1,1,1,4,2,2,4,1,4,3,2,4,3,2,1,1,4,4,1,1,1,3,3,3,3,3,2,1,3,2,2,2,2,2,3,3,1,1,1,3,1,4,4,4,4,4,1,3,2,1,3,4,2,1,2,4,4,1,4,1,4,1,4,4,4,2,1,3,2,1
pid_1750,1,1,1,1,1,3,2,4,4,4,4,2,3,4,3,4,4,4,1,2,1,2,1,2,3,2,2,3,1,3,2,2,3,3,2,1,2,3,3,1,1,1,3,3,3,3,3,2,2,2,4,4,4,3,4,4,3,1,1,1,2,1,4,4,4,4,4,1,2,4,1,4,3,2,1,2,3,3,1,4,2,4,1,4,3,2,2,2,2,2,1
pid_534,1,1,1,2,1,4,1,4,4,4,4,2,2,4,4,4,4,4,1,2,1,2,1,2,4,1,2,3,2,1,2,2,3,3,1,1,2,2,1,2,1,1,2,2,2,2,2,1,2,1,4,4,4,4,4,4,4,4,4,2,3,3,4,4,2,4,4,1,2,4,3,4,3,2,2,4,3,2,1,4,1,4,1,4,2,1,1,1,1,2,1
pid_1407,1,1,1,1,1,4,2,4,4,4,4,2,1,4,4,4,4,4,1,2,1,2,2,2,4,2,2,3,2,3,2,2,2,3,2,1,2,3,2,1,1,1,3,3,3,2,2,2,1,1,4,4,3,3,4,4,4,4,4,3,4,2,4,4,2,4,4,1,2,3,2,3,2,2,1,3,3,2,1,4,1,4,1,4,3,2,1,2,3,3,1
pid_984,1,2,1,1,1,4,3,4,4,4,4,1,3,4,2,4,1,4,2,4,3,4,3,3,4,4,4,4,1,4,4,4,4,4,3,1,4,4,4,1,1,2,3,4,3,3,3,3,1,3,2,2,2,2,2,3,2,1,1,1,2,1,4,4,4,4,4,1,4,1,1,1,4,4,1,2,4,4,1,4,1,4,1,4,4,4,4,3,4,3,4
pid_663,1,1,1,1,1,1,1,4,1,4,4,1,1,3,4,2,4,4,1,1,1,2,2,2,1,1,4,4,4,1,2,4,2,4,3,4,3,2,1,4,1,1,3,2,2,2,4,2,4,1,3,4,4,4,3,4,4,2,1,2,2,2,1,1,1,1,1,1,4,4,4,2,4,4,1,3,3,2,1,2,4,4,1,4,3,1,1,1,1,1,1
pid_304,1,1,1,1,1,4,1,4,4,4,4,1,4,1,1,2,1,3,1,1,1,1,1,1,4,2,2,3,1,3,3,2,3,4,2,1,2,4,3,1,1,1,3,3,3,3,2,2,1,4,2,2,2,2,2,3,2,1,1,1,1,1,4,4,4,4,4,1,4,3,1,3,3,2,1,1,4,4,1,4,1,4,1,4,4,3,3,3,3,3,3
pid_1160,1,2,3,3,1,4,1,4,4,4,4,4,2,4,3,4,4,4,1,2,2,3,2,4,4,1,3,4,4,3,2,3,4,4,2,2,3,3,2,3,2,2,3,3,3,3,3,2,3,3,4,3,4,3,4,4,4,1,2,2,2,2,4,4,1,2,4,3,3,4,4,3,3,3,2,3,3,2,1,4,2,3,1,4,2,2,4,3,1,3,4
pid_24,1,4,1,1,1,1,3,1,1,1,1,4,4,2,2,2,2,4,3,3,3,4,3,4,1,1,4,4,4,1,3,4,2,4,4,4,4,1,3,4,4,4,4,3,4,3,4,2,4,3,2,4,4,4,3,2,4,1,1,1,1,1,1,1,1,1,1,1,4,4,1,2,4,4,1,2,4,1,1,1,4,2,1,2,1,1,4,4,1,4,4
pid_1449,1,2,1,1,1,4,1,4,4,4,4,4,4,4,2,2,4,4,2,4,3,4,2,3,4,3,2,3,1,4,4,4,3,4,3,1,2,4,3,3,1,3,3,3,3,3,3,2,1,3,2,4,4,2,4,2,2,1,1,1,1,1,4,4,4,4,4,1,2,3,1,2,3,3,1,2,4,3,1,4,1,4,1,4,3,3,3,4,3,3,3
pid_1953,1,1,1,1,1,4,2,4,4,4,4,2,1,4,4,4,4,4,1,1,1,2,1,1,4,2,2,3,1,3,1,2,2,2,1,1,1,3,2,1,1,1,3,2,2,2,2,1,2,1,4,4,4,3,4,4,4,4,3,2,3,2,4,4,4,4,4,1,1,3,3,4,2,2,1,3,3,3,1,4,1,4,1,4,3,2,1,1,2,1,1
pid_1265,1,1,1,1,1,4,2,4,4,4,2,4,3,4,4,4,4,4,1,2,1,2,2,3,4,1,3,4,4,1,2,3,2,4,3,3,3,1,2,4,1,1,3,2,2,2,3,1,3,2,4,4,4,4,4,4,4,1,1,1,2,2,4,4,1,2,2,1,3,4,4,4,4,3,3,3,3,3,1,4,3,4,1,4,1,1,1,1,1,3,1
pid_566,1,1,2,2,1,4,1,4,3,4,4,4,3,2,1,2,1,4,1,3,2,2,2,3,4,1,4,3,3,2,3,4,3,4,3,3,3,2,3,4,2,2,3,3,3,3,3,2,4,3,2,2,2,2,1,2,1,1,1,1,1,1,4,4,1,1,2,3,3,4,1,2,4,3,1,2,4,2,1,2,3,4,1,4,3,2,3,3,2,3,3
pid_1098,1,1,1,1,1,4,3,4,4,4,4,4,2,2,2,2,3,4,1,1,1,1,1,1,4,3,1,4,1,4,4,4,4,4,3,1,2,4,4,1,1,1,4,3,4,3,3,2,1,2,3,2,3,2,2,3,2,1,1,1,4,1,4,4,4,4,4,1,4,2,1,4,4,3,1,2,4,4,1,4,1,4,1,4,4,4,1,1,4,3,1
pid_2013,1,1,1,2,1,4,1,4,4,4,4,3,1,4,4,4,4,4,1,2,1,2,1,2,4,2,2,2,1,3,2,2,2,3,2,1,1,3,2,1,1,1,3,3,2,2,2,1,1,1,4,4,4,3,4,4,4,2,3,2,2,1,4,4,3,4,4,1,2,3,3,4,2,1,1,2,3,3,1,4,2,4,1,4,3,2,1,1,2,2,1
pid_1702,1,3,1,3,1,4,4,4,4,4,2,4,4,4,1,4,4,4,3,3,3,4,4,3,4,2,4,4,4,3,3,4,4,4,3,2,3,4,3,4,4,3,3,3,3,3,3,1,3,4,3,2,4,4,1,4,2,1,1,1,1,1,4,4,4,4,4,3,3,4,2,2,4,3,1,3,4,3,1,4,2,4,1,4,3,3,4,4,4,4,4
pid_832,1,1,1,2,1,1,1,4,4,4,4,4,3,4,3,4,4,4,1,2,2,2,2,2,1,2,2,4,1,3,3,2,3,4,2,1,2,3,3,1,1,1,3,3,3,3,2,2,1,3,3,4,3,2,4,4,3,1,1,1,2,1,4,4,4,4,4,2,2,4,1,3,2,2,1,2,4,3,1,4,1,4,1,4,3,2,2,2,2,2,1
pid_528,1,2,1,1,1,4,2,4,4,4,4,4,3,4,3,4,4,4,1,2,2,3,2,2,4,3,2,3,1,3,2,2,3,3,2,1,2,4,3,1,1,1,3,3,3,2,2,2,1,3,3,3,4,2,4,4,3,1,1,1,2,1,4,4,4,4,4,1,2,4,1,3,3,2,1,2,4,4,1,4,2,4,1,4,3,3,3,3,2,2,2
pid_1381,1,1,2,1,1,1,1,1,2,4,2,1,1,4,4,4,4,4,1,2,1,4,3,4,1,1,4,4,4,1,1,4,3,4,3,4,3,2,2,4,1,1,3,3,3,2,3,2,4,1,4,4,4,4,4,4,4,4,1,1,2,2,2,2,1,1,1,1,4,4,4,4,4,3,3,3,2,1,1,4,4,4,1,4,2,1,1,1,1,2,2
pid_998,1,1,1,1,1,2,1,4,4,4,4,1,1,4,4,4,4,4,1,2,2,2,1,2,3,2,2,4,1,3,2,2,2,3,2,1,1,3,2,1,1,1,3,3,3,2,2,2,1,1,4,4,4,4,4,4,4,4,3,1,3,2,4,4,4,4,4,1,1,3,2,3,2,2,1,2,4,3,1,4,1,4,1,4,3,2,1,1,1,1,1
pid_482,1,1,1,1,2,1,1,4,4,4,4,1,2,4,1,4,4,4,1,2,1,3,2,2,1,1,2,3,1,1,2,2,3,2,2,1,2,3,2,2,1,1,3,3,3,3,2,2,2,3,2,4,4,2,4,4,4,1,1,1,1,1,4,4,1,4,4,1,1,3,1,2,2,2,1,2,3,2,1,4,2,4,1,4,3,1,1,1,1,2,2
pid_1901,1,2,1,1,1,1,1,2,2,4,2,1,3,4,3,4,4,4,1,3,1,4,4,4,1,1,4,4,4,1,1,4,1,4,3,2,3,1,1,4,3,1,2,2,3,3,3,1,3,2,4,4,4,4,4,4,3,2,1,1,1,1,1,1,1,1,1,1,3,4,1,3,4,4,3,2,2,1,1,2,4,4,1,4,1,1,1,1,1,2,2
pid_38,1,1,1,2,1,3,1,4,2,4,2,2,1,4,4,4,4,4,1,2,3,4,3,4,1,1,4,3,4,1,2,4,4,4,3,4,3,2,2,4,3,3,3,3,3,3,3,2,4,1,4,4,4,4,4,4,4,4,4,3,4,4,3,2,1,1,1,2,3,4,1,3,4,3,2,4,4,2,1,1,4,4,1,4,1,1,1,1,1,1,3
pid_318,1,1,1,1,1,1,1,4,2,4,4,2,1,4,4,4,4,4,1,1,1,2,2,2,1,1,4,4,4,1,2,3,2,4,3,3,3,2,2,4,2,1,2,2,2,2,3,2,3,1,4,4,4,3,4,4,4,4,2,2,3,3,3,3,1,2,4,1,2,4,4,4,4,3,3,3,2,1,1,4,2,4,1,4,2,1,1,1,1,2,1
pid_631,1,1,1,1,1,3,1,4,4,4,4,1,3,4,3,4,4,4,1,1,1,2,2,2,2,2,2,2,1,3,2,2,3,4,1,1,2,3,3,2,1,1,3,3,3,2,2,1,1,3,4,4,4,3,4,4,4,1,1,1,1,1,4,4,4,4,4,2,2,4,2,3,2,1,1,2,4,4,1,4,1,4,1,4,3,2,1,1,1,2,1
pid_1455,1,1,1,1,1,4,1,4,4,4,4,4,2,3,2,2,4,4,1,2,2,2,1,2,4,2,2,3,1,3,3,2,3,4,2,1,2,3,3,1,1,1,3,3,3,3,2,2,1,3,3,3,2,2,3,2,2,2,1,1,2,2,4,4,4,4,4,1,3,3,2,4,3,2,1,2,3,4,1,4,2,4,1,4,4,2,2,2,3,3,1
pid_1132,1,1,1,2,1,1,1,4,4,4,4,3,3,4,3,4,4,4,2,2,2,4,2,2,1,1,3,3,2,3,2,3,4,3,3,1,2,3,2,2,1,1,3,3,3,3,3,2,2,3,4,4,4,2,4,4,3,2,1,2,2,2,3,4,1,4,4,1,2,3,1,3,3,3,1,3,3,3,1,4,2,4,1,4,2,2,1,1,1,2,2
pid_76,1,1,1,1,3,1,1,1,1,4,1,1,2,4,2,4,4,4,1,2,1,2,3,3,1,1,4,4,4,1,2,3,2,4,3,4,3,2,2,4,1,1,2,2,2,2,4,2,4,2,3,4,4,4,4,4,4,4,1,1,1,1,1,1,1,1,1,1,3,4,4,2,4,4,3,4,2,2,1,2,4,4,1,4,1,1,1,1,1,3,1
pid_356,1,1,1,3,1,4,1,4,4,4,4,4,4,2,1,2,2,4,1,3,2,3,3,2,4,1,3,3,2,2,3,3,4,4,3,2,3,4,3,4,1,2,3,3,3,3,3,2,2,4,2,2,2,2,2,2,1,1,1,1,1,1,4,4,2,2,4,3,3,4,2,2,4,3,1,2,3,3,1,2,2,4,1,4,3,2,4,4,3,3,4
pid_705,1,1,1,1,1,2,1,4,4,4,4,1,1,4,4,4,4,4,1,2,1,2,2,2,2,2,2,2,1,2,2,2,2,2,2,1,1,3,2,1,1,1,3,3,3,2,2,1,1,1,4,3,4,3,4,4,4,4,4,2,3,2,4,4,4,4,4,1,1,4,2,3,2,2,1,3,3,4,1,4,2,4,1,4,3,2,1,1,2,2,1
pid_1561,1,2,1,1,1,4,1,4,4,4,4,4,4,2,2,2,4,4,3,4,3,4,2,3,4,3,2,4,2,4,3,4,4,4,3,2,2,4,4,1,2,2,3,3,3,3,2,2,1,4,2,2,2,3,1,3,2,1,1,1,1,1,4,4,4,4,4,1,3,3,2,2,2,3,1,2,4,4,1,4,1,4,1,4,3,3,3,3,3,3,4
pid_1006,1,1,2,2,1,2,1,2,2,4,4,1,3,4,2,4,4,4,1,2,2,3,3,3,1,1,4,4,4,1,2,4,2,3,3,3,3,2,1,2,2,1,3,2,3,2,3,1,4,3,4,4,4,4,4,4,4,1,1,1,2,1,3,4,1,1,4,1,4,4,4,3,4,3,2,3,2,1,1,4,4,4,1,4,2,1,2,2,1,4,4
pid_262,1,2,2,1,1,1,1,2,1,2,1,3,3,4,3,4,4,4,1,3,2,4,4,4,1,1,4,4,4,1,2,4,2,4,4,4,4,1,2,4,3,2,3,2,3,3,4,2,4,3,2,4,4,3,4,4,4,2,2,1,1,1,3,2,1,1,4,1,4,4,1,2,4,4,2,2,3,2,1,2,4,4,1,4,1,1,2,3,1,4,3
pid_1048,1,2,1,2,1,4,1,4,3,4,4,2,1,4,4,4,4,4,1,2,2,3,3,3,4,1,3,4,3,2,2,2,3,3,2,2,2,2,1,1,2,3,3,3,2,3,3,2,3,1,4,4,4,3,4,4,4,3,3,3,4,4,4,4,1,4,1,2,2,4,3,4,3,2,2,3,3,2,1,3,2,4,1,4,2,2,1,2,2,2,2
pid_1835,1,3,1,2,1,4,1,4,2,4,2,4,3,3,2,3,4,4,1,4,4,4,4,4,4,1,4,4,4,1,3,4,3,4,4,3,4,4,3,4,4,4,3,2,3,4,3,2,4,3,2,4,4,4,3,3,3,1,1,1,2,1,4,4,1,1,1,2,4,4,4,2,4,4,1,2,2,1,1,2,4,4,1,4,2,1,4,4,1,4,4
pid_906,1,1,1,2,1,3,2,4,2,4,2,3,3,3,2,2,2,4,2,3,3,4,4,4,4,1,4,4,3,1,3,3,4,4,4,3,3,2,3,3,3,3,3,3,3,3,4,2,3,3,4,2,4,4,2,3,4,1,1,1,1,1,4,4,1,2,2,2,3,4,3,3,4,3,2,3,3,2,1,3,3,4,1,4,3,2,3,4,2,4,3
pid_1485,1,1,2,2,1,4,2,2,3,4,4,1,2,2,2,2,2,4,1,2,1,2,2,3,4,1,3,3,3,1,2,3,3,4,3,3,3,2,2,4,2,2,3,3,3,3,3,2,3,2,2,4,4,3,3,4,3,2,1,2,2,2,4,4,1,1,2,2,3,4,1,3,3,3,2,3,3,2,1,2,3,4,1,4,2,1,1,2,1,3,2
pid_386,2,1,1,2,1,4,2,4,4,4,4,2,1,4,4,4,4,4,1,2,1,2,2,2,4,2,3,3,2,2,1,3,3,3,2,2,2,2,2,1,2,1,2,2,2,3,2,1,2,1,4,3,4,3,4,4,4,3,4,3,4,2,4,4,2,4,4,2,2,4,3,3,3,2,2,3,3,3,1,4,2,4,1,4,2,2,1,1,2,2,1
pid_1678,3,4,2,1,1,4,4,4,4,4,4,4,3,4,2,4,4,4,3,4,4,4,2,4,4,3,2,4,2,4,3,3,4,3,3,1,3,4,2,2,2,3,3,3,3,3,3,2,1,3,3,4,2,2,4,4,2,1,1,1,1,1,4,4,4,4,4,2,2,4,1,3,3,3,1,2,4,3,1,4,1,4,1,4,3,3,4,4,3,4,4
pid_1351,1,1,1,1,1,1,1,2,2,1,2,1,3,4,2,4,4,4,1,2,1,2,3,3,1,1,4,4,4,1,2,4,2,4,3,3,3,2,1,4,3,1,3,2,3,2,3,2,3,3,4,4,4,4,4,4,3,1,1,1,1,1,1,2,1,1,1,1,4,4,4,3,4,3,2,2,3,2,1,2,3,4,1,4,2,1,1,1,1,3,3
pid_948,1,1,2,1,1,3,1,4,4,4,4,4,2,4,4,4,4,4,1,2,1,2,2,2,2,1,4,3,4,1,2,3,2,3,2,3,3,2,1,3,1,1,2,2,2,2,3,2,3,1,4,4,4,4,4,4,4,2,2,1,1,2,3,4,1,1,2,1,4,4,4,4,4,3,3,3,3,2,1,2,4,4,1,4,2,1,1,1,1,2,1
pid_135,1,1,1,1,1,4,3,4,4,4,4,1,3,4,4,4,4,4,1,1,1,1,1,1,4,2,2,4,1,3,3,2,4,3,2,1,2,4,3,1,1,1,3,3,3,3,2,2,1,1,4,4,4,3,4,4,4,2,4,1,3,1,4,4,4,4,4,1,2,4,1,4,2,1,1,2,4,3,1,4,1,4,1,4,3,3,2,3,2,2,1
pid_452,1,1,1,1,1,1,1,4,4,4,4,1,1,4,4,4,4,4,1,1,1,1,1,1,1,1,3,4,3,1,1,3,2,2,2,1,1,1,1,1,1,1,2,2,2,2,2,1,3,1,4,4,4,4,4,4,4,4,4,2,3,3,4,4,1,3,2,1,3,4,4,4,4,2,3,4,2,1,1,4,1,4,1,4,2,1,1,1,1,1,1
pid_1636,1,1,1,1,2,3,1,4,4,4,4,3,1,3,3,3,4,4,1,2,1,2,2,2,2,1,2,3,1,3,2,2,2,3,2,1,2,3,2,2,1,1,3,3,3,2,2,2,1,1,2,4,2,3,3,4,4,4,3,2,3,2,4,4,4,4,4,1,2,3,2,4,2,2,1,2,3,4,1,4,2,4,1,4,3,2,1,1,2,2,1
pid_1060,1,1,1,1,1,4,1,4,4,4,4,1,1,4,4,4,4,4,1,1,1,1,1,1,4,1,1,3,1,3,2,2,2,2,1,1,2,3,2,1,1,1,3,2,2,2,2,2,1,1,4,4,3,2,4,4,3,4,1,2,4,2,4,4,4,4,4,1,2,3,2,4,2,1,1,2,3,3,1,4,1,4,1,4,3,2,1,1,1,1,1
pid_204,1,1,1,1,1,1,2,4,4,4,4,2,1,4,4,4,4,4,1,2,1,2,1,2,1,2,2,2,1,2,2,3,3,3,2,1,1,3,2,1,1,1,3,3,2,2,3,2,1,1,4,4,4,2,4,4,3,4,4,2,4,2,4,4,4,4,4,1,2,4,2,3,2,2,1,2,3,4,1,4,2,4,1,4,3,2,1,1,2,2,1
pid_763,1,1,1,1,1,2,1,4,4,4,4,1,2,4,3,4,4,4,1,2,2,2,1,2,2,2,2,3,1,3,1,2,3,3,2,1,2,3,2,1,1,1,3,2,3,3,2,2,1,2,4,4,4,3,4,4,4,1,1,1,1,2,4,4,4,4,4,1,2,4,1,4,2,1,1,2,3,3,1,4,1,4,1,4,3,2,2,2,2,1,1
pid_884,1,2,1,2,1,4,1,4,4,4,4,3,2,4,4,4,4,4,1,2,1,2,1,2,4,2,2,4,3,2,2,3,3,4,2,1,2,2,2,2,2,2,3,2,2,2,2,2,2,1,4,4,4,3,4,4,3,3,2,2,4,2,4,4,2,4,4,2,3,3,2,4,3,2,2,3,3,2,1,4,2,4,1,4,3,2,1,2,2,2,2
pid_1507,1,1,1,1,1,1,1,2,1,4,4,1,1,4,4,4,4,4,1,1,1,2,2,3,1,1,4,4,4,1,1,3,1,4,2,3,2,1,1,4,1,1,2,2,2,2,3,1,4,1,4,4,4,4,4,4,4,2,2,1,1,1,2,2,1,1,1,1,4,4,1,2,4,4,4,2,3,1,1,2,4,3,1,4,1,1,1,1,1,4,1
pid_1853,1,2,3,1,1,3,1,1,1,3,2,2,3,4,1,2,4,4,1,3,2,4,3,3,3,1,4,3,4,1,2,4,3,4,3,3,3,2,2,2,4,1,3,3,3,3,3,2,4,3,2,4,4,3,3,2,4,1,1,1,1,1,4,4,1,1,1,2,4,4,4,2,4,3,1,3,3,1,1,2,4,4,1,4,2,1,2,2,1,3,4
pid_1549,1,1,1,1,1,3,1,4,4,4,4,2,3,2,3,2,4,4,1,2,2,2,1,2,3,2,2,3,1,3,2,2,3,3,2,1,2,3,3,1,1,1,3,3,2,2,2,2,1,3,4,4,4,3,3,4,3,1,1,1,2,2,4,4,4,4,4,2,2,3,2,3,2,1,1,2,3,4,1,4,1,4,1,4,3,2,2,3,2,2,2
pid_1184,1,1,3,1,1,4,1,4,4,4,4,2,1,4,3,4,4,4,1,4,2,4,4,4,4,3,2,4,1,4,3,2,3,4,2,1,2,4,3,2,1,3,3,3,3,3,3,2,1,1,3,4,3,3,3,3,4,4,4,3,4,3,4,4,1,4,4,1,1,4,1,2,3,4,1,2,4,3,1,4,1,4,1,4,3,3,4,3,3,3,4
pid_687,1,1,1,2,1,4,1,2,2,4,2,1,3,4,2,3,4,4,1,2,2,3,3,3,4,1,4,4,4,1,2,4,2,4,3,3,3,2,2,4,2,2,3,2,3,2,3,2,4,3,2,4,4,4,4,4,3,1,1,1,1,1,4,4,1,1,1,2,3,4,1,4,4,4,4,2,2,1,1,2,4,4,1,4,2,1,1,2,1,2,4
pid_1379,1,1,1,1,1,4,1,4,4,4,4,1,2,4,3,4,4,4,1,2,1,1,1,1,4,2,2,3,1,3,3,2,2,4,1,1,1,4,2,2,1,1,3,3,2,2,2,2,1,1,4,4,4,2,4,4,3,3,2,1,2,1,4,4,4,4,4,1,1,4,2,3,2,2,1,2,4,4,1,4,1,4,1,4,4,2,1,1,2,2,1
pid_960,1,1,1,1,1,4,2,4,4,4,4,1,2,4,4,4,4,4,1,2,1,2,1,2,4,2,2,3,1,3,3,2,3,3,2,1,1,4,3,1,1,2,3,3,3,2,2,2,1,2,4,4,3,2,4,4,4,3,1,2,3,2,4,4,4,4,4,1,2,3,1,4,3,2,1,2,4,4,1,4,2,4,1,4,3,3,1,2,2,2,1
pid_434,1,1,2,1,1,4,3,4,4,4,4,3,1,3,4,3,3,4,1,2,1,3,2,2,4,3,2,4,1,3,2,3,4,3,3,1,2,3,3,2,2,2,3,3,3,3,3,2,1,1,3,3,4,3,3,3,4,4,2,2,3,3,4,4,4,4,4,1,2,3,2,3,3,2,1,3,3,3,1,4,2,4,1,4,3,3,2,2,3,2,2
pid_1650,1,1,1,1,2,4,1,4,4,4,4,1,3,2,3,2,3,4,1,1,1,1,1,2,4,3,2,3,1,3,3,2,4,3,2,1,1,4,3,1,1,1,3,3,2,2,2,1,1,2,4,3,4,2,3,4,3,1,1,1,2,1,4,4,4,4,4,2,1,4,1,3,2,2,1,2,3,4,1,4,1,4,1,4,3,2,2,2,1,2,1
pid_1337,1,2,1,2,1,2,3,4,4,4,4,4,3,4,2,2,4,4,2,3,3,3,2,2,2,2,2,3,1,3,3,2,3,3,2,1,2,3,3,3,2,2,3,3,3,3,2,2,2,3,3,4,4,2,4,2,2,1,1,1,1,1,4,4,4,4,4,2,2,4,1,4,2,2,1,2,3,4,1,4,2,4,1,4,3,3,3,3,3,3,3
pid_153,1,1,1,1,1,3,1,4,4,4,4,2,1,4,4,4,4,4,1,2,1,2,2,2,2,1,2,3,1,3,3,2,3,3,2,1,1,3,2,1,1,1,3,3,3,2,2,1,2,1,4,4,4,3,4,4,3,4,4,2,3,2,4,4,4,4,4,1,1,4,2,4,2,2,1,3,3,4,1,4,1,4,1,4,3,2,1,1,1,2,1
pid_500,1,1,1,1,2,4,3,4,4,4,4,1,3,2,2,1,1,4,1,2,2,2,2,1,4,2,2,3,1,3,3,4,4,4,2,1,1,4,3,1,1,1,3,3,3,3,2,1,1,3,4,4,4,2,2,3,3,1,1,1,3,2,4,4,4,4,4,1,3,3,1,3,4,1,1,2,4,4,1,4,1,4,1,4,4,3,1,1,3,2,1
pid_1883,1,1,1,2,1,4,1,4,4,4,4,4,1,4,4,4,4,4,1,1,1,2,1,2,3,1,3,3,3,1,2,2,2,2,2,2,2,2,2,1,1,1,2,2,2,2,2,1,3,1,4,4,4,4,4,4,4,3,2,2,4,3,4,4,1,1,3,2,2,4,4,4,3,2,2,3,2,1,1,4,2,4,1,4,2,1,1,1,1,2,1
pid_1764,1,1,1,1,2,4,1,4,4,4,4,2,3,4,2,4,4,4,1,2,2,2,2,2,4,2,2,3,1,3,3,2,3,4,2,1,2,3,3,1,1,1,3,3,3,3,2,2,1,3,3,3,3,2,4,4,2,1,1,1,1,1,4,4,4,4,4,1,2,3,1,3,2,1,1,2,4,3,1,4,1,4,1,4,3,3,1,1,2,2,1
pid_1203,1,3,3,1,1,4,1,1,1,2,1,4,4,4,2,3,3,4,1,3,2,4,3,4,4,1,4,4,4,1,3,4,3,4,4,4,3,2,2,4,4,4,3,3,3,3,4,2,4,3,2,3,4,4,4,4,3,1,1,2,2,2,4,4,1,1,1,2,4,4,4,2,4,4,1,4,3,2,1,2,4,4,1,4,1,1,4,4,1,4,4
pid_1599,1,2,4,2,2,1,2,1,1,1,1,1,4,4,1,4,4,4,1,3,2,4,4,4,1,1,4,4,4,1,3,4,1,4,3,4,3,2,2,3,3,1,3,2,3,3,4,2,4,4,4,4,4,3,4,2,2,1,1,1,1,1,1,1,1,1,1,1,4,3,4,2,4,3,4,1,3,1,1,2,4,2,1,1,3,1,1,1,1,3,4
pid_854,1,1,1,1,1,1,1,4,4,4,4,1,3,1,2,2,1,4,1,1,1,1,1,2,1,1,2,2,1,3,3,3,3,3,2,2,1,3,3,1,1,1,3,3,2,3,2,2,1,3,3,2,2,1,2,2,3,1,1,1,3,1,3,4,2,2,4,2,2,3,2,3,2,3,1,2,3,3,1,4,1,4,1,4,3,2,1,1,1,2,1
pid_1967,3,3,1,1,1,4,3,4,4,4,4,4,4,2,2,2,1,4,3,4,3,4,3,4,4,3,3,4,2,4,3,4,3,4,3,2,3,4,3,3,2,3,3,3,3,3,3,3,1,4,2,2,2,2,2,2,2,1,1,1,1,1,4,4,2,4,4,2,3,4,1,2,4,3,1,2,4,4,1,4,1,4,1,4,3,3,4,4,4,3,4
pid_1680,1,1,1,2,1,3,2,4,4,4,4,2,2,4,4,4,4,4,1,2,2,2,2,2,2,2,2,2,1,3,2,2,3,3,2,1,1,3,2,1,1,1,3,3,3,2,2,1,2,1,3,3,4,3,4,4,4,1,2,2,3,2,4,4,2,4,4,1,1,4,3,3,2,2,1,3,3,3,1,4,2,4,1,4,3,2,1,1,1,2,1
pid_619,1,1,1,1,3,2,1,2,1,3,2,1,1,4,4,4,4,4,1,2,1,2,3,3,2,1,4,4,4,1,1,4,2,4,3,3,3,2,1,4,3,1,3,2,3,2,3,1,4,1,4,4,4,4,4,4,4,4,4,2,2,2,3,3,1,1,1,1,3,4,4,3,4,3,3,3,3,2,1,2,4,4,1,4,3,1,1,1,1,3,1
pid_183,2,2,1,1,2,3,4,3,4,4,4,1,2,4,4,2,4,4,3,2,2,3,2,3,2,1,4,4,4,1,2,4,3,3,3,3,3,2,2,3,2,1,3,2,2,2,3,1,3,2,4,4,4,4,4,4,4,1,2,1,2,3,4,3,2,4,4,2,4,4,4,3,4,3,3,3,3,1,1,4,4,4,1,4,2,1,4,3,1,2,3
pid_10,1,1,1,1,2,1,4,4,4,4,4,3,3,4,2,4,4,4,1,2,2,2,1,2,3,3,2,3,1,4,3,2,4,3,2,1,2,3,4,1,1,1,3,3,3,3,2,1,1,3,4,3,3,3,4,4,2,1,1,1,1,1,4,4,4,4,4,1,2,3,1,3,3,2,1,2,4,4,1,4,3,4,1,4,4,4,2,2,3,1,1
pid_1929,1,1,1,1,2,1,1,2,2,4,4,1,1,4,3,4,4,4,1,1,1,2,2,2,1,1,4,4,4,1,2,4,4,3,3,2,3,2,1,3,1,1,3,2,2,2,3,2,3,2,4,4,4,3,4,4,4,2,3,1,2,2,3,2,1,2,2,1,3,4,1,3,4,3,2,3,3,2,1,4,3,4,1,4,3,1,1,1,1,4,1
pid_1154,1,1,1,1,2,4,3,4,4,4,4,4,4,2,2,2,4,4,1,2,2,2,2,1,4,2,2,4,1,3,3,2,3,3,2,1,2,4,3,1,1,1,3,3,2,2,2,2,1,3,3,3,3,2,3,3,2,1,1,1,1,1,4,4,4,4,4,1,2,4,2,3,3,2,1,2,4,4,1,4,3,4,1,4,3,3,3,3,4,2,4
pid_330,1,1,1,2,1,4,1,4,4,4,4,1,1,4,4,4,4,4,1,2,1,3,2,2,4,2,2,3,1,3,2,2,3,3,2,1,1,3,3,1,1,1,3,3,3,2,2,2,2,2,4,4,4,3,4,4,4,4,1,1,2,1,4,4,3,4,4,1,2,4,2,4,2,2,1,2,3,3,1,4,2,4,1,4,3,2,1,1,1,2,1
pid_657,1,2,1,2,1,1,2,4,3,4,4,4,2,4,3,4,4,4,1,2,2,3,3,3,1,1,4,3,4,1,2,3,3,3,2,1,3,2,1,3,3,2,3,3,3,3,3,2,3,2,4,4,4,4,2,4,3,1,1,1,1,1,2,2,1,2,4,2,3,3,3,3,4,3,2,2,3,3,1,4,2,4,1,4,3,1,2,2,1,4,3
pid_1433,1,2,1,3,1,1,1,3,4,4,4,2,1,4,4,4,4,4,1,2,1,2,3,2,1,1,3,4,2,2,2,3,3,3,2,2,2,2,2,2,2,1,3,3,3,2,3,1,2,1,4,4,4,3,4,4,4,4,2,2,3,2,2,3,2,2,4,2,2,4,2,3,3,2,1,3,3,2,1,4,2,4,1,4,2,1,1,2,1,4,2
pid_1550,1,1,1,1,1,4,3,4,4,4,4,3,4,2,2,2,2,4,2,2,1,2,1,2,4,3,2,4,1,4,3,3,4,4,2,1,2,4,3,1,1,1,3,3,2,2,3,2,1,3,3,3,2,2,3,3,2,1,1,1,1,1,4,4,4,4,4,1,2,4,1,3,3,2,1,2,4,4,1,4,2,4,1,4,4,3,1,2,3,2,1
pid_734,1,1,1,1,2,2,1,4,4,4,4,3,2,4,3,4,4,4,1,2,2,2,2,2,2,2,2,2,1,2,2,2,3,3,2,1,2,3,2,1,1,1,2,3,3,2,2,1,1,3,3,4,4,3,4,4,4,1,4,1,2,1,4,4,2,4,4,1,2,4,2,3,2,2,1,3,3,3,1,4,2,4,1,4,3,2,2,2,2,3,2
pid_253,1,1,1,1,1,4,1,4,4,4,4,4,1,4,3,2,4,4,1,1,1,1,1,1,4,2,1,3,1,3,3,2,4,3,1,1,2,4,3,1,1,1,3,3,3,3,2,2,1,1,4,3,4,2,4,4,3,2,1,1,3,1,4,4,4,4,4,1,1,2,2,4,2,1,1,2,4,4,1,4,1,4,1,4,4,2,1,1,2,3,1
pid_1037,1,1,1,2,2,3,2,2,3,4,2,1,3,3,2,2,4,4,1,1,1,2,2,3,3,1,4,4,4,1,2,4,2,4,3,2,3,2,2,4,2,1,3,2,2,2,3,2,3,2,4,4,4,4,4,4,4,1,1,1,1,1,4,4,1,1,1,2,3,4,4,3,4,4,2,2,2,1,1,2,3,4,1,4,2,1,1,1,1,2,2
pid_1284,1,1,1,1,3,4,1,4,4,4,4,1,1,4,4,4,4,4,1,1,1,1,1,1,4,2,2,2,1,3,3,2,3,3,1,1,1,3,2,1,1,1,3,3,2,3,2,2,1,1,4,4,4,2,4,4,4,4,4,1,4,2,4,4,4,4,4,1,1,4,1,4,2,1,1,2,3,4,1,4,1,4,1,4,3,2,1,1,1,2,1
pid_1079,1,1,1,1,3,4,1,4,4,4,4,1,3,4,2,4,4,4,1,3,1,3,1,2,4,2,2,3,1,4,3,3,4,3,2,1,2,4,3,1,1,2,3,3,3,3,2,2,2,3,3,4,3,2,3,4,4,4,1,1,1,1,4,4,4,4,4,1,3,3,2,4,2,2,1,1,4,3,1,4,1,4,1,4,3,2,1,1,2,2,2
pid_1804,1,1,1,2,1,2,1,4,4,4,4,2,2,4,4,2,3,4,1,2,1,2,1,2,2,1,4,4,3,1,2,4,2,4,2,1,2,2,2,2,1,1,2,2,2,3,3,2,3,2,4,4,4,3,4,3,3,1,1,1,2,2,4,4,1,2,4,1,3,4,1,3,3,3,1,3,3,2,1,4,3,4,1,4,3,1,1,1,1,1,1
pid_587,1,1,3,4,1,4,2,3,2,4,2,4,2,4,4,4,4,4,1,4,3,4,4,4,4,1,4,4,4,2,3,4,4,4,4,3,3,3,2,4,4,3,3,3,3,3,3,2,3,3,4,3,3,4,4,4,4,3,2,4,4,4,4,4,1,1,2,4,2,4,1,3,4,3,2,4,3,3,1,2,1,2,1,4,3,2,4,4,3,4,4
pid_937,2,3,1,1,1,4,1,4,4,4,4,4,3,4,2,3,4,4,3,3,3,4,3,3,4,2,3,4,2,4,3,3,4,4,3,2,3,3,3,2,3,3,4,3,3,3,3,2,2,3,2,2,2,2,3,3,4,1,1,1,2,1,4,4,4,4,4,1,4,3,1,3,3,3,1,2,4,4,1,4,1,4,1,4,4,3,4,4,3,4,3
pid_1649,1,1,1,1,1,4,2,4,4,4,4,4,3,2,2,2,4,4,1,2,1,1,1,1,4,2,2,4,1,3,3,2,3,3,2,1,2,4,3,2,1,1,3,3,3,3,2,2,1,3,2,3,3,3,3,3,3,1,1,1,2,1,4,4,4,4,4,1,3,3,2,3,2,2,1,2,4,3,1,4,2,4,1,4,3,3,2,2,2,3,1
pid_97,1,1,1,1,1,4,2,4,4,4,4,1,3,4,3,4,4,4,1,2,1,2,2,2,4,1,1,3,1,3,2,3,4,3,2,1,2,3,2,1,1,1,3,3,3,3,2,2,2,1,4,4,4,2,4,4,4,1,3,1,1,1,4,4,2,4,4,1,2,4,1,4,2,1,1,2,4,4,1,4,1,4,1,4,3,1,1,2,2,3,2
pid_979,1,1,2,1,1,2,1,4,4,4,4,2,2,3,2,2,2,4,1,2,1,3,1,2,2,1,2,2,1,3,3,2,3,4,2,2,2,4,3,2,1,1,3,3,3,3,2,3,2,3,3,3,2,2,3,3,3,1,1,1,3,1,4,4,4,4,4,1,3,4,2,3,2,4,1,2,3,4,1,4,4,4,1,4,3,1,1,1,1,2,1
pid_104,1,2,2,1,1,2,1,3,2,4,4,1,1,3,4,4,4,4,1,2,1,2,2,2,2,1,4,4,4,1,2,4,3,3,2,3,2,2,2,3,1,1,2,2,2,2,3,1,4,1,4,4,4,4,4,4,4,1,1,3,3,3,3,4,1,1,2,1,2,4,4,4,4,3,3,4,2,1,1,4,4,4,1,4,2,1,1,1,1,3,3
pid_1360,1,1,1,2,3,2,1,2,2,4,2,1,3,2,2,2,3,4,1,2,1,2,2,3,2,1,4,4,3,1,2,3,4,3,3,2,3,3,3,4,1,1,3,2,2,3,3,2,3,3,3,4,4,2,2,3,3,1,1,1,1,1,3,3,1,1,2,2,3,4,4,4,4,3,1,2,4,3,1,2,2,4,1,4,3,1,1,1,1,3,2
pid_1607,1,3,1,2,1,4,3,2,1,2,2,4,3,4,3,4,4,4,1,3,1,3,3,3,4,1,4,4,4,1,3,4,4,4,4,3,3,1,2,4,3,4,3,2,3,3,3,2,4,3,4,4,4,4,4,4,4,2,2,1,2,1,4,4,1,1,1,1,3,4,4,2,4,4,1,2,4,1,1,2,4,4,1,4,1,1,3,3,1,4,4
pid_463,1,1,1,1,1,3,1,4,4,4,4,4,3,4,2,4,4,4,1,2,2,2,1,2,4,2,2,3,1,3,3,2,3,3,2,1,1,3,2,1,1,1,3,3,3,3,2,1,1,3,3,2,3,2,3,3,2,1,1,1,1,1,4,4,2,4,4,1,2,4,2,4,3,1,1,2,3,4,1,4,1,4,1,4,3,3,1,1,2,2,1
pid_1254,1,1,2,2,1,3,1,2,2,4,2,3,1,4,4,4,4,4,1,2,1,3,3,3,2,1,4,4,4,1,2,3,2,4,3,3,3,2,2,4,3,2,3,2,2,3,3,1,3,1,4,4,4,4,4,4,4,3,2,3,3,4,3,2,1,2,2,2,3,4,4,3,4,3,3,4,2,1,1,2,4,4,1,4,2,1,2,2,1,2,3
pid_1733,3,3,2,1,1,4,3,3,1,2,1,4,4,2,1,1,1,2,1,3,3,2,3,3,4,1,4,4,4,1,2,4,2,4,4,3,4,2,3,4,3,1,3,2,3,3,4,2,4,4,2,2,4,4,2,1,3,1,1,1,1,1,4,4,1,1,2,3,4,4,4,2,4,4,1,1,4,2,1,1,4,4,1,4,3,1,4,4,1,4,4
pid_2022,1,1,1,2,1,1,1,4,4,4,4,4,1,4,4,4,4,4,1,2,1,2,1,2,1,1,2,2,2,3,2,2,2,3,2,1,2,3,2,2,1,1,3,3,2,3,2,2,2,1,3,4,3,3,4,4,4,4,3,2,3,2,4,4,2,2,4,1,2,3,2,4,2,2,1,2,3,3,1,4,1,4,1,4,3,1,1,1,1,2,1
pid_557,1,1,1,2,2,2,1,4,4,4,4,2,1,4,4,4,4,4,1,1,1,2,1,2,2,1,2,3,2,2,2,2,3,3,2,1,2,2,2,2,1,1,2,2,2,2,2,2,2,1,4,4,4,3,4,4,4,3,2,2,3,3,4,4,2,3,4,2,2,4,3,4,3,2,2,3,3,2,1,4,2,4,1,4,2,2,1,1,2,2,2
pid_1580,1,1,1,1,1,4,2,4,4,4,4,1,3,4,2,2,4,4,1,1,1,1,1,1,4,2,1,3,1,3,3,2,3,3,2,1,1,4,2,1,1,1,3,3,2,2,2,2,1,1,3,2,3,2,4,3,3,1,1,1,1,1,4,4,4,4,4,1,2,4,2,4,2,2,1,2,3,3,1,4,1,4,1,4,3,2,1,1,2,2,1
pid_803,3,3,1,2,3,4,3,4,4,4,4,1,2,4,2,2,4,4,2,3,2,2,2,2,4,2,3,4,2,3,3,3,4,4,2,1,3,3,3,2,1,2,3,3,3,3,2,2,1,3,3,4,3,2,2,3,4,2,1,2,3,2,4,4,4,4,4,2,3,3,2,3,3,3,1,2,4,3,1,4,1,4,1,4,3,3,3,4,3,3,3
pid_283,1,2,1,1,1,4,1,4,2,4,4,4,3,4,4,4,4,4,1,3,3,3,3,3,4,1,4,4,4,1,2,4,3,4,4,1,4,2,2,2,3,1,3,3,3,3,3,2,3,3,4,4,4,3,4,4,4,1,2,1,1,1,4,4,1,3,2,1,3,4,1,2,4,4,3,3,4,2,1,4,4,4,1,4,2,1,2,3,1,3,2
pid_519,1,2,2,2,1,1,1,1,1,3,2,1,1,4,4,4,4,4,1,1,1,2,3,3,1,1,4,3,4,1,2,3,2,3,3,3,3,2,2,4,2,1,2,2,2,2,3,1,4,1,4,4,4,4,4,4,4,4,2,2,2,2,1,1,1,1,1,1,3,4,4,4,4,3,3,3,2,1,1,2,4,4,1,4,1,1,1,1,1,3,3
pid_329,1,1,1,1,1,4,1,4,4,4,4,1,1,4,4,4,4,4,1,1,1,2,1,1,4,1,1,2,1,2,1,2,2,2,2,1,1,3,2,1,1,1,2,3,2,2,2,1,1,1,4,4,4,4,4,4,4,4,4,3,4,3,4,4,1,4,4,1,2,3,3,4,2,1,1,3,3,3,1,4,1,4,1,4,3,2,1,1,1,1,1
pid_1930,1,1,1,1,2,3,1,4,4,4,4,1,3,4,2,4,4,4,1,2,2,2,2,2,3,2,2,3,1,3,3,3,4,3,2,1,3,3,3,1,2,1,3,3,3,3,2,2,1,3,3,3,4,2,4,3,3,1,1,1,1,1,4,4,1,4,4,1,2,2,2,3,3,3,1,2,3,4,1,4,1,4,1,4,3,3,2,2,2,2,2
pid_1464,1,1,1,1,1,1,1,2,1,4,2,1,1,4,4,4,4,4,1,1,1,1,2,2,1,1,4,4,4,1,1,3,2,2,2,3,1,2,1,2,1,1,2,2,2,2,3,2,3,1,4,4,4,4,4,4,4,4,4,2,2,2,1,1,1,1,1,1,3,4,4,3,4,2,2,4,2,1,1,1,4,4,1,4,2,1,1,1,1,1,1
pid_600,1,1,1,1,4,4,3,4,4,4,4,2,4,4,2,4,4,4,1,2,2,3,2,2,4,1,2,2,1,3,3,2,3,4,2,1,2,4,3,1,1,1,3,3,3,2,2,3,1,3,2,4,4,2,4,3,2,4,2,1,1,1,4,4,4,4,4,1,2,3,1,3,2,2,1,2,4,4,1,4,1,4,1,4,4,3,1,3,2,2,2
pid_1699,2,1,1,2,1,4,1,4,4,4,4,3,1,4,4,4,4,4,1,2,2,2,2,2,4,2,2,3,1,3,3,2,2,3,2,1,2,3,2,1,1,1,3,3,3,3,2,2,2,1,3,3,3,3,3,4,4,4,1,3,4,2,4,4,4,4,4,1,1,4,3,4,2,2,1,3,3,3,1,4,2,4,1,4,3,2,2,2,2,2,2
pid_367,1,3,2,2,1,4,1,3,4,4,4,4,3,4,3,2,3,4,1,2,1,2,2,2,4,2,3,4,2,2,2,3,4,4,3,1,3,3,2,2,2,3,3,3,2,3,3,2,3,3,3,4,4,3,3,4,4,1,1,2,3,2,4,4,3,4,4,1,3,3,3,3,3,2,1,3,3,3,1,4,1,4,1,4,3,2,3,4,2,3,4
pid_47,1,3,2,1,1,3,1,2,1,4,2,1,1,4,4,4,4,4,1,2,1,3,3,3,2,1,4,4,4,1,3,4,2,3,4,3,4,1,2,4,4,2,3,2,3,2,3,1,4,1,4,4,4,4,4,4,4,4,4,2,2,2,4,2,1,1,1,1,4,3,4,2,4,4,3,3,3,1,1,2,4,4,1,4,1,1,1,2,1,3,3
pid_1103,1,1,1,1,1,2,1,4,4,4,4,3,1,4,4,4,4,4,1,2,1,2,1,2,4,3,1,2,1,3,2,2,3,2,1,1,1,3,2,1,1,1,2,3,3,2,2,1,1,1,4,4,4,2,4,4,2,4,1,1,2,1,4,4,4,4,4,1,1,4,2,4,2,1,1,2,4,4,1,4,1,4,1,4,3,2,1,1,1,2,1
pid_2044,1,1,2,1,1,3,1,2,2,4,3,4,1,3,4,3,4,4,1,1,1,1,2,2,2,1,4,4,3,1,3,4,2,4,3,3,3,1,2,4,2,1,3,2,3,2,3,2,3,1,3,3,3,3,3,2,3,2,1,2,2,2,3,4,1,1,2,2,4,4,4,3,4,3,3,4,3,2,1,2,4,4,1,4,2,1,1,1,1,4,2
pid_1755,1,1,1,1,1,4,1,3,4,4,4,1,2,2,4,3,3,4,1,2,1,2,2,3,2,1,4,3,2,1,2,3,3,4,2,3,3,2,3,1,1,1,2,2,3,2,3,2,3,1,4,4,4,4,4,4,4,2,1,2,3,3,4,4,1,1,4,1,3,4,4,4,4,3,1,3,3,1,1,3,4,4,1,4,1,1,1,1,1,4,1
pid_531,1,1,1,2,3,3,1,4,4,4,4,2,1,4,4,4,4,4,1,2,1,2,2,2,4,2,2,3,2,2,2,2,3,2,2,1,1,3,2,1,1,1,3,2,2,3,2,1,2,1,4,4,4,3,4,4,4,4,2,1,2,2,4,4,2,4,4,1,2,3,2,3,2,1,1,2,3,3,1,4,2,4,1,4,2,2,1,1,1,2,1
pid_1232,1,1,1,1,1,1,1,4,1,4,2,3,3,2,2,4,4,4,1,2,1,2,2,2,1,1,4,4,3,1,2,3,2,4,3,3,3,2,2,2,1,1,3,2,3,3,3,2,3,3,2,3,4,3,2,2,3,1,1,1,1,1,3,4,1,1,2,2,4,4,4,3,4,3,1,3,2,2,1,2,4,4,1,4,2,1,1,1,1,1,1
pid_1081,1,1,1,1,1,4,1,4,4,4,4,2,1,4,4,4,4,4,1,1,1,2,1,1,4,2,2,3,1,2,3,2,3,2,1,1,1,3,3,1,1,1,2,3,2,2,2,2,1,1,4,4,4,3,4,4,4,4,4,1,4,2,4,4,4,4,4,1,1,3,1,3,2,2,1,2,3,4,1,4,1,4,1,4,3,1,1,1,1,1,1
pid_865,1,1,1,1,1,4,1,2,2,4,4,1,2,4,3,4,4,4,1,2,2,2,2,2,4,1,4,4,4,1,2,3,3,3,3,3,3,2,2,3,2,1,3,2,2,2,3,2,3,1,4,4,4,4,4,4,4,1,2,2,2,2,4,4,1,2,2,1,3,4,4,3,4,3,2,3,3,2,1,4,2,4,1,4,2,1,1,1,1,3,2
pid_782,1,1,1,1,1,4,1,4,4,4,4,4,1,4,4,4,4,4,1,2,1,3,2,2,4,2,2,3,1,3,2,2,2,3,2,1,2,3,3,1,1,1,3,3,2,2,2,1,1,1,4,4,4,2,4,4,3,4,4,2,4,2,4,4,4,4,4,1,1,4,3,4,2,1,1,2,3,4,1,4,2,4,1,4,3,2,1,1,1,2,1
pid_1956,1,2,1,1,2,4,3,4,4,4,4,4,4,2,2,2,4,4,1,2,2,3,2,2,4,2,2,4,1,3,3,3,3,3,2,1,2,4,3,2,1,1,3,3,3,3,2,2,1,3,3,3,3,2,3,3,2,1,1,1,1,1,4,4,4,4,4,2,2,3,1,4,2,2,1,2,4,4,1,4,1,4,1,4,4,3,3,4,3,3,3
pid_628,1,1,1,3,1,2,1,4,4,4,4,3,3,3,2,2,3,4,1,2,1,2,2,2,2,2,3,3,2,3,3,3,3,4,3,2,3,3,3,3,1,1,3,3,2,3,3,2,2,3,2,3,1,2,2,2,3,1,1,2,2,1,3,4,2,4,4,3,3,4,2,3,3,3,1,2,3,2,1,4,2,4,1,4,3,2,2,2,3,3,2
pid_301,1,1,1,1,4,1,1,4,4,4,4,2,2,4,4,4,4,4,1,2,2,4,2,2,1,1,2,3,2,3,3,2,3,3,2,1,1,3,3,1,1,1,3,3,3,3,2,2,2,2,4,4,4,3,4,4,4,4,4,1,2,1,4,4,4,4,4,1,2,4,2,3,2,1,1,2,3,3,1,4,1,4,1,4,3,2,1,2,1,2,2
pid_1918,1,1,1,2,1,3,1,4,4,4,4,1,3,4,2,3,2,4,1,2,1,2,2,2,4,1,2,3,1,1,2,2,4,4,2,1,2,3,2,1,1,1,2,3,2,2,2,2,1,2,4,4,4,3,4,4,3,1,1,1,2,1,4,4,1,4,4,1,2,4,3,4,3,2,1,3,3,2,1,4,1,4,1,4,3,2,1,1,1,2,1
pid_1165,1,1,1,2,3,1,1,2,4,4,4,1,4,4,2,4,4,4,1,2,1,3,2,3,1,1,3,4,2,2,2,3,4,4,2,2,2,3,2,3,1,1,3,2,3,3,2,2,2,3,4,4,4,4,4,4,3,1,1,1,1,1,2,3,1,1,4,2,3,4,3,3,3,3,2,2,3,3,1,3,1,4,1,4,3,2,1,1,1,1,2
pid_21,1,1,1,2,1,3,2,4,4,4,4,4,2,4,4,4,4,4,1,2,1,2,2,3,2,1,3,4,4,1,2,3,3,4,2,2,2,2,2,3,1,1,3,2,3,3,3,2,3,1,4,4,4,3,4,4,4,2,4,1,2,1,4,4,1,3,2,1,2,4,3,4,4,2,2,3,3,2,1,4,1,4,1,4,2,1,3,1,1,3,2
pid_1402,1,2,1,2,4,4,4,4,4,4,4,4,2,4,4,4,4,4,2,3,2,2,3,3,4,1,2,3,3,1,2,2,3,3,2,1,2,3,2,4,3,2,3,3,2,3,2,2,3,1,4,4,4,4,4,4,4,4,4,3,4,3,4,4,1,4,4,2,2,4,3,3,3,2,2,3,3,2,1,4,2,4,1,4,2,2,4,3,3,3,3
pid_981,1,1,1,2,3,3,1,4,4,4,4,1,1,4,4,4,4,4,1,1,1,2,1,2,2,2,2,2,1,2,2,2,2,2,1,1,1,3,2,1,1,1,2,3,2,2,2,2,2,1,4,4,4,4,4,4,4,4,4,2,4,3,4,4,1,3,2,1,2,4,3,4,2,2,2,3,2,1,1,4,2,4,1,4,2,1,1,1,1,1,1
pid_1398,1,1,1,2,2,3,2,4,4,4,4,2,3,3,2,2,4,4,1,2,1,2,2,2,2,2,3,3,2,3,3,3,4,3,3,2,2,3,3,3,2,2,3,3,3,3,2,3,2,3,3,4,2,2,3,3,2,1,1,2,2,1,4,4,2,2,4,2,3,4,3,2,3,3,1,2,4,3,1,4,2,4,1,4,3,2,1,2,2,3,1
pid_666,1,1,1,1,1,4,2,4,4,4,4,2,3,4,1,2,4,4,1,3,2,2,2,2,4,3,2,4,1,4,3,3,3,3,2,1,2,3,3,1,1,1,3,3,3,3,3,2,1,4,2,3,2,2,2,2,2,1,1,1,1,1,4,4,4,4,4,1,3,3,1,4,3,3,1,2,4,3,1,4,2,4,1,4,4,3,3,3,3,2,2
pid_235,1,1,1,2,1,3,2,4,4,4,4,4,2,4,4,4,4,4,1,1,1,1,2,1,2,1,3,4,3,2,2,3,4,3,3,2,1,2,1,2,2,1,3,2,3,3,2,1,2,1,4,4,4,4,4,4,4,2,4,1,1,1,4,4,1,4,4,2,2,4,2,4,3,2,2,3,3,2,1,4,1,4,1,4,2,2,3,3,2,3,2
pid_1051,1,1,1,1,2,4,1,4,4,4,4,1,4,4,1,4,4,4,1,2,2,2,1,1,4,3,2,4,1,4,3,3,4,4,2,1,1,4,4,1,1,1,3,3,3,3,2,3,1,4,1,4,2,2,2,2,2,1,1,1,1,1,4,4,4,4,4,1,1,3,1,4,2,1,1,1,4,4,1,4,1,4,1,4,4,3,1,2,3,2,3
pid_1536,1,1,1,2,1,4,2,4,4,4,4,4,1,4,2,4,4,4,2,3,2,4,2,4,4,1,4,3,2,3,3,4,4,4,2,2,3,4,4,2,1,2,3,3,3,3,3,1,2,3,3,4,2,2,4,3,3,1,1,1,2,1,4,4,4,4,4,1,3,4,3,3,3,3,1,2,3,3,1,4,2,4,1,4,3,1,1,3,2,2,2
pid_752,2,3,1,1,4,4,4,4,4,4,4,4,1,4,4,3,4,4,3,3,3,4,3,3,4,3,2,3,1,4,4,3,4,4,3,1,2,4,4,3,2,3,3,3,3,3,2,2,1,1,4,3,2,1,3,3,4,3,4,4,4,4,4,4,4,4,4,1,4,4,1,3,3,3,1,2,4,4,1,4,1,4,1,4,4,3,4,4,4,4,4
pid_1785,1,1,1,1,1,1,1,3,3,4,4,1,1,4,4,4,4,4,1,1,1,1,1,2,1,1,4,3,4,1,2,3,2,4,3,3,3,2,1,1,2,1,2,2,2,2,3,1,3,1,4,4,4,4,4,4,4,2,1,1,1,2,3,4,1,1,2,1,2,4,4,4,4,2,2,4,2,2,1,4,2,4,1,4,2,1,1,1,1,2,1
pid_1862,1,1,1,1,1,4,3,4,4,4,4,1,2,4,4,4,4,4,1,1,1,2,1,2,4,3,2,4,1,4,3,3,4,3,2,1,2,4,3,1,1,2,3,3,3,3,2,1,1,1,4,4,2,2,4,4,3,3,4,1,3,1,4,4,4,4,4,1,2,3,1,3,3,2,1,3,4,3,1,4,1,4,1,4,3,3,2,3,3,3,3
pid_1578,1,1,2,2,1,4,2,4,4,4,4,4,2,4,4,4,4,4,1,2,1,2,2,2,4,2,3,3,2,2,2,3,3,3,2,1,2,3,2,1,1,1,3,3,2,2,2,2,3,1,4,4,4,3,4,4,4,2,1,2,3,3,4,4,2,4,4,1,2,4,2,4,3,2,1,3,3,2,1,4,1,4,1,4,3,1,1,2,2,2,1
pid_951,1,1,1,2,1,1,1,4,2,4,4,1,3,4,2,4,4,4,1,3,2,3,2,3,1,1,4,4,4,1,3,4,3,3,3,3,3,2,3,4,2,2,3,2,3,3,3,1,3,3,3,3,4,3,4,4,3,2,1,2,2,2,2,2,1,1,2,2,3,4,4,3,4,3,2,3,3,2,1,4,4,4,1,4,3,1,3,3,1,3,3
pid_1348,1,1,1,1,4,4,3,4,4,4,4,4,2,4,3,4,4,4,1,2,1,2,2,2,4,2,2,3,1,3,2,2,3,3,2,1,2,3,2,1,1,1,2,3,3,2,2,2,1,2,4,4,4,2,4,4,4,4,4,1,3,2,4,4,4,4,4,1,2,3,1,3,2,2,1,2,3,4,1,4,1,4,1,4,3,3,2,2,3,2,1
pid_1661,1,1,2,4,3,4,1,4,4,4,4,1,4,4,2,2,4,4,1,2,1,2,1,1,4,2,2,3,1,3,2,2,4,4,2,1,3,3,3,1,1,1,3,3,3,3,2,2,1,4,1,2,4,2,3,3,3,1,1,1,1,1,4,4,4,4,4,3,1,4,1,3,3,2,1,1,4,3,1,4,1,4,1,4,3,3,4,4,3,2,4
pid_1986,1,3,2,2,1,4,2,3,2,4,2,2,3,4,2,3,4,4,1,3,2,4,3,3,4,1,4,4,4,1,2,4,3,4,3,3,3,2,2,4,3,3,3,2,3,3,3,1,4,3,2,4,4,4,3,4,4,1,1,1,1,1,4,4,1,1,1,2,4,4,1,2,4,3,2,2,3,1,1,1,2,4,1,4,3,1,4,2,1,1,4
pid_405,1,1,1,1,1,1,1,4,4,4,4,3,1,4,4,4,4,4,1,2,1,2,2,2,1,2,2,2,1,2,2,2,3,2,2,1,1,3,2,1,1,1,3,2,2,2,2,1,2,1,4,4,4,3,4,4,3,4,4,2,4,2,4,4,4,4,4,1,1,4,2,4,2,2,1,2,3,3,1,4,1,4,1,4,3,2,1,1,1,2,1
pid_162,1,1,1,1,1,1,1,2,2,4,4,4,1,4,4,4,4,4,1,1,1,1,2,2,1,1,4,4,4,1,1,4,1,3,3,4,3,2,1,1,1,1,3,2,3,2,3,1,3,1,4,4,4,4,4,4,4,4,2,2,2,2,1,1,1,1,1,1,4,4,4,3,4,3,4,3,1,1,1,4,4,4,1,4,2,1,1,1,1,1,1
pid_1306,1,1,1,1,1,4,1,4,4,4,4,1,2,4,4,4,4,4,1,1,1,2,1,1,4,2,2,2,1,3,2,2,3,2,1,1,1,3,2,1,1,1,3,3,3,3,2,2,1,1,4,4,4,4,4,4,4,4,2,2,4,2,4,4,4,4,4,2,2,4,2,4,2,2,1,2,3,3,1,4,1,4,1,4,3,2,3,2,2,3,3
pid_1830,1,1,1,2,1,4,1,4,3,4,4,2,1,4,4,4,4,4,1,2,1,2,2,2,4,2,3,3,2,2,2,3,3,3,2,2,2,3,2,4,2,2,3,3,2,2,2,1,2,1,4,4,4,3,4,4,4,4,2,3,4,3,4,4,2,3,4,2,2,4,2,4,3,2,2,3,3,3,1,4,2,4,1,4,2,2,1,2,2,2,2
pid_229,1,1,1,1,1,4,1,4,4,4,4,1,3,4,2,3,4,4,1,2,1,2,1,1,4,2,2,3,1,4,3,3,3,2,2,1,2,3,3,1,1,1,3,3,3,3,3,3,1,3,2,3,2,2,3,2,3,1,1,1,1,1,4,4,4,4,4,1,3,3,1,4,2,2,1,2,3,4,1,4,1,4,1,4,4,3,2,2,2,3,2
pid_1003,1,1,1,1,2,1,2,2,2,4,3,2,3,3,2,2,4,4,1,2,2,3,3,3,1,1,4,4,4,1,2,4,2,4,4,3,3,2,2,3,2,2,3,3,3,3,3,2,4,3,2,4,4,4,2,3,2,1,1,1,1,1,2,2,1,1,2,2,3,3,1,2,4,4,1,3,3,1,1,4,4,4,1,4,2,1,2,2,1,2,2
pid_267,1,1,1,2,1,1,1,4,4,4,4,1,1,4,4,4,4,4,1,2,1,2,1,2,1,1,2,3,1,1,2,2,3,2,2,1,2,2,2,1,1,1,3,3,2,2,2,2,2,1,4,4,4,2,4,4,3,4,2,3,4,2,4,4,1,4,2,1,2,4,2,3,3,2,1,3,3,3,1,4,2,4,1,4,2,1,1,1,1,1,1
pid_1799,1,1,1,2,1,2,1,4,4,4,4,3,4,4,2,3,4,4,1,4,2,4,3,4,3,2,2,3,1,4,3,3,3,3,3,2,2,3,3,2,2,1,3,3,3,3,3,2,2,4,2,3,2,2,3,2,3,1,1,1,1,1,4,4,4,4,4,2,3,4,1,4,3,2,1,2,3,3,1,4,2,4,1,4,3,2,2,3,3,2,3
pid_700,1,1,1,2,2,2,1,4,4,4,4,1,1,4,4,4,4,4,1,1,1,1,1,1,2,1,3,2,1,1,1,2,3,2,2,2,2,2,1,1,1,1,2,2,2,2,2,2,2,1,4,4,4,4,4,4,4,4,2,2,4,2,4,4,2,2,4,1,1,4,3,4,3,2,2,3,3,2,1,4,1,4,1,4,2,1,1,1,1,2,1
pid_1564,1,1,1,1,1,1,1,4,4,4,4,2,1,4,3,4,4,4,1,2,1,2,2,2,1,2,2,3,1,4,3,3,2,3,2,1,2,3,3,1,1,1,3,3,3,3,2,2,1,1,4,4,2,2,3,4,3,2,2,1,4,1,4,4,3,4,4,1,2,3,1,3,3,2,1,2,3,4,1,4,1,4,1,4,4,2,1,1,2,2,1
pid_9,1,1,1,1,1,3,1,4,4,4,4,1,1,4,4,4,4,4,1,2,1,2,2,2,3,2,2,2,1,3,2,2,3,3,2,1,1,3,2,1,1,1,2,3,3,3,2,2,1,1,4,4,4,3,4,4,4,4,4,1,3,2,4,4,4,4,4,1,1,4,2,4,2,2,1,2,3,3,1,4,2,4,1,4,3,2,1,1,2,2,1
pid_457,1,1,1,2,4,1,1,1,2,4,4,1,1,4,4,4,4,4,1,1,1,2,2,2,1,1,4,3,3,1,1,3,3,3,2,3,3,2,2,1,1,1,2,2,2,2,3,1,3,1,4,4,4,4,4,4,4,4,4,2,2,2,2,3,1,1,4,1,2,4,4,4,4,3,3,4,2,2,1,2,4,4,1,4,1,1,1,1,1,2,1
pid_1633,1,1,1,1,1,1,1,4,4,4,4,1,1,4,4,4,4,4,1,1,1,3,1,2,1,1,4,4,3,1,1,4,2,4,2,2,3,2,2,1,2,1,3,2,3,2,3,1,2,1,4,4,4,2,4,4,3,4,2,2,3,3,3,4,1,1,2,1,3,4,1,3,4,3,2,2,3,2,1,4,4,4,1,4,2,1,1,1,1,1,1
pid_1354,1,1,1,1,2,1,1,4,4,4,4,2,2,3,4,2,4,4,1,2,1,2,2,2,1,1,4,4,4,1,2,3,3,4,3,3,3,2,2,2,1,1,3,2,2,2,3,2,3,2,4,4,4,3,4,4,3,4,1,1,3,2,3,4,1,2,4,1,3,4,4,3,4,3,3,4,3,2,1,4,3,4,1,4,2,1,1,1,1,2,1
pid_130,1,1,1,2,1,4,1,4,4,4,4,1,1,4,4,4,4,4,1,1,1,1,2,2,4,1,2,2,2,1,2,2,3,3,2,1,1,2,1,2,1,1,2,2,2,2,2,2,2,1,4,4,4,3,4,4,4,4,4,3,3,2,4,4,1,2,4,1,2,4,3,4,2,2,2,4,3,2,1,4,1,4,1,4,2,1,2,2,1,2,2
pid_419,1,1,2,2,1,1,1,4,4,4,4,1,1,4,4,4,4,4,1,2,1,3,1,2,1,2,2,3,1,3,3,2,3,3,3,1,2,3,2,1,1,1,3,3,3,3,2,2,2,1,4,4,4,2,4,4,4,2,2,1,3,1,3,4,1,4,4,1,1,4,2,4,2,1,1,2,3,4,1,4,1,4,1,4,3,2,1,1,2,3,2
pid_383,1,1,1,1,1,1,1,1,1,1,2,1,3,4,3,4,4,4,1,1,1,2,3,3,1,1,4,3,4,1,1,3,2,3,2,3,3,1,1,1,2,1,2,2,2,2,3,1,3,1,4,4,4,4,4,4,4,4,2,1,1,1,1,1,1,1,1,1,3,4,4,3,4,3,3,3,2,1,1,2,4,4,1,4,2,1,1,1,1,2,2
pid_903,1,1,1,1,1,2,1,4,4,4,4,3,1,4,4,4,4,4,1,2,1,2,2,2,1,1,4,3,3,1,2,3,2,3,3,2,3,1,2,2,1,1,3,2,3,3,3,2,3,1,4,4,4,2,4,4,3,4,3,2,2,3,4,3,1,2,4,2,3,4,1,4,4,3,3,3,2,2,1,4,3,4,1,4,2,1,1,1,1,1,1
pid_1480,1,1,1,1,3,4,1,4,4,4,4,1,2,3,2,4,4,4,1,2,1,2,1,2,4,2,2,2,1,3,2,2,4,3,2,1,1,4,3,1,1,1,3,3,3,2,2,2,1,3,4,2,3,2,3,4,3,4,1,1,1,1,4,4,4,4,4,1,1,4,1,3,2,1,1,2,3,4,1,4,1,4,1,4,3,3,1,1,3,2,1
pid_2058,1,1,2,1,1,1,1,4,4,4,4,4,1,4,4,4,4,4,1,2,1,1,2,1,1,1,1,3,1,2,2,2,3,3,2,1,2,3,2,1,1,1,3,3,3,3,2,1,1,1,4,4,4,3,4,4,4,4,2,1,3,2,4,4,4,4,4,1,1,3,2,4,2,2,1,2,3,3,1,4,1,4,1,4,3,2,1,1,2,3,1
pid_1749,1,1,1,1,1,1,1,2,2,4,3,1,3,4,4,4,4,4,1,2,1,2,2,3,1,1,4,4,2,1,2,3,2,2,2,3,3,2,2,2,1,1,3,2,3,3,3,2,3,2,3,4,4,3,4,2,4,2,1,1,2,1,1,1,1,1,1,1,3,3,4,3,4,4,2,2,3,2,1,2,4,4,1,4,3,1,1,1,1,1,1
pid_837,1,1,1,1,1,4,1,4,4,4,4,1,1,4,4,4,4,4,1,2,1,2,1,2,4,1,1,2,1,3,3,2,3,2,1,1,1,3,2,1,1,1,3,3,3,2,2,2,1,1,4,4,4,1,4,4,4,4,4,2,4,2,4,4,4,4,4,1,1,3,2,3,2,1,1,2,3,4,1,4,1,4,1,4,3,1,1,1,1,2,1
pid_563,1,1,1,1,1,4,1,4,4,4,4,1,2,4,2,4,4,4,1,2,1,2,1,2,4,2,2,4,1,2,2,2,3,3,2,1,2,3,2,1,1,1,2,3,3,2,2,1,2,1,4,4,4,3,4,4,4,1,1,1,1,1,4,4,4,4,4,1,1,3,2,4,2,1,1,2,3,3,1,4,1,4,1,4,3,2,1,1,2,2,1
pid_2016,1,1,1,1,1,2,1,4,2,4,4,1,3,2,2,2,2,4,1,2,1,2,2,3,1,1,4,4,3,2,3,3,2,3,3,2,2,3,2,1,1,1,3,3,3,3,3,2,3,3,2,3,2,2,2,2,3,1,1,1,2,1,4,4,2,2,2,1,4,4,4,4,4,3,1,2,3,3,1,4,3,4,1,4,3,1,1,1,2,1,1
pid_1707,1,1,1,2,1,1,1,4,4,4,4,4,3,3,2,2,4,4,1,2,1,2,2,2,1,1,3,3,2,1,2,3,3,3,2,1,2,3,2,1,1,1,2,3,3,3,3,2,2,3,2,4,4,3,3,2,4,1,1,1,1,1,3,4,1,1,4,2,2,4,2,3,3,2,2,2,3,2,1,4,2,4,1,4,2,1,1,1,1,2,1
pid_1260,1,1,1,1,1,4,3,4,4,4,4,4,3,4,3,4,4,4,1,2,2,2,2,2,4,3,2,4,1,3,3,2,4,3,2,1,2,4,3,1,1,1,3,3,3,2,2,1,1,3,4,4,4,2,4,4,3,1,1,1,1,1,4,4,4,4,4,1,2,4,1,3,3,2,1,2,3,4,1,4,2,4,1,4,3,3,1,2,2,2,1
pid_879,1,1,1,3,4,2,1,3,4,4,4,3,4,4,2,2,4,4,1,3,2,4,3,4,3,2,3,2,2,2,2,4,3,4,2,2,3,3,3,3,2,2,2,3,3,3,3,2,3,4,1,4,4,4,2,2,1,4,1,1,1,1,3,3,1,1,2,3,3,4,2,4,4,3,1,1,3,3,1,4,2,4,1,4,3,2,4,3,2,3,4
pid_1137,4,4,1,1,4,4,4,4,4,4,4,4,4,4,2,4,4,4,4,4,4,4,4,4,4,2,4,4,2,4,4,4,4,4,4,1,3,4,4,4,4,4,4,3,3,4,4,2,3,4,2,2,2,2,2,2,2,4,4,1,1,1,4,4,1,4,4,1,4,1,1,1,3,4,1,2,4,3,1,4,1,4,1,4,3,4,4,4,4,4,4
pid_73,1,3,2,1,1,4,1,4,4,4,4,2,2,4,4,4,4,4,1,4,2,4,3,3,4,2,2,3,2,3,3,2,4,3,3,1,3,3,3,1,2,3,3,3,3,3,2,2,2,2,4,4,4,2,4,4,3,3,2,3,4,2,4,4,3,4,4,1,3,4,1,3,2,3,1,3,4,3,1,4,1,4,1,4,3,2,3,3,3,3,3
pid_353,1,2,3,1,1,1,1,1,1,4,2,1,1,4,4,4,4,4,1,2,1,3,3,3,1,1,4,4,4,1,1,4,2,4,4,4,4,1,2,4,3,1,3,2,2,2,4,2,4,1,4,4,4,4,4,4,4,4,1,1,1,1,1,2,1,1,1,1,3,4,1,3,4,4,3,2,4,1,1,1,4,4,1,4,2,1,1,1,1,3,3
pid_634,1,1,1,1,2,4,2,4,4,4,4,1,4,2,2,2,2,3,1,2,2,3,1,2,4,3,2,4,1,3,3,3,4,4,2,1,2,4,3,1,1,1,3,3,3,2,2,1,1,3,2,2,3,2,2,2,2,1,1,1,1,1,4,4,4,4,4,1,1,4,1,4,2,2,1,1,4,4,1,4,1,4,1,4,3,3,3,3,3,3,3
pid_1450,1,1,1,1,1,4,3,4,4,4,4,3,3,2,2,2,2,4,1,2,2,2,2,2,4,3,3,4,1,3,3,3,4,3,3,1,3,3,3,2,1,2,3,3,3,3,2,1,2,3,4,3,4,3,3,3,3,1,1,1,2,2,4,4,4,4,4,1,2,3,1,4,2,3,1,3,4,4,1,4,1,4,1,4,3,4,3,3,3,3,2
pid_487,1,3,2,2,1,2,1,4,4,4,4,4,3,2,2,2,2,4,2,3,3,3,3,3,2,1,3,4,4,3,3,4,4,4,4,3,3,2,3,3,3,2,3,3,3,3,3,2,3,3,2,2,2,3,2,2,3,1,1,2,3,3,4,1,1,1,4,2,3,2,4,2,4,3,2,3,4,3,1,2,2,4,1,4,3,2,4,4,2,4,4
pid_1904,1,1,1,2,1,3,2,4,4,4,4,2,3,4,2,4,4,4,2,2,2,3,2,2,4,2,2,3,1,3,3,2,3,3,2,1,2,3,3,2,1,1,3,3,3,3,2,1,2,3,2,3,4,3,3,3,3,1,1,1,1,1,4,4,2,4,4,2,2,3,2,4,3,2,1,3,3,3,1,4,2,4,1,4,3,2,2,2,2,3,2
pid_1179,1,2,1,1,3,4,2,4,4,4,4,1,3,4,3,4,4,4,1,1,1,3,1,1,4,1,1,3,1,3,2,1,3,2,1,1,1,4,2,1,1,1,3,3,3,3,2,1,1,1,4,4,4,3,3,4,4,4,3,1,3,1,4,4,4,4,4,1,1,4,2,3,3,2,1,2,4,3,1,4,1,4,1,4,3,2,2,2,2,2,2
pid_1384,1,1,1,1,2,1,1,3,2,4,3,1,2,4,4,4,4,4,1,2,1,3,3,3,1,1,3,3,4,1,2,3,2,4,3,3,3,2,2,3,2,1,3,2,3,3,3,1,3,1,4,4,4,4,4,4,4,2,2,2,1,2,3,4,1,1,1,1,3,4,1,3,4,3,3,3,3,1,1,4,4,4,1,4,3,1,1,1,1,4,2
pid_1248,1,1,1,1,1,4,2,4,4,4,4,1,2,4,4,3,4,4,1,2,1,2,1,2,4,2,2,4,1,3,2,2,2,2,2,1,1,4,3,1,1,1,2,3,2,2,2,2,1,1,4,3,4,2,4,4,3,3,2,1,4,2,4,4,4,4,4,1,1,4,1,4,3,1,1,2,3,3,1,4,2,4,1,4,4,2,1,1,2,2,2
pid_851,1,1,1,2,1,3,2,4,4,4,4,3,2,4,2,4,4,4,1,1,1,1,1,1,3,1,3,3,2,1,2,3,4,3,2,1,2,2,2,2,1,1,3,2,2,2,2,1,2,2,4,4,4,3,4,4,4,2,4,1,2,2,4,4,2,4,4,2,2,4,2,3,3,2,2,3,3,3,1,4,2,4,1,4,2,2,1,1,1,2,2
pid_1206,1,2,1,1,1,3,1,3,4,4,4,4,1,4,3,4,4,4,1,2,2,3,3,3,2,1,3,3,3,1,1,2,3,3,2,3,2,2,2,3,2,1,3,2,3,2,3,1,3,1,4,4,4,4,4,4,4,1,2,1,2,1,4,4,1,1,2,1,3,4,4,3,4,2,2,4,3,3,1,4,3,4,1,4,2,1,2,2,1,2,2
pid_505,1,1,1,2,1,3,2,4,4,4,4,2,2,4,4,4,4,4,1,2,2,2,2,2,3,2,3,3,2,2,2,3,3,3,2,1,2,3,2,1,2,2,3,3,2,2,3,1,2,2,4,4,4,3,4,4,4,1,2,2,2,2,4,4,2,3,4,2,2,4,2,3,3,2,2,3,3,2,1,4,2,4,1,4,2,2,2,2,2,2,2
pid_1886,1,1,1,1,1,1,1,3,2,4,2,1,1,4,4,4,4,4,1,2,1,2,3,2,1,1,4,4,4,1,2,4,2,4,3,3,3,2,2,2,2,1,3,2,3,2,3,2,3,1,4,4,4,4,4,4,4,2,1,2,2,2,1,2,1,4,4,1,3,4,4,3,4,3,3,2,3,2,1,4,4,4,1,4,2,1,1,1,1,2,1
pid_1761,1,1,2,2,1,3,1,4,4,4,4,3,1,4,4,4,4,4,1,2,1,1,1,2,3,1,3,3,2,2,1,3,3,2,2,1,2,3,2,4,1,1,3,2,2,2,2,1,1,1,4,4,4,3,4,4,4,4,2,3,4,2,4,4,2,4,4,1,2,3,3,4,3,2,2,3,3,3,1,4,1,4,1,4,2,2,1,1,2,2,1
pid_652,1,1,1,2,1,4,2,4,4,4,4,2,2,4,4,4,4,4,1,2,1,2,1,2,4,2,2,3,1,3,3,2,2,2,2,1,1,3,2,1,1,1,2,2,2,2,2,1,1,1,4,4,4,3,4,4,3,3,2,2,3,2,4,4,4,4,4,1,2,3,2,4,2,1,1,2,3,3,1,4,2,4,1,4,3,2,1,2,3,3,1
pid_1436,1,4,1,4,2,4,2,3,3,4,2,3,4,4,2,3,4,4,2,3,3,4,3,3,4,2,3,4,3,2,3,4,4,4,3,3,3,3,2,4,3,3,3,3,3,3,3,2,3,4,2,4,4,4,4,4,4,1,1,1,1,1,4,4,1,2,2,3,4,4,2,3,4,3,1,2,4,3,1,2,3,4,1,4,3,2,4,4,3,3,4
pid_15,1,1,1,2,1,4,3,4,4,4,3,4,1,4,4,4,4,4,1,2,2,2,2,2,4,1,3,3,3,2,2,3,4,4,2,2,2,2,2,1,3,1,3,2,3,2,3,2,2,1,4,4,4,3,4,4,4,4,4,3,2,2,4,4,1,3,4,2,2,4,2,3,3,2,2,3,3,2,1,4,2,4,1,4,2,1,2,2,1,4,1
pid_1151,1,2,2,1,1,4,2,2,1,2,1,3,2,4,4,4,4,4,1,4,2,4,4,4,4,1,4,4,4,1,3,4,3,4,4,4,4,2,3,4,3,3,3,3,3,4,3,2,4,2,4,4,4,4,4,4,4,1,1,1,2,2,4,4,1,1,1,1,4,4,4,1,4,4,2,2,3,1,1,2,4,4,1,4,3,1,3,2,1,4,4
pid_335,1,1,2,1,1,4,1,2,1,4,2,4,1,4,4,4,4,4,1,3,2,4,4,4,4,1,4,4,4,1,2,4,2,4,4,3,4,2,2,3,3,2,3,3,3,3,4,2,4,1,4,4,4,3,4,4,4,4,4,3,2,3,4,4,1,1,1,1,4,4,1,3,4,4,1,2,3,1,1,2,3,4,1,4,3,1,2,1,1,2,3
pid_186,1,1,1,1,1,3,1,4,4,4,4,4,1,4,3,4,4,4,1,2,2,2,2,2,3,2,2,3,1,4,3,2,3,3,2,1,3,3,3,1,1,1,3,3,3,3,2,2,1,2,3,3,2,2,3,4,2,4,1,1,3,1,4,4,4,4,4,1,3,2,1,3,2,2,1,1,4,4,1,4,2,4,1,4,3,2,1,2,3,2,1
pid_1478,1,1,1,1,1,1,1,2,4,4,4,1,1,4,4,4,4,4,1,2,1,2,2,3,1,1,2,2,2,1,1,2,3,3,2,1,1,2,2,1,1,1,2,3,3,2,2,1,2,1,4,4,4,3,4,4,4,4,4,1,2,2,2,4,1,1,4,1,1,4,2,4,2,2,1,3,3,2,1,4,1,4,1,4,2,1,1,1,1,1,1
pid_1962,2,2,1,3,3,4,3,4,4,4,4,2,1,4,4,4,4,4,2,4,3,4,3,4,4,3,4,4,3,3,2,4,4,4,3,2,3,3,3,2,2,3,3,3,3,3,3,2,2,2,4,4,4,3,4,4,4,4,4,2,3,2,4,4,4,4,4,2,2,3,2,3,3,3,1,3,3,3,1,4,2,4,1,4,3,3,4,4,3,4,3
pid_1685,1,1,1,2,1,3,1,4,4,4,4,4,4,4,2,3,4,4,1,2,2,3,2,2,2,2,2,2,2,2,2,3,3,4,2,2,3,3,3,3,2,2,3,3,3,3,2,2,1,3,3,4,4,3,4,4,3,1,1,1,1,1,4,4,1,4,4,3,2,3,2,3,3,2,1,2,3,3,1,4,1,4,1,4,3,2,3,2,2,3,2
pid_728,1,1,1,2,1,4,2,3,4,4,3,4,2,4,3,4,4,4,1,4,2,4,4,4,4,1,3,4,4,2,2,3,4,4,3,2,2,3,3,4,3,3,3,3,3,3,3,1,3,3,4,4,4,4,4,4,3,1,2,1,1,1,4,4,1,1,1,2,3,4,2,2,4,3,2,3,3,3,1,2,1,4,1,4,2,2,2,2,2,4,3
pid_1856,1,4,3,2,1,3,3,4,4,4,4,4,3,2,2,2,2,4,2,4,3,4,3,4,2,2,3,4,2,3,3,3,4,4,3,1,3,4,3,4,3,3,3,3,3,3,2,1,2,3,3,3,4,2,4,3,2,1,1,1,1,1,4,4,1,2,4,3,3,3,2,4,3,2,1,2,3,3,1,4,1,4,1,4,3,3,4,4,3,4,4
pid_766,1,1,1,1,1,1,1,4,2,4,4,3,2,4,2,4,4,4,1,2,1,3,4,3,1,1,3,4,4,1,1,4,2,4,3,2,4,2,2,1,1,1,3,2,3,3,3,1,3,3,4,4,4,4,4,4,4,1,1,1,1,1,2,2,1,1,1,1,3,4,4,4,4,3,4,2,2,2,1,3,2,4,1,4,1,1,1,1,1,1,1
pid_1298,1,1,1,1,1,3,1,4,4,4,4,4,1,4,4,4,4,4,1,2,1,3,1,2,2,2,2,2,1,4,3,2,3,4,3,1,1,3,3,2,1,1,3,3,2,3,2,2,1,1,4,4,3,2,4,4,4,3,3,2,4,1,4,4,4,4,4,1,2,3,1,3,2,2,1,2,3,3,1,4,2,4,1,4,3,3,3,2,3,3,2
pid_881,1,3,1,1,2,4,3,2,1,3,1,4,3,4,2,4,4,4,2,4,3,4,4,4,4,1,4,4,4,1,3,4,3,4,4,3,3,3,3,2,4,4,3,3,4,3,3,3,4,3,2,4,4,3,4,2,3,2,1,1,1,1,4,4,1,1,1,3,4,2,4,1,4,4,2,2,4,2,1,1,4,2,1,4,3,1,3,3,1,3,4
pid_1502,1,1,1,2,1,2,1,2,2,4,3,2,1,4,4,4,4,4,1,2,1,2,2,2,1,1,4,3,2,2,2,3,3,4,2,2,2,2,2,2,1,1,3,3,2,3,3,2,3,1,4,4,4,3,4,4,4,2,1,2,2,2,2,4,1,1,2,1,2,4,4,3,4,2,1,3,3,2,1,3,2,4,1,4,1,1,1,1,1,2,1
pid_1065,1,1,2,1,1,2,1,2,1,4,2,2,1,4,4,4,4,4,1,2,1,2,2,3,2,1,4,4,4,1,2,2,2,3,3,3,2,2,1,4,3,1,2,2,3,2,3,2,3,1,4,4,4,4,4,4,4,2,3,2,2,2,3,3,1,1,1,1,3,4,1,4,4,3,4,4,3,1,1,2,4,3,1,4,3,1,1,1,1,3,3
pid_1818,1,1,1,2,2,3,1,4,4,4,4,4,3,4,2,4,4,4,2,2,1,2,1,2,3,2,2,2,1,3,3,2,3,3,2,1,2,3,3,2,1,1,3,3,3,3,2,2,1,2,3,4,4,3,4,4,2,1,1,1,2,1,4,4,3,4,4,1,2,3,3,3,2,3,1,2,4,4,1,4,2,4,1,4,3,3,1,1,2,2,1
pid_201,1,1,1,1,1,3,2,4,4,4,4,2,1,4,4,4,4,4,1,1,1,2,1,2,3,2,2,3,1,2,2,2,3,3,2,1,1,3,2,1,1,1,3,2,2,2,2,2,2,1,4,4,4,3,4,4,4,3,2,2,2,2,4,4,4,4,4,1,2,4,2,4,2,1,1,2,3,3,1,4,1,4,1,4,3,2,1,2,1,2,2
pid_1332,1,1,2,2,1,4,1,4,4,4,4,1,3,2,2,2,2,4,1,2,1,2,1,2,4,2,2,2,1,3,3,3,3,4,2,2,2,3,3,3,1,1,3,3,3,3,2,2,2,3,2,3,2,2,2,2,3,1,1,1,2,1,4,4,2,4,4,2,2,4,1,3,2,1,1,2,4,4,1,4,1,4,1,4,3,2,1,2,2,4,4
pid_156,1,1,1,1,1,4,3,4,4,4,4,2,4,2,2,1,2,4,2,2,2,2,2,2,4,3,2,4,1,4,3,3,4,4,2,1,3,3,4,1,1,1,3,4,3,3,2,2,1,3,2,3,2,2,2,2,2,1,1,1,2,1,4,4,4,4,4,1,1,3,1,2,3,4,1,1,4,3,1,4,1,4,1,4,4,4,3,3,3,2,2
pid_431,1,1,1,2,1,3,1,4,4,4,4,1,1,4,4,4,4,4,1,2,1,2,2,2,3,1,2,3,2,1,2,3,3,3,2,1,2,2,2,1,2,1,2,2,2,2,2,2,2,1,4,4,4,3,4,4,4,4,4,2,4,4,4,4,2,4,4,1,2,4,2,4,3,2,2,4,2,2,1,4,2,4,1,4,2,2,1,1,1,2,1
pid_1655,1,1,1,1,3,1,1,4,4,4,4,1,1,4,3,4,4,4,1,1,1,2,2,2,1,1,2,2,1,3,3,2,2,2,1,1,1,3,2,1,1,1,3,3,3,3,2,1,1,1,3,4,2,2,3,2,4,4,1,1,4,2,1,4,2,4,4,1,3,2,2,3,2,1,1,2,3,4,1,4,1,4,1,4,3,1,1,1,1,1,1
pid_682,1,1,1,1,1,3,2,4,4,4,4,4,3,3,2,2,3,4,1,2,1,2,1,1,3,2,2,4,1,3,3,2,3,3,2,1,2,4,2,3,1,1,3,3,3,3,2,2,1,3,2,3,3,3,3,4,2,1,1,1,1,1,4,4,4,4,4,1,3,3,1,3,2,3,1,1,4,4,1,4,1,4,1,4,3,3,3,4,3,3,3
pid_965,1,1,1,1,1,3,1,4,4,4,4,1,1,2,4,2,4,4,1,1,1,2,2,2,2,1,2,3,1,4,3,2,4,4,3,1,3,3,3,2,1,1,3,3,3,3,2,2,1,1,2,3,2,2,3,3,4,4,2,3,4,2,4,4,4,4,4,1,3,3,2,3,3,3,1,2,3,3,1,4,1,4,1,4,3,2,1,1,2,1,1
pid_118,1,1,1,2,3,1,1,4,4,4,4,1,1,4,4,4,4,4,1,1,1,2,2,1,1,1,3,2,1,1,1,2,3,3,2,1,1,2,1,3,1,1,2,2,2,2,2,1,2,1,4,4,4,4,4,4,4,4,4,2,3,2,3,4,1,4,4,1,1,4,4,4,3,1,2,4,3,2,1,4,3,4,1,4,2,1,1,1,1,2,1
pid_1181,1,1,1,1,1,4,2,4,4,4,4,4,3,4,4,4,4,4,1,4,2,4,3,4,4,3,2,4,1,4,3,3,4,3,2,1,3,4,4,2,1,3,3,3,3,3,2,2,1,3,4,3,3,3,4,4,2,2,1,2,3,2,4,4,4,4,4,1,1,4,1,4,3,2,1,2,3,3,1,4,1,4,1,4,3,3,4,4,3,3,3
pid_361,1,1,1,1,1,2,1,4,4,4,4,2,2,4,3,2,3,4,1,2,1,2,2,2,3,2,2,3,1,3,2,2,4,3,2,1,2,3,3,1,1,1,3,3,3,2,2,2,1,2,3,4,4,2,3,4,3,1,1,1,3,1,4,4,4,4,4,1,2,4,2,3,3,2,1,2,3,3,1,4,2,4,1,4,3,1,1,1,1,2,1
pid_41,1,1,1,2,1,2,2,4,4,4,4,4,2,4,3,4,4,4,1,2,2,3,2,2,2,1,4,4,4,1,2,3,2,3,2,2,3,2,2,3,2,1,3,2,3,2,3,2,3,3,4,4,4,3,3,4,3,2,1,2,2,2,4,3,1,3,4,1,3,4,4,4,3,3,2,4,2,2,1,4,2,4,1,4,2,1,2,2,1,3,2
pid_1105,1,1,1,1,1,4,1,4,4,4,4,2,3,2,2,2,3,4,1,2,1,2,1,2,4,3,2,3,1,3,3,2,3,3,2,1,2,3,3,2,1,1,3,3,3,2,2,1,1,3,3,4,4,2,3,4,3,1,1,1,1,1,4,4,3,4,4,2,2,4,1,4,2,1,1,2,3,4,1,4,1,4,1,4,3,2,1,1,2,2,2
pid_1978,3,1,1,1,2,4,1,4,4,4,4,1,2,4,4,4,4,4,1,3,2,4,2,4,4,2,2,4,2,4,3,2,3,4,2,1,1,4,4,2,1,2,3,3,3,3,2,2,1,2,4,3,3,2,3,4,3,4,1,1,4,2,4,4,4,4,4,1,1,4,1,4,2,2,1,2,4,3,1,4,1,4,1,4,3,3,2,4,2,4,3
pid_1462,1,1,1,1,1,2,1,4,2,4,2,3,2,4,4,4,4,4,1,2,2,3,3,3,2,1,4,4,4,1,2,3,2,3,3,3,3,2,2,4,2,1,2,2,2,2,3,1,3,1,4,4,4,4,4,4,4,2,2,2,2,2,4,3,1,2,2,1,3,4,1,3,4,3,2,4,2,2,1,2,3,4,1,4,3,1,1,1,1,3,3
pid_606,1,1,1,2,1,3,1,4,4,4,4,1,1,4,4,4,4,4,1,2,1,3,2,3,3,1,3,3,2,2,2,3,3,4,2,1,2,2,2,3,1,1,2,2,2,3,2,2,2,1,4,4,4,3,4,4,4,4,1,2,2,2,4,4,1,2,2,2,2,4,3,3,3,2,3,4,3,2,1,3,2,4,1,4,2,1,1,1,1,2,1
pid_1936,1,1,2,1,1,2,1,4,4,4,4,4,1,4,3,4,4,4,1,2,1,2,2,2,1,1,4,4,2,2,2,4,2,4,3,3,3,2,2,4,1,1,3,2,2,3,3,2,3,2,4,4,4,3,3,3,4,1,1,1,2,2,2,4,1,2,2,1,3,4,1,3,4,3,3,3,2,2,1,2,4,4,1,4,2,1,1,1,1,1,1
pid_648,1,1,1,2,1,4,1,4,4,4,4,4,3,4,3,4,4,4,2,2,2,3,2,2,4,2,2,3,2,4,3,3,4,3,2,1,2,3,3,2,1,1,3,3,3,3,2,2,2,2,4,4,3,2,4,4,3,1,1,2,2,2,4,4,4,4,4,1,2,3,2,3,3,2,1,2,3,3,1,4,1,4,1,4,4,3,4,3,3,3,2
pid_285,1,1,2,1,1,1,1,4,2,4,4,3,1,4,4,4,4,4,1,1,1,2,1,2,1,1,4,4,4,1,1,4,2,2,2,1,2,1,2,1,1,1,2,2,2,2,3,1,3,1,4,4,4,3,4,4,4,4,4,2,2,2,3,4,1,1,2,1,2,4,4,3,4,2,3,3,2,1,1,4,4,4,1,4,1,1,1,1,1,2,1
pid_805,1,1,1,2,3,1,1,1,2,4,2,1,3,4,4,4,4,4,1,2,1,3,3,3,1,1,4,3,4,1,2,4,2,4,3,3,3,2,2,4,1,1,3,2,2,2,3,1,3,1,4,4,4,4,4,4,4,4,1,1,2,2,2,2,1,1,1,2,3,4,4,4,4,3,3,3,2,2,1,3,4,4,1,4,3,1,1,1,1,1,2
pid_1586,2,1,1,1,2,4,3,4,4,4,4,2,1,4,4,4,4,4,1,2,2,2,2,2,4,2,2,3,1,3,2,2,3,3,2,1,2,3,3,1,1,1,3,3,3,3,2,2,2,2,4,3,4,3,4,4,3,3,2,2,3,2,4,4,4,4,4,1,2,4,2,4,2,2,1,3,3,3,1,4,1,4,1,4,3,3,1,2,2,2,1
pid_1735,1,1,1,2,1,4,1,4,4,4,4,1,1,4,4,4,4,4,1,1,1,1,1,1,4,2,2,2,1,3,1,2,3,2,2,1,2,2,2,1,1,1,2,3,3,2,2,2,2,1,4,4,4,2,4,4,3,2,3,1,3,1,4,4,2,4,4,2,1,2,2,4,2,2,1,2,3,3,1,4,2,4,1,4,3,1,1,1,1,1,1
pid_2024,1,1,1,1,1,4,1,4,4,4,4,4,1,4,4,4,4,4,1,2,1,3,1,2,4,1,2,3,1,4,3,2,3,4,2,1,2,3,3,1,1,1,3,3,3,2,2,3,1,1,4,4,2,3,4,4,3,3,4,1,3,2,4,4,4,4,4,1,3,3,2,2,3,3,1,2,3,4,1,4,1,4,1,4,3,2,1,1,2,1,1
pid_551,1,1,2,2,1,3,1,4,4,4,2,3,2,4,4,4,4,4,1,2,1,1,2,2,2,1,2,3,3,3,2,3,4,3,2,1,2,2,2,2,2,2,3,3,3,3,3,2,2,1,4,3,3,3,4,3,4,3,2,2,4,2,4,4,2,3,4,1,2,4,2,3,3,3,1,2,3,2,1,2,2,3,1,4,3,1,1,1,2,3,1
pid_1252,1,1,1,1,1,1,1,2,1,4,2,1,1,4,4,4,4,4,1,2,1,4,4,3,1,1,4,4,4,1,1,3,3,3,3,2,2,2,2,2,3,1,3,2,3,3,3,2,3,1,4,4,4,3,4,4,4,4,2,4,4,3,3,3,1,1,1,1,4,3,4,3,4,3,3,3,2,2,1,2,3,4,1,4,2,1,1,1,1,3,3
pid_1601,1,1,2,1,1,4,2,3,1,4,1,2,3,4,1,4,4,4,1,3,2,3,3,3,4,1,4,3,4,4,3,4,4,4,4,2,3,2,2,4,3,3,3,3,3,3,3,1,4,4,1,4,1,1,4,1,1,1,1,1,1,1,4,4,1,4,4,1,3,4,2,2,4,3,2,1,4,1,1,4,2,4,1,4,4,1,1,4,2,3,3
pid_465,1,1,1,1,1,2,2,4,4,4,4,4,2,4,3,4,4,4,1,2,1,3,2,2,2,2,2,4,1,3,3,2,3,4,2,1,2,3,3,2,1,1,3,3,3,3,2,1,1,3,4,3,4,2,4,4,2,1,2,1,1,1,4,4,4,4,4,1,1,4,3,3,2,2,1,2,4,4,1,4,1,4,1,4,3,3,1,3,1,2,2
pid_102,1,1,2,1,1,1,1,1,3,4,1,1,1,4,4,4,4,4,1,2,1,2,2,2,1,1,4,4,4,1,1,3,2,2,3,3,4,1,1,1,2,1,3,2,3,3,3,1,3,1,4,4,4,3,4,4,4,1,4,1,2,1,1,4,1,1,1,1,4,4,4,4,4,4,1,3,4,2,1,2,4,2,1,4,2,1,1,1,1,2,1
pid_698,1,1,1,1,1,2,1,4,4,4,4,4,4,2,1,2,2,4,1,2,2,3,1,2,3,2,2,3,1,4,3,2,3,4,1,1,2,4,4,2,1,2,3,3,3,3,2,2,1,3,2,3,3,1,3,2,2,1,1,1,1,1,4,4,4,4,4,1,4,3,1,2,3,1,1,2,4,4,1,4,2,4,1,4,3,3,1,1,2,3,4
pid_1366,1,1,1,1,1,4,1,2,2,4,3,2,2,4,3,4,4,4,1,1,1,2,2,2,3,1,4,4,4,1,2,4,2,4,3,3,3,2,1,3,2,1,3,2,3,3,3,2,3,1,4,4,4,4,4,4,4,2,4,2,2,2,4,4,1,1,2,1,3,4,4,4,4,2,2,3,3,1,1,4,3,4,1,4,2,1,1,1,1,2,1
pid_91,1,1,1,1,1,4,1,4,4,4,4,3,1,4,4,4,4,4,1,1,1,1,1,1,4,2,1,2,1,3,2,2,3,3,2,1,1,3,2,1,1,1,3,3,3,2,2,2,1,1,4,4,4,2,4,4,3,4,3,1,4,2,4,4,4,4,4,1,3,4,2,3,2,2,1,2,3,3,1,4,1,4,1,4,3,2,1,1,2,2,1
pid_931,1,1,1,3,4,4,4,4,4,4,4,3,2,4,3,3,4,4,1,2,1,2,2,1,4,1,3,3,2,1,2,3,4,3,2,1,2,3,2,2,2,1,3,2,2,2,2,1,2,1,4,4,4,3,4,4,4,4,4,3,4,2,4,4,3,4,4,2,2,4,2,4,3,2,2,3,3,3,1,4,2,4,1,4,2,2,3,4,2,2,1
pid_1328,1,1,1,1,1,4,1,4,4,4,4,2,1,4,4,4,4,4,1,2,1,2,1,1,4,1,2,3,1,3,3,2,3,3,2,1,2,3,3,1,1,1,3,3,3,3,2,2,1,1,4,4,4,2,4,4,4,4,4,1,3,1,4,4,4,4,4,1,1,4,2,4,2,1,1,2,4,3,1,4,1,4,1,4,3,2,1,1,1,1,1
pid_581,1,1,1,1,1,2,1,4,2,4,4,3,2,4,4,4,4,4,1,2,1,2,2,2,1,1,4,4,4,1,2,3,2,3,3,2,3,2,1,1,1,1,3,2,2,2,3,1,3,1,4,4,4,4,4,4,4,2,2,1,2,1,3,4,1,2,4,1,3,4,4,3,4,3,2,3,2,2,1,4,4,4,1,4,1,1,1,1,1,1,1
pid_1802,1,2,2,1,1,4,3,4,4,4,4,1,2,4,4,2,2,4,1,4,2,4,2,3,4,3,3,4,1,4,3,4,4,4,3,1,3,4,4,1,1,2,3,3,3,3,3,2,1,3,3,3,4,2,2,4,3,1,1,1,4,2,4,4,4,4,4,2,3,3,1,3,3,3,1,2,4,4,1,4,1,4,1,4,3,3,3,2,4,3,1
pid_1518,1,3,3,1,1,4,2,1,1,1,1,4,2,4,4,4,4,4,1,4,3,4,3,4,3,1,4,4,4,1,2,4,4,4,4,4,4,1,2,4,4,4,4,2,3,3,3,2,4,1,4,4,4,4,4,4,4,3,4,2,1,2,2,1,1,1,1,1,4,4,1,2,4,4,2,4,3,1,1,1,4,2,1,4,2,1,4,3,1,4,4
pid_1282,1,1,1,1,1,1,1,2,2,4,4,1,1,4,4,4,4,4,1,1,1,2,2,1,1,1,4,4,3,1,1,3,1,4,2,3,1,2,1,1,1,1,2,2,2,2,3,2,3,1,4,4,4,4,4,4,4,4,3,2,3,3,2,4,1,1,2,1,3,4,4,4,4,2,2,3,1,1,1,4,4,4,1,4,1,1,1,1,1,1,1
pid_255,1,1,1,1,1,4,3,4,4,4,4,1,1,4,4,4,4,4,1,2,1,2,2,1,4,2,2,4,1,3,3,2,3,3,2,1,2,3,3,1,1,1,3,3,2,2,2,1,1,1,4,3,4,4,4,4,4,4,4,2,4,2,4,4,4,4,4,1,1,4,1,4,2,2,1,3,4,4,1,4,1,4,1,4,3,3,2,2,3,2,2
pid_1031,1,2,2,2,1,1,1,4,4,4,4,1,1,4,4,4,4,4,1,2,1,2,2,2,1,1,2,3,1,2,2,2,3,3,2,1,1,3,2,1,1,1,2,3,3,2,2,2,2,1,4,4,4,4,4,4,4,2,3,2,3,2,4,4,2,4,4,1,1,4,3,3,3,1,1,3,3,2,1,4,1,4,1,4,2,2,1,2,1,1,2
pid_1556,1,1,1,1,1,1,1,4,4,4,4,4,2,4,2,4,4,4,1,2,2,2,1,2,2,2,2,4,1,4,3,3,3,4,2,1,2,3,3,1,1,1,3,3,3,3,3,2,1,3,2,3,2,2,3,3,2,2,1,1,2,1,4,4,4,4,4,1,2,4,1,3,3,4,1,1,4,4,1,4,1,4,1,4,3,2,1,2,2,2,1
pid_732,1,1,1,1,1,4,1,4,4,4,4,1,1,4,4,4,4,4,1,2,1,2,2,2,4,2,2,3,1,3,2,2,2,2,1,1,1,3,2,1,1,1,3,3,3,2,2,2,2,1,4,4,4,3,4,4,4,4,4,3,3,2,4,4,3,4,4,1,2,4,2,4,3,2,1,2,3,3,1,4,1,4,1,4,3,2,1,1,1,1,1
pid_164,1,1,1,2,1,4,1,4,4,4,4,4,3,2,4,2,2,4,1,2,1,3,2,2,3,2,3,2,2,2,2,3,3,4,2,2,2,3,2,3,2,1,3,3,3,3,2,2,3,2,3,4,4,4,3,3,4,1,1,2,4,3,4,4,1,2,4,3,2,4,2,3,3,2,2,4,3,3,1,4,2,4,1,4,2,1,3,3,1,2,4
pid_919,1,1,1,1,3,1,1,2,2,4,4,1,2,4,3,3,4,4,1,1,1,1,2,2,1,1,4,4,4,1,1,3,3,4,3,2,3,1,1,3,1,1,2,2,2,2,3,1,3,1,4,4,4,4,4,4,4,4,3,1,2,1,1,3,1,2,2,1,3,4,4,4,4,3,2,3,2,2,1,4,4,4,1,4,2,1,1,1,1,2,1
pid_1300,1,1,1,1,1,1,1,1,1,4,1,1,1,4,4,4,4,4,1,3,1,4,4,4,1,1,4,4,4,1,2,4,2,4,4,2,4,1,1,4,3,1,3,3,3,2,4,1,4,1,2,4,4,4,4,4,4,4,2,2,2,2,1,1,1,1,1,1,4,4,4,4,4,4,4,4,3,2,1,1,4,4,1,4,1,1,1,1,1,4,3
pid_399,1,2,1,1,4,4,3,4,4,4,4,4,2,4,3,4,4,4,1,2,2,3,2,2,4,2,2,3,1,2,2,2,3,3,2,1,2,3,2,1,1,1,3,3,3,3,2,2,2,3,4,4,4,3,4,4,4,4,4,1,2,1,4,4,3,4,4,1,2,4,2,4,3,2,1,2,3,3,1,4,2,4,1,4,3,2,2,3,2,3,2
pid_1667,1,1,1,1,1,4,1,4,4,4,4,4,3,4,3,4,4,4,1,2,1,2,1,2,4,1,2,3,1,3,3,2,3,4,2,1,2,3,2,1,1,1,3,3,3,2,2,2,1,3,4,4,3,2,4,4,3,1,1,1,1,1,4,4,4,4,4,1,3,3,1,3,2,2,1,2,4,3,1,4,1,4,1,4,3,3,3,4,3,3,2
pid_403,1,1,1,1,1,4,2,4,4,4,4,2,3,4,2,4,4,4,1,2,1,2,1,2,4,2,1,2,1,4,3,2,3,4,2,1,2,3,3,1,1,1,3,3,3,3,2,2,1,3,3,3,2,1,3,3,2,1,1,1,1,1,4,4,4,4,4,1,3,3,1,3,2,3,1,1,4,3,1,4,1,4,1,4,4,3,2,3,3,2,2
pid_1980,1,1,1,1,2,4,1,4,4,4,4,2,3,2,3,2,4,4,1,2,1,2,1,2,4,2,2,3,1,2,2,2,4,3,2,1,2,3,3,1,1,1,3,3,2,2,2,1,1,2,4,4,4,3,4,4,2,1,1,1,2,1,4,4,4,4,4,1,2,3,2,3,3,1,1,2,3,4,1,4,1,4,1,4,4,2,1,1,2,2,1
pid_957,1,1,1,3,1,4,3,4,4,4,4,4,3,4,2,3,4,4,2,3,2,3,2,2,4,2,3,3,4,3,3,3,3,4,3,3,3,3,3,3,2,3,3,3,3,3,3,2,2,3,2,4,4,2,3,3,2,1,1,1,1,1,4,4,2,4,4,2,3,4,4,3,3,3,2,2,3,3,1,3,2,4,1,4,3,2,3,3,3,3,3
pid_1629,1,1,1,2,1,3,1,4,4,4,4,4,1,4,4,4,4,4,1,1,1,2,1,1,4,2,2,4,1,2,2,2,4,2,2,1,2,3,2,1,1,1,2,2,2,3,2,1,1,1,4,4,4,3,4,4,3,4,4,2,4,1,4,4,3,4,4,1,2,4,2,3,3,2,1,2,3,3,1,4,1,4,1,4,3,2,2,2,1,2,1
pid_1783,1,1,1,2,1,4,1,4,3,4,4,2,1,4,4,4,4,4,1,2,1,2,2,3,4,1,3,3,2,1,2,3,4,4,3,3,3,2,2,4,1,1,3,2,2,2,3,1,4,1,4,4,4,4,4,4,4,4,1,4,4,2,3,4,1,1,2,1,2,4,4,4,4,3,2,3,3,2,1,2,4,4,1,4,2,1,1,1,1,2,3
pid_1864,1,2,1,2,1,1,1,4,3,4,2,4,1,4,4,4,4,4,1,2,1,2,3,3,1,1,2,2,2,1,1,3,3,2,2,1,1,2,1,1,2,1,3,3,3,3,3,1,3,1,4,4,4,4,4,4,4,2,4,2,2,2,2,4,1,1,4,1,1,4,2,4,2,2,1,4,2,2,1,4,1,4,1,4,2,1,1,1,1,2,3
pid_1019,1,1,1,2,2,2,1,3,4,4,4,1,1,4,4,4,4,4,1,2,2,3,2,3,2,2,3,3,2,2,2,2,3,3,2,1,2,2,2,4,2,1,2,2,2,2,2,2,2,1,4,4,4,3,4,4,3,2,2,2,2,3,4,4,1,3,4,2,2,4,3,3,2,2,1,3,3,2,1,4,2,4,1,4,2,1,1,1,1,2,2
pid_1530,1,1,1,2,2,2,1,4,3,4,4,1,1,4,4,4,4,4,1,1,1,1,1,2,1,1,4,4,2,1,1,2,2,3,1,2,2,1,1,3,1,1,2,2,2,2,3,1,3,1,4,4,4,4,4,4,4,4,4,3,4,2,4,4,1,1,4,1,3,4,1,3,4,2,4,3,3,3,1,4,3,4,1,4,1,1,1,1,1,2,1
pid_754,1,1,1,1,1,4,1,4,4,4,4,4,3,4,3,4,4,4,1,2,1,3,1,1,4,2,2,3,1,4,3,3,4,3,2,1,2,3,3,1,1,1,3,3,3,3,2,1,1,3,4,4,3,4,4,4,2,2,1,1,2,1,4,4,4,4,4,1,3,3,1,3,3,3,1,2,4,4,1,4,1,4,1,4,3,3,1,1,2,2,1
pid_233,1,2,1,1,1,4,1,4,4,4,4,1,1,4,4,4,4,4,1,2,2,2,2,2,4,2,2,3,1,3,2,2,3,3,2,1,2,3,2,1,1,1,3,3,2,2,2,2,2,1,4,4,4,2,4,4,4,2,2,1,2,2,4,4,3,4,4,1,2,4,3,4,2,1,1,2,3,4,1,4,1,4,1,4,3,2,1,2,1,2,1
pid_1057,1,1,1,1,1,4,3,4,4,4,4,4,3,4,2,4,4,4,1,3,2,3,2,2,4,2,2,3,1,4,3,3,4,4,2,1,3,4,3,1,1,1,3,3,3,3,3,1,1,3,4,4,4,1,4,4,3,1,1,1,1,1,4,4,4,4,4,1,1,3,1,4,4,1,1,2,4,4,1,4,1,4,1,4,3,3,2,4,3,3,2
pid_987,1,1,1,1,1,1,3,4,4,4,4,1,1,4,4,4,4,4,1,2,1,3,2,1,1,1,2,4,2,2,2,3,4,3,2,1,1,3,3,1,1,1,3,3,3,2,2,2,1,1,4,4,4,2,4,4,4,4,4,2,4,2,4,4,4,4,4,1,1,3,2,3,2,1,1,2,3,3,1,4,1,4,1,4,3,1,1,1,1,4,1
pid_1404,1,1,2,3,1,1,1,3,2,4,4,1,1,4,4,4,4,4,1,1,1,1,2,1,1,1,4,3,2,1,1,3,3,3,2,3,2,1,1,2,1,1,2,2,2,2,3,1,2,1,4,4,4,4,4,4,4,4,4,2,3,4,1,2,1,2,4,1,2,4,3,4,4,2,4,4,2,2,1,4,2,4,1,4,2,1,1,1,1,3,4
pid_660,1,3,1,1,2,4,2,4,4,4,4,4,3,4,2,4,4,4,2,3,3,4,2,2,4,2,2,4,1,3,2,3,3,3,2,1,2,4,3,1,2,1,3,3,3,3,2,2,1,3,3,4,4,2,4,4,3,4,4,1,1,1,4,4,4,4,4,1,3,2,4,4,3,3,1,2,4,4,1,4,1,4,1,4,3,3,3,3,2,3,2
pid_307,1,1,1,1,3,1,1,1,1,2,2,1,1,4,4,4,4,4,1,2,1,3,3,3,1,1,4,4,4,1,1,4,1,4,3,3,3,1,2,4,3,1,3,2,2,3,3,2,4,1,4,4,4,4,4,4,4,4,4,2,2,3,1,1,1,1,2,1,4,4,1,3,4,4,3,3,2,2,1,2,4,4,1,4,1,1,1,1,1,1,3
pid_1163,1,4,3,3,3,4,3,2,1,1,1,4,4,2,1,1,2,3,2,4,3,4,4,4,4,1,4,4,4,1,3,4,4,4,4,4,4,3,3,4,4,3,3,3,4,3,4,1,4,4,2,2,4,4,2,2,2,1,1,1,1,1,4,4,1,1,1,4,4,4,4,2,4,4,1,2,4,1,1,2,4,2,1,4,4,1,4,4,3,4,4
pid_27,1,1,1,2,3,4,1,4,4,4,4,2,2,4,4,4,4,4,1,2,1,2,2,2,3,1,2,3,1,3,3,2,4,3,2,1,2,3,2,3,1,1,3,3,3,3,2,1,2,1,4,4,4,2,4,4,3,2,3,2,4,2,4,4,3,4,4,2,2,4,2,3,3,2,1,2,4,3,1,4,2,4,1,4,3,2,2,2,2,2,2
pid_349,1,1,1,2,1,4,2,4,2,4,4,4,1,4,4,4,4,4,1,2,1,2,2,3,4,1,4,4,4,1,3,4,4,4,4,3,3,2,2,4,2,2,3,2,3,3,3,1,3,1,4,3,4,4,4,4,4,3,2,4,3,3,4,4,1,1,1,2,4,4,4,3,4,3,3,3,3,1,1,4,4,4,1,4,2,1,1,1,1,3,2
pid_1950,1,1,1,1,4,4,3,4,4,4,4,2,1,4,4,4,4,4,1,2,2,3,2,2,4,2,2,3,1,3,3,2,3,3,2,1,1,3,2,1,1,1,3,3,3,3,2,1,1,1,4,4,4,3,4,4,4,4,4,1,3,2,4,4,4,4,4,1,1,4,2,4,2,2,1,2,3,3,1,4,2,4,1,4,3,2,1,3,2,2,2
pid_69,1,1,2,1,1,1,1,2,1,2,2,2,4,4,2,3,4,4,1,3,3,4,3,4,1,1,4,4,4,1,2,3,3,4,3,3,3,2,2,4,3,3,3,3,3,3,3,1,3,3,3,4,4,4,4,4,4,1,1,1,1,1,1,1,1,1,1,1,4,4,4,2,4,4,3,2,4,1,1,2,4,4,1,4,3,1,2,2,1,3,4
pid_863,1,1,1,2,2,3,1,4,4,4,4,1,4,4,2,2,4,4,1,3,2,3,2,3,1,1,2,3,1,3,2,2,3,3,2,2,2,3,3,2,1,1,3,3,3,3,2,2,2,3,4,4,3,3,4,4,4,1,1,1,1,1,4,4,2,4,4,2,2,4,1,3,2,2,1,2,3,3,1,4,1,4,1,4,3,2,3,3,1,1,3
pid_784,1,2,1,2,2,4,3,4,4,4,4,4,3,4,2,2,4,4,2,3,3,3,2,3,3,3,2,3,2,3,3,3,3,3,3,2,3,3,3,3,2,2,3,3,3,3,2,2,2,3,3,4,4,2,4,4,2,1,1,1,1,1,4,4,4,4,4,2,2,4,2,4,3,2,2,2,3,3,1,4,2,4,1,4,3,3,3,4,3,3,4
pid_579,1,1,1,1,1,4,1,4,4,4,4,4,3,4,2,2,4,4,2,3,2,3,1,2,4,3,2,3,1,4,3,2,4,4,2,1,2,4,3,1,1,1,3,3,3,3,2,2,1,3,2,2,2,2,2,3,2,1,1,1,1,1,4,4,4,4,4,1,1,2,1,3,2,3,1,1,4,4,1,4,2,4,1,4,4,3,3,3,3,3,2
pid_1087,1,1,1,1,1,4,3,4,4,4,4,4,2,3,4,3,4,4,1,1,1,1,1,1,4,1,2,4,1,3,2,2,3,4,2,1,2,4,3,1,1,1,3,3,2,2,2,1,2,1,4,4,4,2,4,4,3,2,1,1,3,2,4,4,4,4,4,1,1,4,1,4,2,1,1,2,4,4,1,4,2,4,1,4,3,2,2,2,2,2,2
pid_1234,1,1,1,1,1,4,1,4,4,4,4,1,1,4,4,4,4,4,1,2,1,2,1,2,4,2,2,2,1,3,2,2,2,2,2,1,1,3,3,1,1,1,3,3,2,2,2,1,1,1,4,4,4,2,4,4,4,3,1,2,4,3,4,4,4,4,4,1,1,4,1,4,2,2,1,2,3,3,1,4,3,4,1,4,3,2,1,1,1,2,1
pid_2042,1,1,1,2,1,4,2,4,4,4,4,3,3,4,4,4,4,4,1,2,1,3,2,2,4,2,2,2,2,3,2,2,3,3,2,1,1,3,2,1,1,1,2,3,2,2,2,1,1,1,4,4,4,3,4,4,4,2,2,1,3,2,4,4,4,4,4,1,2,4,3,4,2,1,1,3,3,3,1,4,2,4,1,4,3,2,2,2,2,3,3
pid_1753,1,1,4,1,1,4,1,4,1,1,1,4,3,2,2,2,2,4,1,3,2,3,2,3,4,1,4,4,4,1,2,4,2,4,4,2,4,2,2,1,3,2,3,2,3,3,3,3,4,3,2,3,4,4,2,1,4,1,1,1,2,2,4,4,1,1,1,1,4,4,4,2,4,4,2,2,3,1,1,1,2,2,1,4,2,1,3,3,1,4,2
pid_537,3,4,1,2,3,4,3,4,4,4,4,2,3,4,4,3,4,4,2,2,2,2,1,2,4,3,2,4,1,3,3,2,3,3,2,2,1,4,3,1,1,1,3,3,3,3,2,2,1,2,3,3,2,2,3,4,4,2,4,1,3,2,4,4,4,4,4,2,2,4,1,4,2,1,1,2,4,3,1,4,1,4,1,4,4,2,4,4,3,3,3
pid_1382,1,2,1,2,1,4,1,4,4,4,4,4,4,2,2,2,2,4,2,3,2,3,2,2,4,2,3,4,2,3,3,3,4,4,3,2,3,3,3,1,2,2,3,3,3,2,2,1,2,3,2,3,4,2,3,4,2,1,1,1,1,1,4,4,4,4,4,1,3,3,2,3,3,3,1,3,4,4,1,4,1,4,1,4,3,3,4,4,3,3,3
pid_1418,1,1,1,1,1,4,1,4,4,4,4,3,1,4,4,4,4,4,1,2,1,2,2,2,4,1,2,4,1,2,2,3,4,3,2,1,2,3,2,1,1,2,3,3,3,3,2,1,1,1,4,4,4,3,4,4,3,4,3,2,4,2,4,4,4,4,4,1,2,3,2,4,3,3,1,2,3,3,1,4,2,4,1,4,3,2,1,2,2,2,1
pid_1902,1,1,1,2,1,3,1,4,4,4,4,1,4,4,2,4,4,4,1,2,2,2,2,2,3,1,3,3,2,1,2,3,4,3,3,1,3,2,2,1,2,1,2,3,2,3,2,2,2,3,4,4,4,3,4,4,4,1,2,1,1,1,4,4,1,2,4,1,2,4,2,4,3,2,2,3,3,1,1,4,2,4,1,4,3,1,2,2,1,2,3
pid_481,1,2,2,2,1,1,1,1,1,4,2,1,3,4,2,2,4,4,2,3,2,3,3,3,1,1,4,4,4,1,2,4,4,4,3,3,3,2,2,4,2,2,3,2,3,3,4,2,4,3,2,4,4,4,4,1,1,1,1,1,1,1,2,1,1,1,1,2,3,4,4,4,4,4,2,2,1,1,1,4,4,4,1,4,3,1,2,2,1,4,4
pid_632,1,1,1,2,1,4,1,4,4,4,4,4,3,2,4,3,4,4,1,2,2,2,1,2,4,1,3,3,2,1,2,3,2,3,3,1,3,3,3,1,1,1,3,3,3,3,3,2,3,2,4,4,4,2,4,4,3,1,2,1,2,1,4,4,1,2,2,1,3,4,4,3,4,3,2,2,3,3,1,4,2,4,1,4,2,1,1,1,1,2,1
pid_1456,1,1,2,2,1,1,1,3,2,4,4,2,1,4,4,4,4,4,1,1,1,2,2,2,1,1,4,4,3,1,2,3,3,3,2,3,3,1,2,2,2,1,3,2,3,2,3,1,3,1,4,4,3,2,3,3,4,4,2,3,3,2,3,1,1,1,4,1,3,4,1,4,4,3,3,2,2,1,1,2,3,4,1,4,2,1,1,1,1,2,1
pid_1131,1,2,1,2,1,4,1,4,3,4,2,3,4,4,2,2,3,4,2,3,1,3,3,3,4,1,3,4,3,2,3,3,4,4,3,2,3,3,3,3,3,2,3,3,3,3,3,2,3,4,2,3,4,3,3,1,2,1,1,1,1,1,4,4,1,2,2,3,4,3,2,3,4,3,1,2,4,3,1,2,2,3,1,4,3,2,3,4,2,3,4
pid_75,1,1,1,2,1,2,1,4,4,4,4,3,1,4,4,4,4,4,1,2,2,3,2,3,2,2,2,3,1,2,2,2,2,3,2,1,2,3,3,1,1,1,2,3,3,2,2,1,2,1,4,4,4,3,4,4,4,2,2,2,3,2,4,4,1,2,4,2,2,4,3,4,3,2,1,3,3,3,1,4,2,4,1,4,2,2,1,2,1,3,1
pid_355,1,2,1,3,1,4,1,4,4,4,4,3,2,4,2,4,4,4,1,2,2,3,3,3,4,2,3,4,2,3,3,3,4,3,3,2,3,3,2,3,2,2,3,3,3,2,3,2,2,3,2,3,4,3,3,4,4,1,1,1,1,1,4,4,1,1,4,3,3,4,2,3,3,3,1,2,3,3,1,4,2,4,1,4,3,2,2,2,2,3,3
pid_1266,1,1,3,2,2,4,1,4,4,4,4,1,4,2,1,2,2,4,1,2,2,2,1,2,4,2,2,3,1,3,3,3,4,4,2,2,3,4,3,3,1,1,3,3,3,3,3,2,1,3,1,3,4,2,2,2,3,1,1,1,1,1,4,4,3,4,4,4,3,4,1,3,2,3,1,2,4,3,1,4,1,4,1,4,3,3,2,4,4,3,4
pid_798,1,1,1,1,2,4,2,4,4,4,4,1,2,4,4,4,4,4,1,2,1,2,1,1,4,4,2,3,1,3,3,3,4,3,1,1,2,4,3,1,1,1,3,3,2,2,2,1,1,1,4,4,4,3,4,4,4,4,1,1,3,2,4,4,4,4,4,1,2,4,1,4,3,2,1,2,4,3,1,4,1,4,1,4,3,3,1,1,3,1,1
pid_565,1,1,1,1,1,1,1,4,4,4,4,1,2,4,4,4,4,4,1,3,2,4,3,4,2,1,2,3,1,3,3,3,3,4,2,1,2,3,3,2,1,1,3,3,3,3,2,2,2,3,3,4,4,2,4,4,4,2,1,1,2,1,4,4,1,4,4,2,1,4,1,3,3,2,1,2,4,3,1,4,1,4,1,4,3,1,2,3,2,2,2
pid_2010,4,4,1,1,1,4,4,4,4,4,4,4,3,4,3,4,4,4,3,4,4,4,4,4,4,3,3,4,2,4,4,3,4,4,4,1,2,4,3,3,3,4,3,3,3,3,3,1,1,3,4,4,4,2,4,4,3,3,4,3,4,2,4,4,4,4,4,1,1,4,1,2,4,3,1,2,4,4,1,4,1,4,1,4,3,4,4,4,3,3,4
pid_1701,1,1,1,1,1,1,1,2,2,4,2,1,1,4,4,4,3,4,1,2,1,2,3,3,1,1,4,4,4,1,2,4,2,4,3,3,3,2,2,1,1,1,2,2,2,2,3,2,4,1,3,4,4,4,3,4,4,1,1,2,2,3,2,1,1,1,1,1,4,4,4,2,4,4,1,3,2,1,1,2,4,4,1,3,2,1,1,1,1,4,1
pid_1228,1,1,1,1,1,3,1,4,4,4,4,1,3,4,2,4,4,4,1,2,1,2,2,1,3,2,2,3,1,3,2,2,4,3,2,1,2,3,2,1,1,1,3,3,3,3,2,1,1,3,4,4,3,2,4,4,3,1,1,1,1,1,4,4,4,4,4,1,2,4,2,3,2,2,1,2,3,4,1,4,1,4,1,4,3,3,2,2,2,2,2
pid_831,1,3,1,1,3,2,1,1,1,1,1,1,4,4,2,4,4,4,2,4,4,4,4,4,2,1,4,4,4,1,3,4,2,4,4,4,4,3,2,4,4,3,3,3,3,3,3,3,4,3,2,4,4,4,2,4,4,4,1,1,1,1,1,1,1,1,1,1,4,2,4,1,4,4,2,1,4,1,1,2,4,3,1,4,3,1,4,2,1,4,4
pid_1486,1,1,1,1,1,1,1,4,4,4,4,4,2,3,3,2,4,4,1,2,1,2,2,2,1,2,2,3,1,3,3,3,2,3,2,1,2,3,3,1,1,1,3,3,3,3,2,2,2,2,2,3,2,2,2,3,3,3,1,2,4,2,4,4,4,4,4,1,3,3,2,3,2,3,1,2,3,4,1,4,2,4,1,4,3,2,1,1,2,2,1
pid_178,1,1,1,2,1,3,1,4,4,4,4,1,3,2,2,2,3,4,1,2,1,2,2,2,3,1,3,3,2,2,1,3,3,4,2,2,2,3,3,3,2,2,3,3,3,2,2,2,2,3,3,4,3,2,3,3,3,1,1,2,2,2,4,4,2,4,4,2,2,4,3,3,3,2,1,3,3,2,1,3,1,4,1,4,2,2,2,2,2,3,2
pid_905,1,2,1,2,1,4,2,3,4,4,4,4,4,2,2,1,4,4,1,2,1,3,2,3,4,1,3,3,2,2,2,2,4,4,3,2,3,3,2,1,2,1,3,3,3,3,3,2,3,3,1,3,4,3,2,2,4,4,1,1,1,1,4,4,1,2,4,2,3,4,1,3,4,3,1,3,3,2,1,4,2,4,1,4,3,2,4,4,3,2,3
pid_385,2,3,2,2,1,4,4,4,4,4,4,4,1,3,4,2,2,4,2,4,3,4,4,3,4,2,4,4,4,2,2,4,4,4,4,1,3,4,3,4,4,4,3,3,3,3,3,2,3,3,2,3,3,3,2,4,4,2,3,2,4,4,4,4,4,4,4,1,3,3,2,3,4,3,1,3,4,2,1,4,1,4,1,4,3,3,4,4,3,3,4
pid_1352,4,4,2,2,1,4,4,4,4,4,4,4,4,2,2,1,1,2,2,4,4,4,3,4,4,2,3,4,2,4,4,4,4,4,4,2,4,4,4,3,1,2,3,3,3,3,3,3,1,4,1,1,2,1,1,2,2,1,1,1,1,1,4,4,4,4,4,3,4,1,1,1,4,4,1,2,4,4,1,4,2,4,1,4,4,4,4,4,4,4,4
pid_136,1,1,1,2,1,4,1,4,3,4,4,3,2,4,3,4,4,4,1,1,1,2,2,2,2,1,3,4,2,1,2,3,3,3,2,2,3,2,2,1,1,1,3,3,3,2,3,2,3,3,3,4,4,4,4,4,4,1,1,1,2,2,4,4,1,2,4,2,2,4,3,4,3,3,3,3,3,2,1,3,2,4,1,4,2,1,1,2,1,2,1
pid_451,1,1,1,1,1,4,2,4,4,4,4,4,1,4,4,4,4,4,1,2,1,2,1,2,4,2,2,3,1,2,2,2,2,3,2,1,1,3,2,2,1,1,3,3,2,2,2,1,1,1,4,4,4,3,4,4,4,4,4,2,4,2,4,4,4,4,4,1,1,4,2,4,3,1,1,3,3,4,1,4,1,4,1,4,3,1,1,1,1,2,1
pid_1635,1,2,2,1,1,2,1,4,1,4,2,4,3,4,2,4,4,4,1,4,2,4,3,4,2,1,4,4,4,1,1,4,3,4,4,1,3,1,1,1,3,4,3,3,3,3,3,2,4,3,4,4,4,3,4,4,4,1,1,1,1,1,4,3,1,1,1,1,4,4,4,2,4,4,4,1,4,1,1,2,1,4,1,4,3,1,2,1,1,1,1
pid_706,1,1,1,1,1,3,2,4,4,4,4,4,2,4,4,4,4,4,1,2,1,2,2,2,4,2,2,3,1,3,2,2,4,3,1,1,1,3,2,1,1,1,3,3,3,2,2,2,1,1,4,4,4,4,4,4,4,2,3,2,3,2,4,4,1,4,4,1,1,3,2,3,2,2,1,2,3,4,1,4,2,4,1,4,3,3,2,2,2,2,2
pid_1562,1,3,1,2,2,4,2,4,4,4,4,1,3,4,3,2,4,4,1,2,2,3,2,2,4,2,2,2,1,3,3,2,3,4,2,2,2,3,3,1,1,2,3,3,3,3,2,1,2,3,3,4,4,2,4,4,4,1,1,1,2,1,4,4,4,4,4,2,2,4,2,2,2,1,1,2,3,3,1,4,1,4,1,4,3,3,4,3,3,4,3
pid_1878,1,1,1,2,1,1,1,2,2,4,2,1,2,4,4,4,4,4,1,2,1,3,3,3,1,1,4,3,3,1,2,2,3,4,2,3,2,2,3,4,2,1,3,2,3,2,3,1,3,1,4,4,4,4,4,4,4,2,1,1,2,2,1,4,1,2,1,2,3,4,4,4,4,3,3,3,2,2,1,2,2,4,1,4,2,1,1,1,1,4,2
pid_1005,1,1,1,1,2,4,2,4,4,4,4,4,3,4,2,3,4,4,1,2,1,2,1,2,4,3,2,4,1,4,3,3,4,3,2,1,1,3,2,1,1,2,3,3,3,3,2,2,1,3,2,3,3,2,3,4,2,1,1,1,1,1,4,4,4,4,4,1,2,4,2,3,3,2,1,2,4,4,1,4,1,4,1,4,3,3,2,3,3,3,1
pid_261,1,1,1,1,1,2,1,2,2,4,2,2,2,4,4,4,4,4,1,3,2,3,2,3,2,1,4,3,4,1,2,4,3,3,4,2,3,2,2,4,2,2,3,3,3,3,3,2,3,1,4,4,4,4,4,4,4,2,2,2,2,2,3,4,1,2,2,1,3,4,2,3,4,3,2,3,3,2,1,4,4,4,1,4,3,1,1,2,1,3,3
pid_748,1,3,1,2,1,4,1,4,4,4,4,3,4,4,1,2,4,4,1,2,3,4,2,3,4,3,2,4,1,3,3,2,4,4,3,2,2,3,3,3,2,1,3,3,3,3,3,1,2,3,1,1,2,2,2,2,1,1,1,1,1,1,4,4,4,4,4,3,2,4,1,3,3,4,1,2,4,4,1,4,1,4,1,4,3,3,4,4,4,4,4
pid_1836,1,1,1,1,1,1,1,2,2,4,2,1,1,4,3,4,4,4,1,2,1,3,3,3,1,1,4,4,4,1,2,3,2,3,3,2,3,2,1,2,3,1,3,2,2,2,3,2,3,1,4,4,4,4,4,4,4,2,4,1,1,1,3,1,1,1,2,1,3,4,4,4,4,3,4,2,3,1,1,2,3,4,1,4,2,1,1,1,1,3,2
pid_1187,1,2,1,2,1,4,2,4,4,4,4,2,2,4,4,4,4,4,1,2,1,2,1,2,4,2,2,4,2,3,2,3,4,4,3,1,2,3,2,2,2,2,3,2,2,2,2,2,1,1,4,4,4,4,4,4,4,4,4,2,4,2,4,4,4,4,4,2,2,3,2,4,2,2,1,3,3,3,1,4,1,4,1,4,3,3,2,3,2,3,2
pid_479,1,1,1,1,1,1,1,2,1,4,2,1,1,4,4,4,4,4,1,2,1,2,2,3,1,1,4,3,4,1,1,4,2,3,3,3,2,1,1,1,2,1,3,2,2,2,3,1,3,1,4,4,4,4,4,4,4,4,4,2,2,2,3,2,1,1,1,1,4,4,4,2,4,4,2,3,3,2,1,2,2,4,1,4,3,1,1,1,1,2,1
pid_684,1,1,1,1,1,4,3,4,4,4,4,4,3,4,2,4,4,4,1,2,1,2,1,2,4,3,2,3,1,4,3,2,3,4,2,1,2,3,3,1,1,1,3,3,3,2,2,2,1,3,3,2,3,2,3,4,2,1,1,1,1,1,4,4,4,4,4,1,1,4,3,3,3,2,1,2,4,4,1,4,2,4,1,4,3,3,2,3,3,3,2
pid_963,1,1,1,1,2,4,2,4,4,4,4,3,1,4,4,4,4,4,1,2,2,3,2,2,4,1,2,3,2,3,2,2,3,2,2,1,2,3,2,1,1,2,3,3,3,2,2,2,2,1,4,4,4,3,4,4,4,4,4,1,4,2,4,4,2,4,4,1,1,3,3,3,2,2,1,2,3,3,1,4,1,4,1,4,3,2,2,3,2,2,2
pid_437,2,1,1,1,1,4,4,4,4,4,4,4,1,4,4,4,4,4,1,2,2,2,1,1,4,2,2,3,1,3,2,2,3,3,2,1,2,3,2,2,1,1,3,3,3,2,2,1,1,1,4,3,4,3,4,4,3,2,4,1,3,2,4,4,4,4,4,1,1,4,2,4,3,1,1,3,3,3,1,4,1,4,1,4,3,3,2,3,2,2,2
pid_1653,1,3,1,2,1,1,3,2,1,1,2,4,2,4,4,4,4,4,1,4,3,4,4,4,1,1,4,4,4,1,2,4,2,4,4,4,3,2,1,4,4,4,3,3,3,3,4,2,4,3,4,4,4,4,4,3,4,4,4,2,3,2,2,1,1,1,1,2,3,4,4,3,4,4,1,4,4,2,1,1,4,4,1,4,2,1,3,3,1,3,4
pid_1334,1,1,1,1,1,2,1,4,4,4,4,3,2,4,4,4,4,4,1,1,1,2,1,1,2,1,1,4,1,3,3,2,2,4,1,1,1,3,3,1,1,1,3,3,3,2,2,1,1,1,4,4,4,2,4,4,3,3,2,1,2,1,4,4,4,4,4,1,1,4,2,4,2,1,1,2,4,4,1,4,2,4,1,4,3,2,1,2,3,1,2
pid_150,1,2,1,1,1,4,3,4,4,4,4,4,1,4,4,4,4,4,1,2,1,2,1,1,4,2,2,2,1,3,3,2,3,2,2,1,1,3,2,2,1,1,3,3,3,3,2,2,1,1,4,4,4,3,4,4,3,4,3,2,4,2,4,4,4,4,4,1,2,4,1,4,2,1,1,2,4,4,1,4,2,4,1,4,3,2,2,1,2,2,1
pid_1063,1,1,1,2,1,3,1,4,4,4,4,3,4,4,2,4,4,4,1,3,2,3,2,2,4,2,3,4,2,3,2,3,3,4,3,1,3,3,2,2,1,2,3,3,3,2,2,2,2,3,4,4,4,3,4,4,3,1,1,1,1,1,4,4,4,4,4,2,2,4,3,3,3,2,2,3,3,3,1,4,2,4,1,4,2,2,1,2,2,2,2
pid_207,1,1,1,1,1,1,1,4,4,4,4,3,1,4,4,4,4,4,1,2,1,3,2,3,2,1,4,4,4,1,2,3,2,3,3,2,4,2,2,3,1,1,3,2,2,3,3,2,3,1,3,4,3,3,4,4,3,3,1,1,2,1,3,4,1,2,2,1,4,4,4,3,4,3,3,2,3,2,1,3,4,4,1,4,2,1,1,1,1,2,1
pid_760,1,1,2,1,1,4,1,4,4,4,4,2,1,4,4,4,4,4,1,2,1,2,2,2,4,1,2,3,3,1,1,3,3,3,2,1,2,2,2,3,1,1,3,2,2,2,3,1,3,1,4,4,4,4,4,4,4,4,2,2,4,4,4,4,1,4,4,1,2,4,2,3,3,2,2,3,3,2,1,4,1,4,1,4,2,2,1,1,1,2,1
pid_1504,4,4,1,1,3,4,4,4,4,4,4,4,2,3,2,2,4,4,3,3,3,4,2,2,4,2,2,4,1,3,3,2,4,4,2,1,3,4,4,2,2,3,3,3,3,3,3,2,1,3,3,3,3,2,3,4,4,4,4,3,4,2,4,4,4,4,4,1,2,3,1,3,4,3,1,3,4,4,1,4,1,4,1,4,3,3,4,4,4,4,4
pid_887,1,2,1,1,1,3,2,4,4,4,4,2,3,2,2,2,4,4,1,2,1,3,1,2,4,2,2,3,1,3,2,3,3,4,2,1,3,3,2,1,1,2,3,3,3,3,2,2,1,3,2,4,4,2,2,2,3,1,1,1,1,1,4,4,4,4,4,1,2,4,2,3,3,2,1,2,3,4,1,4,1,4,1,4,3,3,3,3,2,2,3
pid_1850,1,1,1,2,1,4,1,4,4,4,4,4,1,4,4,4,4,4,1,2,1,2,2,2,4,2,2,3,2,2,2,3,3,4,3,1,2,3,2,2,2,1,2,3,2,3,2,2,2,1,4,4,4,3,4,4,3,2,1,2,3,2,4,4,2,4,4,2,2,3,2,4,3,2,2,4,3,3,1,4,1,4,1,4,2,2,1,1,2,3,2
pid_249,1,1,1,1,1,1,1,4,4,4,4,1,1,4,4,4,4,4,1,1,1,1,1,2,1,1,4,3,4,1,1,4,2,3,2,2,2,1,1,2,1,1,2,2,2,2,2,2,2,1,4,4,4,4,4,4,4,4,4,2,3,2,3,4,1,1,4,1,2,4,4,4,3,2,3,3,2,2,1,4,4,4,1,4,1,1,1,1,1,2,1
pid_1119,1,1,1,3,1,4,2,4,4,4,4,1,3,2,1,2,2,4,1,2,1,1,1,2,3,1,3,3,2,2,2,3,4,4,3,2,3,3,3,2,1,2,3,3,3,3,3,2,1,3,2,2,3,2,2,2,3,1,1,1,1,1,4,4,2,2,4,3,2,4,4,3,3,3,1,2,3,2,1,4,2,4,1,4,3,2,2,2,2,4,3
pid_1964,2,1,1,1,1,4,3,4,4,4,4,4,3,2,2,2,2,4,1,2,1,2,1,1,4,2,2,4,1,4,3,2,3,3,2,1,2,4,3,1,1,1,3,3,3,2,2,1,1,3,2,2,2,2,2,2,3,1,1,1,1,1,4,4,4,4,4,1,2,4,1,3,3,2,1,2,4,4,1,4,1,4,1,4,4,2,2,4,3,3,2
pid_1683,1,1,1,3,1,4,1,4,4,4,4,3,2,4,4,4,4,4,1,1,1,1,1,1,4,1,1,2,1,2,2,3,3,3,2,1,2,2,2,1,1,1,3,2,2,2,2,2,1,1,4,4,4,3,4,4,4,4,4,4,4,2,4,4,4,4,4,2,2,4,2,4,2,2,1,3,3,4,1,4,1,4,1,4,3,2,1,2,2,2,3
pid_180,1,1,1,2,1,1,1,4,4,4,4,3,1,4,4,4,4,4,1,1,1,2,1,2,1,1,2,2,1,2,3,2,3,2,2,1,2,3,2,1,1,1,3,3,2,2,2,2,2,1,4,4,4,2,4,4,4,4,1,3,4,2,1,4,4,4,4,1,3,3,2,4,2,2,1,2,3,3,1,4,1,4,1,4,3,1,1,1,1,1,1
pid_13,1,1,1,2,1,1,1,4,4,4,4,1,1,4,4,4,4,4,1,1,1,2,2,2,1,1,3,2,1,1,1,3,3,3,2,2,2,2,2,1,1,1,2,2,2,2,2,2,2,1,4,4,4,3,4,4,4,2,2,1,2,1,3,4,1,4,4,1,2,4,3,4,2,2,2,3,2,2,1,4,2,4,1,4,2,1,1,1,1,1,1
pid_1157,1,1,1,2,1,4,2,4,4,4,4,2,1,4,4,4,4,4,1,2,1,2,2,2,4,2,2,3,2,2,2,3,4,3,2,2,3,3,2,1,1,1,3,2,2,2,2,1,2,1,4,4,4,3,4,4,3,2,1,2,4,2,4,4,4,4,4,2,2,4,2,4,3,2,1,3,3,3,1,4,2,4,1,4,3,2,2,2,2,3,2
pid_333,1,1,1,1,1,1,1,4,4,4,4,4,1,4,4,4,4,4,1,2,1,2,2,2,1,1,2,2,2,1,1,2,4,3,2,1,1,3,1,1,1,1,3,3,3,2,3,1,1,1,4,4,4,3,4,4,4,4,4,1,1,1,4,4,1,4,4,1,4,4,3,3,2,2,1,4,4,4,1,4,1,4,1,4,3,1,1,1,1,1,1
pid_654,1,1,2,1,1,4,3,4,4,4,4,1,2,4,4,4,4,4,2,2,2,3,1,1,4,2,2,4,1,4,3,2,3,3,2,1,2,4,3,1,1,1,3,3,3,3,3,2,1,2,3,4,2,2,4,4,4,2,2,2,3,2,4,4,4,4,4,1,2,3,2,4,3,3,1,2,3,3,1,4,1,4,1,4,3,3,1,2,1,3,1
pid_1430,1,1,1,1,1,1,1,2,1,4,2,4,2,4,2,4,4,4,1,2,1,3,3,3,1,1,4,4,4,1,2,4,4,4,3,3,3,3,2,4,2,1,3,3,3,2,3,2,4,3,2,4,4,4,4,3,2,1,1,1,1,1,1,2,1,1,1,1,4,4,4,2,4,4,2,2,3,2,1,2,4,4,1,4,3,1,1,1,1,2,2
pid_1880,1,1,1,1,1,1,2,4,4,4,4,1,3,4,2,4,4,4,1,2,2,3,2,2,1,2,2,3,1,3,3,2,3,3,2,1,1,3,2,1,1,1,3,3,3,3,2,1,1,3,4,4,4,2,4,4,4,2,2,1,2,1,4,4,4,4,4,1,2,3,2,3,2,2,1,1,4,3,1,4,1,4,1,4,3,2,1,1,2,2,1
pid_503,1,4,1,3,4,3,1,4,4,4,4,4,4,2,3,2,4,4,3,4,3,4,2,2,3,1,2,3,2,2,2,3,4,4,2,2,3,4,3,2,2,2,3,3,3,3,3,2,1,3,4,4,4,2,4,2,4,4,2,3,4,3,4,4,2,4,4,3,2,4,1,2,3,3,1,2,4,4,1,4,1,4,1,4,3,2,4,4,4,4,4
pid_1767,1,1,1,2,1,3,1,4,4,4,4,3,4,2,2,2,4,4,1,2,1,2,2,2,2,1,3,4,2,1,2,3,2,4,3,2,3,2,3,2,1,1,3,2,2,2,3,1,3,3,2,4,4,4,4,4,3,1,1,1,1,1,4,4,1,2,4,2,3,4,4,3,4,3,2,2,3,2,1,4,2,4,1,4,3,1,1,1,1,3,1
pid_299,1,1,1,1,4,2,1,4,4,4,4,1,2,4,3,4,4,4,1,2,1,2,1,2,2,2,2,2,1,3,3,2,2,3,2,1,2,4,2,1,1,1,3,3,2,2,2,2,2,2,3,4,3,3,3,4,4,4,3,1,3,2,4,4,4,4,4,1,2,4,1,3,2,2,1,2,3,4,1,4,1,4,1,4,3,2,2,2,2,2,2
pid_1200,1,1,2,1,1,3,1,4,4,4,4,1,1,4,4,4,4,4,1,1,1,2,2,2,2,1,4,4,3,1,1,3,2,3,2,2,2,1,2,3,2,1,2,2,2,2,3,2,3,1,4,4,4,4,4,4,4,4,2,2,3,4,4,4,1,1,2,1,2,4,4,4,4,4,4,4,3,1,1,2,2,4,1,4,2,1,1,1,1,3,2
pid_819,1,1,1,2,1,4,1,4,4,4,4,1,2,4,4,4,4,4,1,2,1,2,1,1,4,1,2,3,1,3,2,2,4,3,2,1,2,3,3,1,1,1,3,3,3,2,2,2,1,1,4,4,4,3,4,4,3,2,1,1,3,2,4,4,4,4,4,1,2,4,1,4,3,2,1,3,3,3,1,4,2,4,1,4,3,2,1,1,2,2,1
pid_1729,1,1,1,1,1,4,1,4,4,4,4,4,1,4,4,4,4,4,1,1,1,2,1,2,4,1,3,3,1,3,2,3,3,3,3,1,2,2,2,1,1,1,3,3,2,2,3,1,2,1,4,4,4,3,4,4,3,4,4,3,4,2,4,4,4,4,4,1,2,4,2,3,3,3,1,2,3,3,1,4,2,4,1,4,3,2,1,1,2,1,1
pid_2038,1,1,2,1,1,2,1,4,1,4,2,4,2,4,2,4,4,4,1,2,2,3,4,4,2,1,4,4,4,1,1,4,2,4,4,4,3,2,1,4,3,3,3,3,3,3,4,2,4,2,4,4,4,4,4,4,4,2,1,1,1,2,3,2,1,1,1,1,4,2,4,2,4,4,4,2,3,1,1,2,4,4,1,4,2,1,1,1,1,3,4
pid_857,1,1,1,1,2,4,2,4,4,4,4,3,2,3,3,4,4,4,1,2,1,3,1,2,4,2,2,3,1,3,2,3,3,4,2,1,2,3,3,1,1,2,3,3,3,3,2,2,2,2,3,4,4,2,3,4,3,4,1,1,2,2,4,4,4,4,4,1,2,3,3,4,3,3,1,2,3,3,1,4,2,4,1,4,3,2,1,1,2,2,1
pid_149,1,2,1,2,1,4,2,4,4,4,4,2,2,4,3,4,4,4,2,3,2,4,2,3,4,2,2,3,1,3,3,2,3,3,2,2,2,3,3,2,1,1,3,3,3,3,2,1,1,2,4,4,4,2,4,4,4,4,2,2,4,2,4,4,4,4,4,1,2,4,4,4,2,2,1,2,4,3,1,4,2,4,1,4,3,2,2,3,2,2,3
pid_934,1,1,1,2,2,4,2,4,4,4,4,1,1,4,4,4,4,4,1,1,1,1,1,1,4,1,2,3,2,1,2,2,3,2,2,1,1,1,2,2,1,1,2,2,2,2,2,2,2,1,4,4,4,4,4,4,4,4,4,2,4,2,4,4,2,4,4,1,2,4,4,4,3,2,3,3,3,2,1,4,1,4,1,4,2,2,1,1,1,2,1
pid_94,1,1,2,2,1,4,1,4,4,4,4,2,1,4,4,4,4,4,1,2,1,2,2,2,4,1,2,3,2,2,2,2,3,3,2,1,1,2,2,2,2,1,2,3,3,2,2,1,2,1,4,4,4,3,4,4,4,4,4,2,4,4,4,4,2,4,4,2,1,4,2,4,2,2,1,3,3,2,1,4,2,4,1,4,2,2,2,2,1,2,1
pid_107,3,4,1,1,1,3,4,3,1,2,1,4,3,2,1,2,2,4,3,4,4,4,4,4,3,1,4,4,4,1,3,4,3,4,4,3,4,2,4,4,4,4,4,4,4,3,3,2,4,3,2,2,4,4,2,3,4,1,2,2,1,3,4,1,1,1,4,1,4,4,1,1,4,4,1,2,4,1,1,1,4,4,1,4,3,1,4,4,1,4,4
pid_1363,1,1,1,1,1,4,1,4,4,4,4,1,1,4,4,4,4,4,1,1,1,2,1,2,4,1,2,2,1,3,2,2,2,2,1,1,1,3,3,1,1,1,2,3,2,2,2,2,1,1,4,4,4,3,4,4,4,1,1,1,1,1,4,4,4,4,4,1,1,3,2,4,2,1,1,2,3,3,1,4,2,4,1,4,3,2,1,1,1,2,1
pid_1604,1,1,1,1,4,2,1,4,4,4,4,1,1,4,4,4,4,4,1,1,1,1,1,1,2,1,2,2,1,2,2,1,3,2,1,1,1,3,2,1,1,1,3,3,3,2,2,2,2,1,4,4,4,3,4,4,3,4,1,2,3,1,4,4,4,4,4,1,1,3,1,4,2,1,1,2,3,4,1,4,1,4,1,4,3,1,1,1,1,1,1
pid_460,1,1,1,2,1,4,3,4,4,4,4,2,1,4,4,4,4,4,2,2,1,2,2,2,4,2,2,4,1,3,2,2,3,4,2,1,1,3,2,2,1,2,2,3,2,2,2,2,2,1,4,3,4,3,4,4,4,4,2,3,3,2,4,4,2,4,4,1,1,3,3,4,2,1,1,2,3,2,1,4,1,4,1,4,3,2,3,3,2,2,2
pid_1553,1,1,1,1,1,1,1,1,1,4,1,1,2,4,4,4,4,4,1,2,1,2,3,2,1,1,4,3,4,1,2,3,1,4,3,4,3,1,1,3,1,1,2,2,2,2,4,1,3,1,3,4,4,4,4,4,4,4,4,1,1,2,1,3,1,1,1,1,3,4,4,3,4,3,3,4,2,1,1,4,4,4,1,4,1,1,1,1,1,2,1
pid_737,1,1,1,1,1,4,2,4,4,4,4,4,3,2,4,1,1,4,3,2,2,3,2,2,4,2,2,3,1,3,3,3,4,4,2,2,2,4,3,1,1,2,3,3,3,3,2,2,1,3,4,4,4,2,3,3,3,1,1,2,4,2,4,4,4,4,4,1,2,3,2,4,3,2,1,2,4,4,1,4,1,4,1,4,3,3,3,3,3,2,2
pid_250,1,1,1,1,1,1,1,2,2,4,3,4,4,4,2,4,4,4,1,1,1,1,2,2,1,1,4,4,4,1,2,4,2,3,4,3,3,1,2,4,2,1,3,2,3,3,3,1,3,3,3,4,4,3,2,2,4,1,2,1,1,1,3,4,1,1,1,1,3,4,4,4,4,3,3,3,4,3,1,3,2,4,1,4,3,1,1,1,1,4,4
pid_1849,1,1,1,1,1,4,1,4,4,4,4,1,2,4,2,4,4,4,1,2,1,2,1,2,4,2,2,3,1,3,3,3,4,4,2,1,2,3,3,2,1,1,3,3,3,2,2,2,1,2,4,4,3,2,4,4,3,1,2,1,2,1,4,4,4,4,4,2,2,4,2,3,2,2,1,2,3,3,1,4,3,4,1,4,3,2,1,2,2,2,1
pid_1034,1,1,1,1,1,3,1,4,4,4,4,1,1,4,4,4,4,4,1,2,1,2,1,2,3,1,1,2,1,4,3,2,2,2,2,1,1,3,3,1,1,1,3,3,2,3,2,2,1,1,3,4,3,1,3,4,4,4,4,2,4,1,4,4,2,4,4,1,3,4,1,3,2,1,1,1,3,3,1,4,2,4,1,4,3,1,1,1,1,1,1
pid_779,3,3,1,1,2,2,3,4,4,4,4,4,2,3,2,2,2,4,2,3,2,3,1,2,4,2,2,4,1,3,2,2,3,3,2,1,2,4,3,2,2,1,3,3,3,3,2,2,1,3,2,4,4,3,4,4,4,1,4,1,1,1,4,4,4,4,4,2,1,3,2,3,2,2,1,2,3,4,1,4,1,4,1,4,3,3,3,3,3,3,3
pid_1287,1,1,1,1,1,4,3,4,4,4,4,1,3,2,2,2,2,4,1,2,1,2,1,1,4,2,2,3,1,3,3,2,4,4,2,1,2,4,3,1,1,1,3,3,3,3,2,2,1,3,2,2,2,2,2,2,3,1,1,1,1,1,4,4,4,4,4,1,2,3,2,3,2,2,1,3,4,4,1,4,1,4,1,4,3,3,3,3,3,2,2
pid_584,1,1,1,2,1,4,1,4,3,4,4,4,3,2,1,2,2,4,1,3,2,3,2,3,4,1,4,4,3,4,3,4,4,4,3,2,3,3,3,3,2,1,3,3,3,3,3,2,3,3,2,2,2,2,2,2,2,1,1,1,1,1,4,4,2,4,4,2,3,3,4,3,4,4,1,2,3,3,1,4,3,4,1,4,3,1,1,1,2,3,1
pid_1807,1,1,1,2,1,2,1,4,4,4,4,4,2,2,2,2,3,4,1,3,2,3,2,2,3,2,2,3,2,3,2,4,4,3,3,1,2,3,3,4,2,2,3,3,2,3,3,2,2,3,3,3,3,3,3,3,2,1,1,1,2,2,4,4,4,4,4,2,3,4,2,4,3,3,2,3,3,3,1,4,2,4,1,4,3,2,3,4,2,3,2
pid_1429,1,1,2,2,1,4,1,4,4,4,4,2,1,4,4,4,4,4,1,2,1,3,2,3,4,1,4,4,3,1,2,4,2,4,3,2,3,2,2,3,2,1,3,2,3,2,3,1,3,1,4,4,4,4,4,4,3,2,1,3,2,2,4,4,1,1,4,2,4,4,1,4,4,3,2,3,2,2,1,4,4,4,1,4,1,1,1,1,1,3,2
pid_1933,1,1,1,2,1,4,1,4,4,4,4,3,2,4,2,3,4,4,1,2,1,2,1,2,4,2,2,3,1,3,2,3,3,4,2,2,2,4,3,1,1,1,3,3,2,3,2,1,1,2,3,4,4,2,3,4,2,1,1,1,2,1,4,4,3,4,4,2,2,4,1,4,3,2,1,2,3,4,1,4,1,4,1,4,3,2,1,1,2,1,1
pid_199,1,1,1,2,3,2,1,4,4,4,4,2,1,4,4,4,4,4,1,1,1,1,1,1,2,1,2,2,2,1,2,2,3,2,2,1,2,3,1,2,1,1,2,2,2,2,2,2,1,1,4,4,4,3,4,4,4,4,1,3,4,2,4,4,3,4,4,1,2,3,2,4,3,2,2,3,3,3,1,4,1,4,1,4,3,1,1,1,1,3,1
pid_1467,1,1,1,2,4,4,1,3,4,4,4,1,1,4,4,4,4,4,1,2,1,3,2,3,2,1,4,3,3,1,2,3,4,4,2,2,2,3,2,3,2,1,2,3,3,2,3,2,3,1,4,4,4,4,4,4,4,4,3,2,2,2,3,4,1,1,4,1,2,4,4,4,4,3,1,3,3,2,1,4,3,4,1,4,3,1,1,1,1,2,2
pid_603,1,1,2,1,1,4,1,4,4,4,4,1,4,4,2,2,2,4,1,3,3,4,1,2,4,3,2,4,1,4,3,2,4,4,2,1,2,4,3,2,1,2,3,3,3,3,2,2,1,3,2,3,3,2,3,3,2,1,1,1,1,1,4,4,4,4,4,1,4,4,1,3,2,4,1,2,3,4,1,4,1,4,1,4,3,3,2,3,2,2,2
pid_364,1,1,1,2,1,2,1,4,4,4,4,4,1,4,4,4,4,4,1,1,1,2,1,3,1,1,2,2,1,3,2,2,3,3,2,1,2,3,3,1,1,1,3,3,3,2,2,1,2,1,4,4,4,3,4,4,4,4,4,2,4,3,4,4,4,3,4,1,1,3,2,4,2,2,1,2,3,3,1,4,2,4,1,4,3,1,1,1,1,1,1
pid_44,1,1,1,1,1,4,1,4,4,4,4,1,3,3,2,2,2,4,1,2,1,1,1,1,4,2,2,4,1,4,3,2,4,3,2,1,3,4,3,1,1,1,3,3,3,3,2,2,1,4,2,3,3,2,2,2,3,1,1,1,1,1,4,4,4,4,4,1,4,4,1,3,3,1,1,1,4,4,1,4,1,4,1,4,3,3,2,3,3,1,2
pid_1100,1,1,2,1,1,4,2,4,4,4,4,1,1,4,4,4,4,4,1,2,1,2,2,2,4,2,2,3,1,3,3,2,3,3,2,1,2,3,3,1,1,2,3,3,3,2,2,2,1,1,3,3,3,2,4,3,3,4,2,2,4,2,4,4,4,4,4,1,2,4,2,3,3,3,1,3,3,4,1,4,1,4,1,4,3,2,1,2,2,2,1
pid_1257,1,1,1,2,1,4,1,4,4,4,4,4,4,4,2,4,4,4,1,2,2,2,2,2,4,2,2,2,1,3,3,2,4,4,3,2,2,3,2,4,1,2,3,3,3,3,3,1,1,3,2,3,3,2,2,2,3,1,1,1,1,1,4,4,4,4,4,3,3,3,1,3,2,4,1,2,4,2,1,4,1,4,1,4,3,2,1,3,2,2,3
pid_1730,1,1,2,2,1,4,1,4,4,4,4,4,4,3,1,2,2,4,1,3,2,3,1,2,4,2,2,4,1,3,3,2,3,4,3,1,2,3,3,3,1,1,3,3,3,3,2,3,1,3,1,3,3,2,2,2,2,1,1,1,1,1,4,4,4,4,4,2,2,4,1,3,3,2,1,2,4,3,1,4,1,4,1,4,3,3,3,3,3,3,4
pid_2021,1,1,1,1,1,1,1,3,1,4,3,1,3,4,2,4,4,4,1,2,2,3,3,3,1,1,4,4,4,1,2,4,2,4,3,4,4,2,2,3,2,1,3,3,3,3,3,2,4,3,3,4,4,4,4,4,3,1,1,1,1,1,1,1,1,1,4,1,4,4,4,2,4,4,3,2,3,2,1,2,4,4,1,4,3,1,1,1,1,2,2
pid_554,1,1,1,1,3,1,1,4,4,4,4,3,4,4,2,4,4,4,1,2,1,2,2,2,1,1,2,2,1,2,2,2,2,3,2,2,2,3,1,1,1,1,3,3,3,2,2,1,2,2,4,4,4,3,4,4,2,1,1,1,1,1,1,4,1,1,4,1,1,4,3,3,2,1,1,2,3,3,1,4,1,4,1,4,3,1,1,1,1,2,1
pid_800,1,2,1,2,2,4,1,3,2,4,2,4,3,2,3,2,3,4,1,4,2,4,3,3,4,1,4,4,4,1,2,4,2,4,4,4,4,2,3,4,3,3,3,2,3,3,4,2,3,3,2,4,4,3,3,3,3,2,1,2,2,3,4,4,1,1,4,2,4,3,1,2,4,4,1,2,3,3,1,2,4,4,1,4,2,1,4,3,1,3,3
pid_1583,1,1,1,2,1,4,3,4,4,4,4,1,1,4,4,4,4,4,1,2,1,1,1,1,4,2,1,3,1,3,3,2,2,3,2,1,1,3,2,3,1,1,3,3,2,2,2,1,1,1,4,3,4,3,4,4,4,4,4,2,4,3,4,4,4,4,4,1,1,4,2,4,2,1,1,3,3,3,1,4,1,4,1,4,3,2,2,2,2,2,2
pid_1219,1,1,1,2,3,2,1,4,4,4,4,1,2,4,4,4,4,4,1,2,1,2,2,2,2,1,3,2,2,1,1,2,3,3,2,2,1,2,2,1,1,1,2,2,2,2,2,1,2,1,4,4,4,4,4,4,4,4,1,1,2,2,3,4,1,2,3,2,2,4,3,4,2,2,2,4,3,1,1,4,2,4,1,4,2,1,1,1,1,2,2
pid_280,1,1,1,1,3,4,1,4,4,4,4,1,1,4,4,4,4,4,1,1,1,2,1,1,4,1,1,3,1,2,1,2,3,3,1,1,1,3,4,1,1,1,3,3,2,3,1,1,1,1,4,4,4,2,4,4,4,4,4,3,4,3,4,4,4,4,4,1,1,3,1,4,2,1,1,2,4,3,1,4,1,4,1,4,3,2,1,1,2,2,1
pid_1899,1,1,1,2,1,4,2,4,4,4,4,1,1,3,4,2,3,4,1,1,1,1,2,1,4,2,2,2,2,1,2,2,4,3,2,1,1,2,2,1,1,1,2,2,2,2,2,1,2,1,4,4,4,3,3,3,4,3,1,2,4,3,4,4,2,3,4,2,2,4,2,4,2,2,1,3,3,1,1,4,1,4,1,4,2,2,1,1,1,1,1
pid_1128,1,2,1,1,1,4,2,4,4,4,4,4,4,4,2,3,4,4,1,2,2,3,1,2,4,2,2,3,1,3,3,2,4,3,2,1,2,3,3,1,1,1,3,3,3,3,2,2,2,3,4,4,3,2,4,4,3,1,1,1,1,1,4,4,4,4,4,1,3,4,2,3,2,2,1,1,4,3,1,4,1,4,1,4,3,3,3,3,3,3,2
pid_1955,1,1,1,2,1,2,1,4,4,4,4,4,1,4,4,4,4,4,1,2,1,2,2,3,2,1,3,4,3,1,2,3,3,3,3,3,3,2,2,3,1,1,3,2,3,2,3,1,2,1,4,4,4,3,4,4,4,4,2,3,3,3,4,4,1,2,4,2,3,4,4,3,4,3,1,3,3,3,1,4,3,4,1,4,2,1,1,1,1,1,1
pid_302,1,1,1,1,1,1,1,4,4,4,4,1,1,3,4,3,3,4,1,2,1,2,2,2,1,1,3,3,1,1,2,3,4,4,3,2,1,2,3,1,1,1,3,2,3,2,3,2,3,1,4,4,4,3,4,4,4,1,1,1,2,3,4,4,1,4,4,1,3,4,4,3,4,2,1,4,3,3,1,4,2,4,1,4,3,1,1,1,1,2,1
pid_498,1,1,1,2,3,1,1,2,4,4,4,1,1,4,4,4,4,4,1,1,1,2,2,2,1,1,2,2,1,1,1,2,3,2,1,3,1,2,1,3,1,1,2,2,2,2,2,2,3,1,4,4,4,4,4,4,4,4,2,3,2,2,1,4,2,1,4,2,1,4,4,3,3,2,2,3,3,2,1,4,4,4,1,4,2,1,1,1,1,1,1
pid_1166,1,1,1,1,1,4,3,4,4,4,4,4,3,4,3,3,4,4,2,2,2,2,1,2,4,3,2,4,1,3,3,2,4,4,2,1,2,3,3,1,1,1,3,3,3,3,2,1,1,3,4,4,3,2,4,4,2,1,1,1,1,1,4,4,4,4,4,1,2,4,1,3,2,2,1,2,4,3,1,4,2,4,1,4,3,3,2,4,2,2,2
pid_22,1,1,1,1,1,4,3,4,4,4,4,4,3,4,2,4,4,4,1,3,2,3,2,2,4,3,2,4,1,3,4,4,4,4,3,1,3,3,3,1,1,2,3,3,3,3,2,2,1,3,4,4,4,2,4,4,2,1,1,1,1,1,4,4,3,4,4,1,3,3,1,3,3,3,1,1,4,4,1,4,2,4,1,4,3,3,3,3,3,4,3
pid_982,1,1,1,2,1,2,1,4,4,4,4,4,2,4,4,4,4,4,1,2,1,4,4,4,2,1,4,4,4,1,2,3,3,3,3,2,3,2,2,4,2,2,3,2,3,2,3,2,4,1,4,4,4,4,4,4,4,2,4,2,3,2,3,3,1,1,1,1,2,4,1,2,4,2,1,3,3,2,1,2,2,4,1,4,1,1,1,2,1,2,3
pid_1401,1,2,1,3,4,2,1,2,4,4,4,1,4,2,1,2,4,4,1,4,3,4,3,3,3,1,3,2,2,2,2,3,4,4,3,3,3,4,3,1,2,2,3,3,3,3,3,2,3,3,2,4,4,4,3,2,3,4,1,1,1,1,3,2,1,1,1,4,3,4,2,2,4,4,1,2,3,3,1,2,3,4,1,4,3,1,3,3,1,3,3
pid_665,1,1,1,1,1,2,1,4,4,4,4,1,1,4,4,4,4,4,1,2,1,2,2,2,3,2,2,2,1,4,3,2,3,3,2,1,2,4,3,1,1,1,3,3,3,3,2,2,1,1,4,4,2,3,4,3,4,4,3,2,4,2,4,4,4,4,4,1,3,3,1,4,2,3,1,2,3,3,1,4,2,4,1,4,4,2,1,1,1,1,1
pid_2047,1,1,1,1,2,1,2,3,1,4,2,1,3,3,3,3,4,4,1,2,2,2,2,2,1,1,4,4,4,1,2,4,3,4,3,3,3,2,2,4,2,1,3,2,3,3,3,2,4,1,4,4,4,4,4,4,3,2,1,1,2,1,1,2,1,1,4,1,4,4,4,2,4,3,3,3,3,2,1,2,4,4,1,4,3,1,1,1,1,2,2
pid_1756,1,2,2,1,1,1,1,2,1,2,2,3,1,4,4,4,4,4,1,2,1,3,3,3,1,1,4,3,4,1,1,3,4,4,3,2,3,2,2,4,3,2,3,3,3,2,3,2,3,1,4,4,4,4,4,4,4,2,1,2,2,2,4,2,1,2,4,1,3,4,4,4,4,3,3,3,3,2,1,3,2,4,1,4,2,1,1,1,1,3,3
pid_532,1,1,1,2,1,3,1,4,4,4,4,3,1,4,4,4,4,4,1,2,2,3,1,2,3,2,2,2,2,3,3,3,3,3,2,1,1,3,2,2,1,2,3,3,3,3,2,2,1,1,4,4,3,3,4,4,3,4,3,2,4,2,4,4,3,4,4,1,3,4,3,3,2,2,1,2,3,3,1,4,1,4,1,4,3,2,1,2,2,2,1
pid_828,1,2,1,3,3,4,2,3,3,3,2,2,2,4,4,4,4,4,1,3,2,4,3,3,4,1,3,3,3,2,2,3,4,4,3,3,3,3,3,4,3,4,3,3,3,3,3,2,3,2,4,4,4,4,4,4,4,2,4,2,4,2,4,4,4,1,4,2,3,3,2,3,3,3,1,3,3,3,1,3,3,4,1,4,3,2,4,3,2,4,3
pid_1231,2,2,2,2,1,4,3,4,4,4,4,4,2,4,3,2,3,4,1,2,1,2,1,2,4,1,4,4,2,1,1,4,4,4,3,2,2,2,3,3,2,1,3,3,3,2,3,2,3,1,4,4,4,4,4,4,4,1,4,2,3,4,4,4,1,4,4,2,2,4,1,3,4,3,2,4,3,3,1,4,3,4,1,4,2,1,3,3,1,3,3
pid_2009,1,2,1,2,1,3,1,4,2,4,3,1,2,4,3,4,4,4,1,2,1,2,2,3,2,1,4,4,4,1,2,3,3,4,2,3,3,2,2,4,2,1,3,2,3,2,3,1,4,1,4,4,4,4,4,4,4,1,1,1,1,1,4,4,1,1,1,2,3,4,4,4,4,3,3,3,2,1,1,2,4,4,1,4,3,1,1,1,1,3,3
pid_1718,1,3,1,2,1,3,2,3,2,4,2,4,3,2,3,2,2,4,1,3,3,3,3,3,3,1,4,4,4,1,2,4,3,4,3,3,3,3,3,4,3,2,3,3,3,3,3,2,4,3,2,4,4,3,2,3,3,1,1,1,2,2,4,4,1,1,1,2,3,4,1,2,4,4,2,2,3,2,1,3,3,4,1,4,3,1,3,3,1,3,3
pid_1082,1,1,1,1,1,1,1,1,1,4,4,1,4,2,1,2,4,4,1,4,3,4,4,4,1,1,4,4,3,4,3,4,4,4,4,4,3,4,3,4,3,3,3,3,3,3,4,2,4,4,2,2,2,1,1,2,2,1,1,1,1,1,1,1,1,1,4,1,4,3,4,1,4,4,1,2,4,3,1,4,4,4,1,4,4,1,1,1,1,4,2
pid_866,1,1,1,1,2,4,1,4,4,4,4,1,1,4,4,4,4,4,1,1,1,2,1,1,4,2,2,3,1,3,2,2,3,2,1,1,1,3,2,1,1,1,3,3,2,2,2,1,1,1,4,4,4,3,4,4,4,4,4,2,4,2,4,4,4,4,4,1,2,3,2,4,2,1,1,2,3,3,1,4,1,4,1,4,3,2,1,1,2,2,1
pid_781,1,2,2,1,1,4,1,4,4,4,4,1,1,4,4,4,4,4,1,2,1,2,2,2,4,2,2,4,1,3,2,2,3,2,2,1,2,3,2,2,1,1,3,3,3,2,2,2,1,1,4,4,4,2,4,4,4,4,4,2,4,4,4,4,4,4,4,1,2,4,3,4,2,2,1,3,4,3,1,4,1,4,1,4,3,2,1,2,2,3,2
pid_448,1,3,2,2,1,4,3,4,2,2,2,4,3,4,3,4,4,4,1,3,3,3,2,3,4,1,3,4,4,2,2,4,3,3,3,3,3,2,3,4,3,3,3,3,3,3,3,1,3,3,3,3,4,4,4,4,4,1,1,1,1,1,4,4,1,1,2,2,3,4,4,2,4,3,2,2,4,2,1,2,3,4,1,4,3,2,3,3,1,3,3
pid_952,1,1,1,1,1,2,1,4,4,4,4,4,2,2,2,2,4,4,1,2,1,3,2,2,2,2,2,3,1,4,3,3,3,4,2,1,3,3,3,2,1,1,3,3,3,3,2,3,2,3,2,3,2,2,2,2,2,1,1,1,1,1,4,4,2,4,4,1,3,2,2,2,2,3,1,2,4,4,1,4,2,4,1,4,3,2,1,1,2,2,1
pid_1662,1,1,1,3,1,1,2,3,4,4,4,3,2,3,2,2,3,4,1,2,1,3,2,2,1,1,3,3,3,2,2,3,3,3,3,2,3,3,2,3,2,2,3,2,3,3,2,2,3,3,2,4,4,3,3,3,4,1,1,1,2,2,3,4,1,4,4,2,2,4,4,3,3,3,1,2,3,3,1,4,2,4,1,4,3,1,1,2,1,3,2
pid_406,1,2,1,3,1,3,1,4,2,4,2,4,4,2,2,2,4,4,2,4,3,4,3,4,3,2,4,4,3,3,2,3,4,4,3,2,3,4,3,4,3,3,3,3,3,3,3,1,3,3,4,3,4,3,4,2,2,1,1,1,1,1,4,2,1,2,1,3,3,4,1,3,3,3,2,2,3,2,1,3,1,4,1,4,3,2,3,4,3,3,4
pid_1985,1,1,1,1,1,3,1,4,4,4,4,1,1,4,3,4,4,4,1,2,1,2,2,2,2,2,2,3,1,4,3,2,3,4,2,1,2,3,3,1,1,1,2,2,3,2,2,2,1,2,3,3,2,2,3,2,3,2,2,2,3,2,4,4,4,4,4,1,2,4,3,3,2,2,1,2,3,3,1,4,1,4,1,4,3,2,1,2,2,2,1
pid_161,1,2,1,1,1,2,1,3,2,4,4,1,1,4,4,4,4,4,1,2,1,2,2,2,2,1,3,3,4,1,1,3,3,3,2,2,2,1,1,2,2,1,2,2,2,2,3,2,3,1,4,4,4,4,4,4,4,4,4,3,3,2,4,4,1,1,3,1,2,4,4,4,4,2,3,3,3,1,1,4,3,4,1,4,2,1,1,1,1,1,1
pid_1305,1,1,1,1,1,4,2,4,4,4,4,4,3,4,2,3,4,4,1,3,2,3,2,2,4,3,2,3,1,3,3,2,4,3,2,1,2,3,3,1,1,2,3,3,2,2,2,2,1,3,3,3,4,2,4,2,2,1,1,1,1,1,4,4,4,4,4,1,1,3,1,3,3,2,1,2,4,4,1,4,2,4,1,4,3,3,2,2,3,3,1
pid_236,1,1,1,2,1,4,1,4,4,4,4,4,1,4,4,3,4,4,1,2,1,2,1,2,4,2,2,4,1,3,3,3,4,4,3,2,3,3,3,3,1,1,3,3,2,3,2,1,2,1,4,4,4,3,4,4,3,1,1,2,2,2,4,4,4,4,4,2,3,4,2,2,3,3,2,3,3,3,1,4,2,4,1,4,3,2,2,1,3,4,1
pid_1052,1,1,1,2,1,4,2,4,4,4,4,4,4,2,2,2,2,4,2,3,3,3,2,2,4,3,2,3,1,4,3,3,3,4,3,1,3,4,4,1,1,1,3,4,3,3,2,2,1,3,2,3,2,2,2,2,2,1,1,1,1,1,4,4,4,4,4,1,2,4,1,3,2,4,1,2,4,4,1,4,2,4,1,4,4,3,3,3,4,2,2
pid_1535,1,2,2,2,1,3,1,1,2,4,2,1,2,4,3,4,4,4,1,2,1,2,3,3,2,1,4,3,4,1,1,3,2,4,3,4,3,2,2,4,2,2,3,2,3,2,3,1,3,3,4,4,4,3,4,4,4,1,1,1,1,1,4,4,1,1,1,2,4,4,4,2,4,3,4,2,2,1,1,2,4,4,1,4,3,1,1,1,1,2,3
pid_751,1,1,1,1,1,1,1,4,4,4,4,1,1,4,4,4,4,4,1,1,1,2,1,1,1,1,2,2,1,3,2,2,2,2,1,1,1,3,2,1,1,1,2,3,2,2,2,2,1,1,4,4,4,3,4,4,4,4,4,2,4,2,4,4,4,4,4,1,2,4,2,4,2,1,1,2,3,4,1,4,1,4,1,4,3,1,1,1,1,1,1
pid_278,1,1,1,1,1,2,1,4,4,4,4,1,1,4,4,4,4,4,1,2,1,2,2,2,2,1,2,3,1,2,2,2,3,3,2,1,1,3,2,1,2,1,3,3,2,2,2,1,2,1,4,4,4,3,4,4,4,4,4,2,3,2,4,4,2,4,4,1,2,4,3,3,2,2,1,3,3,3,1,4,1,4,1,4,3,2,1,1,1,2,1
pid_1786,1,1,1,1,1,4,1,4,4,4,4,2,1,4,4,4,4,4,1,2,1,2,1,2,4,2,2,3,1,2,2,2,3,3,2,1,1,3,2,2,1,1,3,3,2,2,2,2,1,1,4,4,4,2,4,4,4,2,2,1,3,1,4,4,4,4,4,1,1,4,3,3,2,1,1,2,3,3,1,4,2,4,1,4,3,2,1,1,2,2,1
pid_1861,1,1,1,1,2,4,1,4,4,4,4,2,2,4,4,4,4,4,1,2,2,3,1,2,4,2,2,3,1,3,2,2,2,3,2,1,2,3,3,1,1,1,3,3,3,3,2,2,1,2,2,3,3,2,2,2,3,4,1,1,2,1,4,4,4,4,4,1,2,4,1,3,2,2,1,2,3,4,1,4,1,4,1,4,3,2,2,3,2,2,2
pid_454,1,2,1,2,1,3,2,4,4,4,4,4,1,4,4,3,4,4,1,3,2,4,3,4,4,2,3,4,2,3,2,3,4,3,3,1,3,3,3,3,2,3,3,3,3,3,3,1,2,2,3,4,4,4,4,4,4,3,1,2,2,2,4,4,2,2,4,2,3,3,2,3,3,3,2,3,3,3,1,4,2,4,1,4,2,2,1,2,2,2,2
pid_1630,1,1,1,2,1,4,1,4,4,4,4,3,2,4,4,4,4,4,1,2,1,3,2,2,4,1,3,2,2,1,1,3,3,3,2,2,3,2,2,3,1,1,3,3,3,2,3,2,3,1,4,4,4,3,4,4,4,2,4,1,3,2,4,4,1,4,4,2,3,4,3,4,4,2,1,3,3,3,1,4,1,4,1,4,2,1,3,2,1,3,3
pid_1357,1,1,1,1,1,4,1,4,4,4,4,1,4,4,3,2,4,4,1,2,1,2,1,2,4,3,2,4,1,4,2,2,3,2,2,1,2,4,3,1,1,1,3,3,3,2,3,1,1,3,3,3,4,3,3,4,3,1,1,1,2,1,4,4,4,4,4,1,2,2,2,4,3,1,1,2,4,4,1,4,2,4,1,4,3,3,1,1,2,2,1
pid_133,1,1,1,3,4,4,1,4,4,4,4,1,1,4,4,4,4,4,1,2,1,2,1,2,4,1,2,3,1,2,2,3,3,3,2,1,2,2,2,3,1,1,3,2,2,2,2,1,2,1,4,4,4,4,4,4,4,4,4,3,4,3,4,4,2,4,4,1,3,4,3,4,2,2,2,3,3,3,1,4,1,4,1,4,2,1,1,1,1,2,1
pid_1999,1,1,1,1,2,4,1,4,4,4,4,1,3,3,2,2,4,4,1,2,2,2,2,2,4,1,2,2,1,2,3,2,3,3,2,2,2,4,2,2,1,1,3,3,3,2,2,2,1,3,2,4,4,2,2,3,2,1,1,1,1,1,4,4,4,4,4,2,2,4,1,3,2,2,1,2,4,3,1,4,1,4,1,4,3,3,2,3,1,3,3
pid_380,1,1,1,2,1,3,1,4,4,4,4,2,1,4,4,4,4,4,1,1,1,2,2,2,2,1,4,4,4,1,2,4,2,3,3,1,2,2,2,3,1,1,2,2,2,2,3,1,3,1,4,4,4,4,4,4,3,3,4,2,2,2,4,4,1,1,4,2,3,4,4,3,4,3,3,3,3,1,1,4,4,4,1,4,2,1,1,1,1,2,1
pid_1319,1,1,1,1,1,1,1,4,2,4,2,1,1,4,4,4,4,4,1,1,1,1,2,2,1,1,4,4,4,1,2,4,2,4,3,2,3,1,1,3,2,1,3,2,2,2,3,2,3,1,4,4,4,4,4,4,4,2,3,2,2,2,1,1,1,1,1,1,3,4,4,4,4,3,3,3,3,1,1,4,4,4,1,4,3,1,1,1,1,3,1
pid_1483,1,1,1,2,1,4,2,4,4,4,4,4,2,4,2,3,4,4,1,2,1,2,2,2,4,1,3,3,2,2,2,2,4,3,3,2,2,2,2,2,1,1,3,3,2,2,2,1,2,2,3,4,4,3,4,4,3,1,2,1,2,1,4,4,2,4,4,2,2,4,3,3,3,2,2,2,3,3,1,4,2,4,1,4,3,2,1,1,1,2,1
pid_900,1,1,1,1,2,3,3,4,4,4,4,4,1,4,4,4,4,4,1,2,1,2,1,2,2,2,2,3,1,3,1,2,3,2,2,1,1,3,2,1,1,1,3,3,2,2,2,1,1,1,4,4,4,3,4,4,3,4,4,1,3,1,4,4,4,4,4,1,2,4,2,2,3,2,1,2,3,3,1,4,1,4,1,4,3,2,1,1,1,2,1
pid_1833,1,1,1,1,1,4,1,4,4,4,4,2,4,4,1,4,4,4,1,2,2,2,2,2,4,2,2,2,1,3,2,2,3,3,2,1,1,4,3,1,1,1,3,3,3,3,2,2,1,3,3,4,3,2,4,4,2,1,2,1,1,1,4,4,4,4,4,1,2,4,2,4,2,2,1,2,4,4,1,4,1,4,1,4,3,3,1,1,2,1,1
pid_1529,1,1,1,2,1,4,1,4,4,4,4,2,3,2,2,2,2,4,1,2,1,2,2,2,4,2,3,3,2,3,3,3,4,3,3,2,2,3,3,2,1,1,3,3,3,2,2,2,2,2,2,3,3,3,2,2,3,1,1,2,2,2,4,4,2,4,4,1,2,4,3,3,3,3,2,3,3,2,1,4,1,4,1,4,3,2,1,2,2,3,2
pid_1000,4,2,1,3,1,4,4,4,4,4,4,4,2,2,2,2,2,4,3,3,3,1,3,2,4,2,3,4,4,1,2,2,4,3,3,1,2,3,3,4,3,3,3,4,3,3,3,1,1,3,2,2,3,3,2,2,2,1,1,1,2,1,4,4,1,4,4,2,2,4,1,2,3,3,1,3,4,3,1,4,1,4,1,4,2,2,4,4,2,3,3
pid_264,1,1,1,1,1,4,1,4,4,4,4,4,4,4,3,4,4,4,1,2,2,3,2,2,4,3,2,3,1,3,3,2,4,3,2,1,2,4,3,1,1,1,3,3,3,3,2,2,2,3,4,4,4,3,4,4,4,1,1,1,1,1,4,4,1,4,4,1,3,4,1,2,2,2,1,2,3,3,1,4,2,4,1,4,3,2,1,1,2,2,1
pid_703,1,1,1,1,1,4,1,4,4,4,4,3,1,4,4,4,4,4,1,3,3,4,2,3,4,1,3,4,2,3,2,4,4,4,4,2,2,3,3,3,2,1,3,3,3,3,3,1,3,1,4,4,2,2,4,3,4,2,1,2,3,1,4,4,1,4,4,1,3,4,2,2,4,4,1,3,3,1,1,4,1,4,1,4,3,1,1,1,2,4,3
pid_1567,1,1,1,1,2,4,2,4,4,4,4,2,1,4,4,4,4,4,1,2,1,2,1,2,3,2,2,3,1,3,2,2,3,3,2,1,2,3,3,1,1,1,3,3,3,3,2,2,1,1,4,3,3,3,4,4,3,3,2,1,3,2,4,4,4,4,4,1,2,4,3,4,2,2,1,3,3,3,1,4,2,4,1,4,3,2,1,2,2,2,1
pid_1134,1,2,1,1,1,4,3,4,4,4,4,4,2,4,4,4,4,4,1,2,2,2,2,2,4,2,2,2,1,3,3,2,3,3,2,2,2,3,3,3,1,1,3,3,3,3,2,2,2,1,4,4,4,2,4,4,2,1,2,1,2,1,4,4,4,4,4,2,2,4,1,3,2,3,1,2,3,3,1,4,2,4,1,4,3,2,3,3,2,3,3
pid_1949,1,1,1,1,3,4,1,4,4,4,4,1,1,4,4,4,4,4,1,1,2,2,1,1,4,2,1,4,1,4,3,2,3,3,2,1,2,3,3,1,1,1,3,3,3,3,2,2,1,2,3,3,2,2,3,3,3,3,1,1,4,2,4,4,4,4,4,1,3,4,1,3,3,3,1,2,3,4,1,4,1,4,1,4,3,2,1,2,1,1,1
pid_70,1,1,1,1,3,4,1,4,4,4,4,2,1,4,4,4,4,4,1,2,1,3,2,2,3,2,2,3,1,3,3,2,3,3,2,1,2,4,3,1,1,1,3,3,3,2,2,2,1,1,3,4,3,2,4,4,3,4,4,2,3,2,4,4,4,4,4,1,2,4,2,3,2,2,1,2,3,3,1,4,1,4,1,4,3,2,1,2,2,2,1
pid_350,1,1,1,1,1,1,1,2,1,4,2,1,1,4,4,4,4,4,1,2,1,2,2,2,1,1,4,4,4,1,2,3,2,4,2,2,3,1,1,2,2,1,3,2,2,2,3,1,3,1,4,4,4,4,4,4,4,4,4,2,2,4,3,4,1,1,2,1,3,4,1,4,4,3,3,4,2,1,1,2,3,4,1,4,1,1,1,1,1,1,1
pid_637,1,1,1,2,3,4,1,4,4,4,4,1,3,4,2,4,4,4,1,3,2,3,2,3,4,2,2,3,1,3,2,3,4,4,2,1,2,3,2,2,1,2,3,3,3,2,2,2,2,3,4,4,4,3,4,4,3,2,1,1,1,1,4,4,4,4,4,2,2,4,1,3,3,2,1,2,4,3,1,4,1,4,1,4,3,2,2,1,1,2,2
pid_1453,1,1,1,1,1,1,1,2,1,4,3,3,3,4,3,4,4,4,1,2,2,3,3,3,1,1,4,4,4,1,2,3,2,4,3,3,2,2,2,2,1,1,3,2,3,3,3,2,4,3,4,4,4,4,3,4,4,1,1,1,2,2,1,2,1,1,2,1,4,4,4,3,4,3,2,3,3,1,1,1,4,4,1,4,2,1,1,1,1,2,3
pid_1907,1,1,1,1,2,4,2,4,4,4,4,4,3,4,2,4,4,4,1,3,2,4,3,3,4,2,2,4,1,3,3,2,3,3,3,1,2,4,3,1,1,1,3,3,3,3,2,1,2,3,4,4,4,3,4,4,3,2,1,1,1,1,4,4,4,4,4,1,1,3,1,4,3,2,1,2,3,3,1,4,2,4,1,4,3,2,3,3,3,2,2
pid_484,1,1,1,2,1,4,1,4,4,4,4,3,1,4,3,4,4,4,1,2,2,2,1,2,4,1,2,2,2,3,2,2,3,3,2,2,2,3,2,2,1,1,3,2,2,2,2,1,2,2,4,4,4,3,4,4,3,2,1,1,2,2,4,4,2,4,4,2,2,3,3,3,2,2,1,2,3,3,1,4,2,4,1,4,3,2,1,2,2,1,1
pid_1387,1,1,1,2,1,1,1,4,4,4,4,2,2,2,2,2,2,4,1,2,1,2,2,2,1,1,3,3,2,2,2,3,3,3,2,2,2,3,2,2,1,1,3,3,2,2,3,2,2,2,3,3,4,3,3,3,2,1,1,2,2,2,4,4,3,4,4,2,3,4,3,4,3,2,1,3,3,3,1,4,3,4,1,4,3,2,1,1,2,2,1
pid_679,3,3,1,4,2,4,3,4,2,4,2,4,4,4,2,4,4,4,4,3,4,4,3,4,4,2,3,4,4,2,3,4,4,4,4,3,3,4,3,4,4,4,3,3,3,3,3,2,4,3,4,4,4,4,4,4,4,1,1,1,1,1,4,4,1,2,4,3,4,4,1,2,4,4,2,2,4,3,1,2,2,2,1,4,3,2,4,4,3,3,4
pid_834,1,1,1,2,1,4,1,4,4,4,4,1,2,4,4,4,4,4,1,1,1,1,1,1,4,1,1,3,1,2,2,2,3,2,2,1,2,2,2,1,1,1,2,2,2,2,2,1,2,1,4,4,4,3,4,4,4,4,1,3,4,2,4,4,1,4,4,1,2,4,3,4,3,2,2,3,3,2,1,4,1,4,1,4,2,1,1,2,1,1,1
pid_560,1,1,1,2,1,4,2,4,4,4,4,3,1,4,3,4,4,4,1,2,2,2,2,2,4,2,3,4,3,1,2,3,4,3,3,1,2,2,2,3,2,2,3,3,3,3,3,2,3,2,4,4,4,3,4,4,4,2,2,1,2,2,4,4,4,4,4,1,3,3,2,3,3,3,2,3,3,3,1,4,2,4,1,4,3,2,1,3,1,3,2
pid_2015,1,1,1,2,1,1,1,4,4,4,4,1,1,4,4,4,4,4,1,2,1,2,2,2,2,1,2,3,1,2,2,2,4,3,2,1,2,3,2,2,1,1,3,3,2,2,2,2,1,1,4,4,4,2,4,4,3,4,1,2,4,2,3,4,1,4,4,1,2,4,2,4,2,2,1,2,3,3,1,4,1,4,1,4,3,1,1,1,1,3,1
pid_1704,1,1,1,1,2,4,1,4,4,4,4,1,4,2,2,2,2,4,1,2,1,2,1,1,4,3,2,4,1,3,3,2,4,3,2,1,2,4,3,1,1,1,3,3,3,2,2,2,1,3,2,3,2,3,3,2,2,1,1,1,1,1,4,4,4,4,4,1,1,3,1,4,3,1,1,2,4,4,1,4,1,4,1,4,3,3,2,2,3,2,3
pid_1263,1,1,1,1,1,4,2,4,4,4,4,1,4,4,3,3,4,4,1,3,2,4,2,2,4,2,2,4,1,3,4,3,3,4,3,1,2,4,4,1,1,1,3,3,3,3,3,2,1,4,2,4,4,2,4,3,4,1,1,1,1,1,4,4,4,4,4,1,3,4,2,2,3,3,1,2,4,3,1,4,1,4,1,4,3,3,1,3,3,4,2
pid_651,1,1,1,1,1,4,1,4,4,4,4,1,1,4,4,4,4,4,1,2,1,3,2,3,4,1,3,4,4,1,1,2,4,3,2,1,2,2,2,3,2,2,3,3,3,2,3,1,3,1,4,4,4,3,4,4,4,4,4,2,4,2,4,4,1,2,4,1,1,4,2,4,3,2,2,3,3,2,1,4,1,4,1,4,2,1,1,1,1,3,2
pid_1435,1,1,1,1,1,4,3,4,4,4,4,3,1,4,4,4,4,4,1,2,1,2,1,2,4,2,2,3,1,3,3,2,3,3,2,2,2,3,3,1,1,1,3,3,3,2,2,1,1,2,4,4,3,3,4,4,3,4,3,2,4,3,4,4,4,4,4,1,2,3,2,3,2,3,1,2,3,3,1,4,1,4,1,4,3,2,1,2,2,2,1
pid_16,1,1,2,3,1,3,1,2,2,4,2,3,1,4,4,4,4,4,1,1,1,1,2,2,2,1,4,3,4,1,2,3,3,3,3,3,2,2,2,4,2,1,3,2,3,2,3,2,3,1,4,4,4,4,4,4,4,2,2,2,4,2,4,4,1,2,4,2,3,4,4,4,4,3,1,3,3,2,1,3,3,4,1,4,3,1,1,1,1,4,2
pid_1152,1,1,2,2,1,4,1,4,4,4,2,4,2,2,3,2,2,3,1,3,2,4,3,3,4,1,3,3,3,3,3,4,4,3,3,2,3,3,3,3,3,3,3,3,3,2,3,1,3,3,2,3,4,3,3,3,4,1,1,2,4,4,4,4,2,4,4,2,3,4,2,4,3,3,1,3,3,2,1,3,1,4,1,4,2,3,4,3,2,4,4
pid_336,1,2,2,2,1,4,2,4,2,4,4,4,1,4,4,4,4,4,1,3,2,3,3,3,4,1,4,4,4,1,2,4,3,4,3,3,3,2,2,4,2,3,3,2,3,3,4,1,3,1,4,4,4,3,4,4,4,4,4,1,2,2,4,4,1,2,4,1,4,4,1,3,4,3,3,3,3,1,1,4,4,4,1,4,1,1,3,3,1,4,4
pid_185,1,1,1,1,1,1,1,4,4,4,4,4,3,4,2,2,4,4,1,2,2,2,2,2,1,2,1,2,1,3,2,2,3,3,2,1,1,3,2,2,1,1,3,3,3,3,2,3,2,3,2,4,4,2,4,4,3,1,1,1,1,1,4,4,4,4,4,1,2,3,2,3,2,2,1,2,3,4,1,4,1,4,1,4,3,2,1,1,1,3,1
pid_58,1,1,1,2,4,4,1,4,4,4,4,1,1,4,3,4,4,4,1,2,1,2,2,2,4,1,2,2,2,2,2,2,3,3,2,2,1,3,2,1,2,1,3,3,2,2,2,2,2,1,4,3,4,3,4,4,4,4,2,1,2,2,4,4,1,4,4,2,1,4,3,4,2,2,1,4,3,3,1,4,2,4,1,4,3,2,1,2,2,1,2
pid_1961,1,1,1,1,4,2,1,4,4,4,4,1,3,4,2,3,3,4,1,2,1,3,1,2,3,1,2,2,1,3,2,2,3,3,2,1,2,3,3,2,1,1,3,3,3,3,2,1,2,3,2,4,4,2,2,3,2,4,1,1,1,1,4,4,2,4,4,1,3,4,2,3,2,3,1,2,4,4,1,4,1,4,1,4,3,2,1,1,1,2,1
pid_1686,1,1,1,1,1,1,1,1,2,4,2,1,2,4,4,4,4,4,1,2,1,2,3,2,1,1,4,3,4,1,2,3,2,3,3,3,3,2,2,2,3,1,3,2,3,2,3,2,3,1,4,4,4,4,4,4,4,1,1,1,1,1,1,3,1,1,2,1,4,4,1,3,4,3,3,2,3,2,1,2,4,4,1,4,1,1,1,1,1,3,1
pid_378,1,1,1,1,1,4,1,4,4,4,4,4,1,4,4,4,4,4,1,2,1,2,2,2,4,1,2,3,1,2,2,2,3,2,2,1,1,3,2,1,1,1,3,2,3,2,2,2,1,1,4,4,4,3,4,4,3,4,4,1,3,2,4,4,4,4,4,1,2,4,2,4,2,2,1,2,3,3,1,4,2,4,1,4,3,2,1,1,2,2,1
pid_852,2,2,1,2,1,3,2,4,4,4,4,4,3,4,2,4,4,4,1,3,2,2,2,3,4,1,2,3,2,3,3,3,3,4,2,2,2,3,3,2,2,2,3,3,3,3,3,2,2,3,2,3,3,2,3,3,3,1,2,1,2,1,4,4,1,4,4,2,1,4,2,3,2,3,1,2,3,2,1,4,1,4,1,4,3,2,3,4,2,3,3
pid_548,1,1,1,2,1,1,2,1,2,4,2,1,3,4,2,4,4,4,1,2,2,4,3,3,1,1,4,4,4,1,3,4,3,4,3,3,3,2,2,3,2,1,3,2,3,3,3,2,3,1,3,4,4,3,4,4,4,1,4,1,1,1,3,2,1,2,1,1,3,4,4,3,4,3,2,2,3,2,1,4,4,4,1,4,3,1,1,1,1,4,2
pid_1205,1,1,1,2,2,2,1,4,4,4,4,1,1,3,4,2,2,4,1,1,1,2,1,2,1,1,2,2,2,1,1,3,3,3,2,2,1,3,2,1,1,1,3,2,2,2,2,1,1,1,4,4,4,4,4,4,4,2,1,3,4,3,4,4,1,2,4,2,2,4,3,4,3,2,2,4,3,2,1,4,2,4,1,4,2,1,1,1,1,1,1
pid_1885,1,1,2,1,1,4,1,4,4,4,4,1,3,4,4,4,4,4,1,1,1,1,1,1,3,1,2,2,1,2,3,2,3,2,1,1,1,3,2,1,1,1,3,3,3,3,2,2,1,2,4,4,4,2,4,4,4,1,2,1,3,1,4,4,4,4,4,1,2,3,2,3,2,2,1,2,4,4,1,4,1,4,1,4,4,2,2,2,1,2,1
pid_506,1,2,1,1,1,1,2,4,1,4,2,4,1,4,4,4,4,4,1,3,2,4,4,3,1,1,4,4,4,1,2,4,3,4,3,3,4,1,2,4,3,2,2,2,3,3,4,1,3,1,4,4,4,4,4,4,4,4,4,3,3,4,2,3,1,1,2,1,4,4,4,3,4,4,2,4,3,1,1,4,3,4,1,4,1,1,1,2,1,3,3
pid_1762,1,1,3,1,1,1,1,4,3,4,4,2,1,4,3,4,4,4,1,3,1,4,3,4,1,1,4,3,4,3,3,3,4,4,3,3,3,3,2,4,2,2,3,3,3,3,3,3,3,2,2,4,3,2,4,3,4,2,3,1,2,1,1,1,1,1,1,1,4,4,4,2,4,4,1,2,3,2,1,2,4,4,1,4,3,1,1,1,1,3,3
pid_1331,1,3,1,1,1,4,1,4,4,4,4,4,1,4,4,4,4,4,1,3,2,4,2,3,4,2,2,3,1,2,2,2,4,4,2,1,2,3,3,1,2,2,3,3,3,2,3,2,2,1,3,4,4,3,4,4,4,2,1,2,3,2,4,4,4,4,4,1,2,4,2,3,3,3,1,3,4,3,1,4,1,4,1,4,3,3,3,4,3,4,2
pid_155,1,1,1,1,1,2,1,4,4,4,4,4,1,4,3,4,4,4,1,2,1,2,2,2,2,1,4,4,2,2,2,3,2,4,3,3,3,2,2,1,1,1,3,2,2,2,3,2,3,1,4,4,4,3,4,4,3,2,4,1,2,2,4,4,1,1,4,2,3,4,1,4,4,3,2,3,3,3,1,4,2,4,1,4,3,1,1,1,1,2,1
pid_928,1,1,1,1,1,3,1,4,4,4,4,1,4,2,1,2,2,3,1,2,1,2,2,1,3,2,2,3,1,3,3,2,3,4,2,2,2,4,3,2,1,1,3,3,3,3,2,2,1,3,2,2,3,2,1,2,2,1,1,1,1,1,4,4,1,4,4,1,2,4,2,3,2,2,1,2,4,3,1,4,1,4,1,4,3,2,1,1,2,2,1
pid_88,1,2,2,2,1,2,1,3,2,4,2,3,4,4,4,4,4,4,1,2,1,3,3,3,2,1,4,4,4,1,2,3,4,3,3,2,2,2,1,3,3,1,3,2,3,3,3,2,3,2,4,4,4,4,4,4,4,1,1,1,1,1,4,3,1,2,3,1,2,4,4,4,4,3,3,3,4,1,1,4,2,4,1,4,2,1,2,2,1,2,3
pid_432,1,1,1,2,2,1,2,4,4,4,4,2,3,3,3,2,3,4,1,2,2,2,2,2,1,1,3,4,2,2,3,3,3,3,3,1,2,3,2,3,1,2,3,3,3,2,2,2,2,2,3,3,4,2,3,4,3,1,1,2,2,1,4,4,2,4,4,2,3,4,3,2,3,2,1,3,4,3,1,4,2,4,1,4,3,2,2,2,2,2,2
pid_1656,1,1,1,2,1,2,1,2,2,4,2,1,3,4,3,3,4,4,1,2,1,2,2,2,1,1,3,3,2,1,1,3,2,3,2,3,2,2,2,1,2,1,3,2,2,2,3,1,3,1,4,4,4,4,4,4,4,1,1,1,1,1,3,4,1,1,2,1,3,4,4,4,4,2,2,3,2,2,1,2,2,4,1,4,2,1,1,1,1,2,2
pid_681,1,1,2,2,1,4,1,4,4,4,4,1,1,4,4,4,4,4,1,2,1,3,2,3,4,2,3,3,2,1,2,3,4,3,1,2,2,3,2,3,1,1,3,2,3,2,2,2,2,1,4,4,4,3,4,4,3,4,1,3,3,2,4,4,1,2,4,2,2,4,2,3,3,2,2,3,3,3,1,4,2,4,1,4,2,1,1,1,1,3,1
pid_966,1,1,1,2,1,1,1,2,1,4,2,2,3,4,3,4,4,4,1,2,1,3,3,3,1,1,4,4,4,1,1,4,2,4,3,3,3,2,1,3,3,1,3,2,3,3,3,2,4,2,2,3,4,4,4,4,4,1,1,1,1,1,2,2,1,1,2,1,3,4,4,2,4,3,2,3,3,1,1,2,4,4,1,4,2,1,1,1,1,3,2
pid_1182,1,3,3,1,1,4,2,2,1,2,1,3,2,4,3,4,4,4,1,4,2,4,4,4,4,1,4,4,4,1,2,4,2,4,4,4,3,2,2,4,3,4,3,3,3,3,4,2,4,3,4,4,4,4,4,4,4,1,2,1,1,2,4,4,1,1,2,1,3,4,1,3,4,3,1,3,3,2,1,1,4,4,1,4,3,1,2,3,1,3,4
pid_1618,1,1,1,1,1,2,1,4,4,4,4,3,1,4,4,4,4,4,1,1,1,1,1,1,3,2,2,2,1,3,2,2,3,3,2,1,1,3,1,1,1,1,2,3,2,2,2,1,1,1,4,4,4,4,4,4,4,4,4,2,4,3,4,4,4,4,4,1,2,4,3,4,2,2,1,2,3,3,1,4,1,4,1,4,3,2,1,1,2,2,1
pid_1855,1,1,1,1,1,1,1,3,3,4,4,1,1,3,4,2,4,4,1,1,1,2,2,3,1,1,4,4,3,1,1,3,2,3,3,2,3,1,2,3,1,1,2,2,2,2,3,1,4,1,4,4,4,4,4,4,3,4,1,2,2,2,1,2,1,1,2,1,3,4,1,3,4,4,2,3,3,2,1,2,4,4,1,4,2,1,1,1,1,3,1
pid_1028,1,1,1,1,1,4,3,4,4,4,4,4,4,4,1,2,4,4,4,3,3,4,2,3,4,3,3,3,2,4,3,4,4,4,3,1,3,4,4,1,1,2,3,3,3,3,3,2,1,3,2,2,4,3,3,3,2,1,1,1,1,1,4,4,4,4,4,1,3,2,2,1,4,3,1,2,4,4,1,4,2,4,1,4,3,3,3,4,4,2,3
pid_765,1,3,2,1,1,4,4,4,4,4,4,3,2,4,4,4,4,4,1,3,2,3,2,2,3,1,2,3,2,3,2,3,3,3,2,1,2,3,3,1,2,2,3,3,3,2,2,2,2,1,4,4,4,3,4,4,4,2,2,2,2,2,4,4,3,4,4,1,2,3,2,3,3,3,1,2,3,3,1,4,1,4,1,4,3,2,3,3,3,4,3
pid_1501,1,1,2,1,1,2,1,1,1,2,1,1,3,3,2,2,3,4,1,3,2,4,4,4,1,1,4,4,4,1,3,4,3,4,4,4,4,2,3,3,3,1,3,2,3,3,3,1,4,3,2,4,4,4,2,2,4,1,1,1,1,1,2,1,1,1,1,1,4,4,4,2,4,4,1,2,4,1,1,1,4,4,1,4,1,1,3,2,1,4,3
pid_882,1,2,1,1,1,4,1,4,4,4,4,2,2,4,3,4,4,4,1,2,1,1,1,1,4,2,2,3,1,3,2,2,2,3,2,1,2,3,1,2,1,2,3,3,3,3,2,2,1,2,4,4,4,3,3,4,4,2,1,1,2,2,4,4,3,4,2,2,1,3,3,3,2,1,2,3,4,3,1,4,1,4,1,4,3,2,1,1,2,2,3
pid_1066,1,1,1,1,1,2,1,3,2,4,4,4,2,4,2,2,4,4,1,3,2,3,3,3,2,1,4,4,4,1,2,4,3,4,3,3,3,2,2,4,3,2,3,2,2,3,3,2,3,2,3,4,4,3,4,4,3,1,1,1,2,1,3,2,1,1,1,1,4,4,4,2,4,4,2,2,3,2,1,2,4,4,1,4,2,1,1,2,1,3,2
pid_598,1,1,1,1,1,4,2,4,4,4,4,4,3,4,2,4,4,4,1,2,1,4,1,2,4,2,2,3,1,4,3,2,4,3,2,1,1,4,4,1,1,1,3,3,3,3,3,2,1,3,2,4,4,3,3,4,2,1,1,1,1,1,4,4,4,4,4,1,2,3,2,3,2,3,1,1,4,4,1,4,1,4,1,4,3,3,1,1,2,2,1
pid_202,1,1,1,2,1,1,1,4,4,4,4,1,1,4,4,4,4,4,1,2,2,2,2,2,1,1,3,3,1,3,3,3,3,3,3,1,2,3,2,2,1,1,2,3,3,2,2,2,2,2,4,4,3,2,4,4,4,4,1,2,3,2,1,4,4,4,4,2,1,4,2,4,2,2,1,2,3,3,1,4,1,4,1,4,3,1,1,1,1,2,2
pid_649,1,1,1,1,1,4,2,4,4,4,4,1,1,4,4,4,4,4,1,1,1,1,1,1,4,3,2,3,1,3,2,3,4,3,2,1,3,4,3,1,1,1,3,3,3,2,2,1,1,1,4,4,4,2,4,4,4,4,2,2,4,2,4,4,4,4,4,1,1,3,2,3,3,2,1,2,4,4,1,4,1,4,1,4,3,3,1,1,2,2,1
pid_1937,1,1,1,2,1,1,1,4,4,4,4,1,1,4,4,4,4,4,1,2,1,2,1,2,1,2,2,2,1,2,2,2,2,3,2,1,1,3,2,1,1,1,3,3,2,3,2,1,2,1,4,4,4,3,4,4,3,2,4,2,3,2,3,4,1,4,4,1,2,4,3,4,2,2,2,2,3,3,1,4,1,4,1,4,2,2,1,1,1,2,1
pid_607,1,1,1,1,1,4,1,4,4,4,4,1,3,2,2,2,2,4,1,1,1,2,1,1,2,1,2,3,1,4,3,4,4,4,2,1,4,4,4,1,1,1,3,3,3,3,2,3,1,3,2,2,2,1,2,2,2,1,1,1,2,1,4,4,4,4,4,1,4,2,1,3,2,4,1,2,4,3,1,4,3,4,1,4,4,2,1,1,1,1,1
pid_1463,1,1,1,1,2,4,1,4,4,4,4,1,4,3,2,2,4,4,1,2,2,1,2,2,4,2,2,4,1,4,4,3,4,4,2,1,3,3,3,2,1,2,3,3,3,3,3,2,1,3,2,3,1,2,2,3,2,1,1,1,1,1,4,4,4,4,4,2,3,3,1,3,3,3,1,1,4,4,1,4,1,4,1,4,4,3,3,4,3,2,3
pid_1104,1,1,1,2,1,2,1,1,2,4,2,2,3,2,1,2,2,4,1,2,1,3,3,3,1,1,4,4,4,1,2,3,3,3,3,3,3,3,3,4,2,1,3,3,3,2,3,2,3,3,2,3,4,4,2,3,3,1,1,1,1,1,2,2,1,1,1,2,4,4,4,3,4,4,1,2,3,3,1,2,3,4,1,4,3,1,1,1,1,4,1
pid_1979,1,1,1,1,2,3,1,4,4,4,4,2,2,4,4,4,4,4,1,2,1,2,1,2,3,2,2,4,1,3,2,2,3,2,2,1,1,3,3,1,1,1,3,3,2,2,2,2,1,1,4,4,3,3,4,4,4,2,2,1,3,2,4,4,4,4,4,1,1,3,2,4,2,1,1,2,3,3,1,4,2,4,1,4,3,2,1,2,1,1,1
pid_40,1,1,1,1,1,3,1,2,1,4,1,2,2,4,3,4,4,4,1,4,3,4,4,4,3,1,4,4,4,1,2,4,4,4,4,4,3,2,2,3,3,3,3,3,3,4,3,2,3,3,2,4,4,4,4,4,2,2,2,1,1,1,4,3,1,1,1,1,4,4,1,2,4,4,3,2,3,1,1,3,4,4,1,4,3,1,2,2,1,3,3
pid_360,1,1,2,1,1,1,1,4,4,4,2,1,1,4,4,4,4,4,1,2,1,2,2,3,1,1,4,3,4,1,1,3,2,3,2,2,3,1,1,1,2,1,3,2,2,3,3,1,3,1,4,4,4,4,4,4,4,4,4,2,4,2,2,4,1,1,2,1,1,4,4,4,4,3,3,3,2,1,1,4,3,4,1,4,1,1,1,1,1,1,2
pid_1253,1,1,1,1,1,4,1,4,4,4,4,1,2,4,4,4,4,4,1,2,1,2,1,2,4,2,2,3,1,3,3,2,3,3,2,1,2,4,3,1,1,1,2,3,2,3,2,1,2,1,4,4,3,2,4,3,4,2,1,2,3,2,4,4,4,4,4,1,2,2,2,3,3,2,1,2,3,3,1,4,1,4,1,4,3,1,1,1,2,1,1
pid_550,1,1,1,2,2,1,1,4,4,4,4,1,1,4,4,4,4,4,1,1,1,1,1,1,1,1,2,3,3,1,2,3,3,3,2,1,2,3,2,2,1,1,2,3,2,2,2,1,1,1,4,4,4,4,4,4,4,4,4,4,4,3,3,4,4,3,4,1,2,4,2,3,3,2,2,3,3,2,1,4,1,4,1,4,2,1,1,1,2,3,1
pid_2025,1,1,1,1,4,3,2,4,4,4,4,1,4,3,2,2,4,4,1,3,2,3,2,2,3,1,2,3,1,2,3,2,4,4,2,2,2,4,3,2,1,1,3,3,3,3,2,2,1,3,3,2,3,2,2,3,2,4,1,1,1,1,4,4,2,4,4,2,1,3,1,3,2,2,1,2,4,3,1,4,1,4,1,4,3,2,3,3,2,3,3
pid_1734,1,1,1,1,1,4,1,4,4,4,4,4,1,4,4,4,4,4,1,1,1,2,1,1,4,1,2,2,1,2,2,2,2,3,1,1,1,4,3,2,1,1,3,3,2,3,2,1,1,1,4,4,4,2,4,4,4,2,1,2,4,2,4,4,4,4,4,1,2,4,3,4,2,2,1,2,4,4,1,4,1,4,1,4,4,2,1,1,1,2,1
pid_1587,1,1,1,2,1,4,2,4,4,4,4,4,1,4,4,4,4,4,1,2,1,2,1,2,4,2,2,3,2,2,2,2,3,2,2,2,1,2,2,1,1,1,2,2,3,2,2,2,2,1,4,4,4,3,4,4,4,2,1,2,2,2,4,4,3,4,4,2,2,4,2,4,3,2,2,3,3,3,1,4,2,4,1,4,2,2,1,1,2,2,1
pid_804,1,1,1,2,1,4,2,4,4,4,4,4,2,4,2,4,4,4,1,3,2,3,2,3,4,2,3,4,2,2,2,3,4,4,2,1,2,3,2,2,2,1,3,3,3,2,3,2,3,3,3,4,4,3,4,4,2,1,1,1,1,1,4,4,1,2,4,2,2,4,2,4,3,3,2,3,3,3,1,3,2,4,1,4,3,2,2,3,2,3,2
pid_284,1,1,2,2,1,4,1,4,4,4,4,4,1,4,4,4,4,4,1,2,2,2,2,3,4,1,3,3,2,3,3,3,3,3,2,2,2,2,2,2,1,1,3,3,3,3,2,2,3,1,3,4,3,2,4,4,4,4,4,4,4,4,4,4,1,4,4,3,3,4,4,3,4,3,2,3,3,2,1,4,2,4,1,4,3,2,1,2,2,3,3
pid_1329,1,1,1,1,1,4,1,4,4,4,4,3,2,4,2,4,4,4,1,2,2,2,1,2,4,3,2,3,1,4,3,3,4,3,2,1,3,3,2,4,1,2,3,3,3,3,2,1,1,3,3,3,4,1,3,3,2,1,1,1,1,1,4,4,4,4,4,1,1,4,1,3,2,2,1,2,4,4,1,4,1,4,1,4,3,3,1,2,3,2,1
pid_930,1,1,1,2,1,3,1,3,4,4,4,2,2,4,4,4,4,4,1,1,1,1,1,2,3,1,2,3,2,1,2,2,3,3,2,2,2,2,2,3,1,1,2,2,2,2,2,2,2,1,4,4,4,4,4,4,4,2,4,2,3,1,4,4,1,2,4,2,2,4,3,4,3,2,3,3,3,2,1,3,2,4,1,4,2,1,1,1,1,2,1
pid_90,1,1,1,1,2,4,4,4,4,4,4,4,3,4,3,3,3,4,1,2,2,2,1,2,4,2,2,4,1,4,4,4,4,2,2,1,2,4,3,1,1,1,3,3,3,3,2,1,1,2,4,3,4,2,3,4,3,1,1,1,2,1,4,4,4,4,4,1,2,2,1,2,4,2,1,2,4,4,1,4,2,4,1,4,4,4,2,2,4,2,1
pid_1367,1,1,1,1,2,3,1,4,4,4,4,2,3,3,2,2,4,4,1,2,1,2,1,2,3,2,2,2,1,4,3,3,4,4,1,1,2,4,3,1,1,1,3,3,3,2,2,2,1,3,2,3,3,2,4,3,2,1,1,1,1,1,4,4,4,4,4,1,3,4,1,4,2,2,1,1,4,4,1,4,1,4,1,4,4,2,1,1,2,1,1
pid_699,1,1,1,1,2,4,1,4,4,4,4,4,3,2,2,3,4,4,1,2,1,3,1,2,4,3,2,4,1,4,3,2,3,4,2,1,2,4,4,1,1,1,3,3,3,3,2,2,1,3,2,3,2,2,3,2,2,2,1,1,1,1,4,4,4,4,4,1,1,3,2,3,2,2,1,2,4,4,1,4,2,4,1,4,3,3,1,1,3,1,1
pid_103,1,1,1,1,1,1,1,4,4,4,4,1,1,4,4,4,4,4,1,2,1,2,2,2,1,1,4,3,4,1,2,3,2,3,4,2,3,1,1,1,1,1,2,2,2,3,3,2,3,1,4,4,4,4,4,4,4,4,4,2,2,2,2,3,1,1,3,1,4,4,1,4,4,4,4,3,2,1,1,4,4,4,1,4,2,1,1,1,1,1,1
pid_464,1,1,1,1,1,4,1,4,4,4,4,3,3,2,2,3,2,4,1,2,1,2,1,2,4,2,2,3,1,3,3,2,3,3,2,1,2,3,3,2,1,1,3,3,3,3,2,2,1,3,3,3,2,2,2,3,2,1,1,1,2,1,4,4,4,4,4,1,2,3,2,3,2,2,1,2,4,3,1,4,2,4,1,4,3,2,1,1,2,2,1
pid_1600,1,3,1,1,1,4,2,4,4,4,4,3,3,2,2,2,1,4,1,2,1,2,1,1,4,3,2,4,1,4,3,4,3,4,2,1,2,4,3,2,1,1,3,3,3,2,2,2,1,3,2,2,2,2,2,2,3,1,1,1,2,1,4,4,4,4,4,1,3,2,2,2,2,1,1,2,4,4,1,4,1,4,1,4,3,3,4,4,4,3,3
pid_733,1,1,1,2,3,4,1,4,4,4,4,2,1,4,4,4,4,4,1,2,1,2,1,2,4,2,2,2,1,3,2,2,3,4,2,1,1,3,2,1,1,1,3,3,2,2,2,2,1,1,4,4,4,3,4,4,4,3,4,2,3,1,4,4,4,4,4,1,2,3,2,3,2,2,1,2,3,4,1,4,2,4,1,4,3,2,1,1,2,2,1
pid_1557,1,1,1,1,1,4,1,4,4,4,4,1,1,4,4,4,4,4,1,3,2,4,2,2,4,2,2,4,1,4,3,2,4,3,3,1,3,4,3,1,1,1,3,3,3,3,2,2,1,1,4,4,2,1,4,4,4,4,4,3,4,2,4,4,4,4,4,1,3,2,1,3,2,3,1,2,4,3,1,4,1,4,1,4,4,2,1,2,2,2,1
pid_1030,1,2,1,3,1,4,2,2,4,4,3,1,3,4,3,4,4,4,1,4,4,4,4,4,4,2,4,4,4,4,2,3,4,4,4,3,3,4,4,4,3,3,3,3,3,3,3,2,4,3,3,4,4,3,4,3,2,2,1,1,1,2,4,4,1,1,4,3,3,4,1,2,4,3,1,4,3,3,1,4,2,4,1,4,3,3,4,4,3,3,4
pid_254,1,3,1,1,3,4,1,4,2,4,4,2,1,4,4,4,4,4,1,3,2,4,3,4,2,1,4,4,4,1,2,3,4,4,3,2,3,2,2,4,3,4,3,2,3,3,3,2,4,1,4,4,4,4,4,4,4,4,4,3,4,4,4,4,1,1,1,1,4,4,4,4,4,3,1,4,3,2,1,4,4,4,1,4,2,1,3,3,1,3,3
pid_1283,1,1,1,1,1,1,1,2,1,4,2,1,1,4,4,4,4,4,1,2,1,2,2,2,1,1,4,4,4,1,2,3,2,4,3,2,3,1,2,2,3,1,3,2,3,2,3,1,4,1,4,4,4,4,4,4,4,4,4,3,2,1,1,2,1,2,3,1,3,4,4,4,4,3,4,3,1,1,1,4,4,4,1,4,1,1,1,1,1,1,1
pid_1519,1,1,1,1,1,4,3,4,4,4,4,3,3,4,2,2,4,4,1,3,3,3,2,2,4,3,3,3,1,4,3,2,4,3,2,1,3,3,3,1,1,2,3,3,3,3,3,2,1,3,3,3,3,2,3,2,3,1,1,1,1,1,4,4,4,4,4,1,3,3,1,2,2,3,1,2,4,4,1,4,2,4,1,4,4,3,2,3,4,3,3
pid_1803,1,1,1,1,1,4,4,4,4,4,4,3,2,4,4,4,4,4,1,2,2,2,2,2,4,2,2,4,1,3,2,2,4,4,2,1,1,3,2,1,1,1,3,3,2,2,2,2,1,1,4,4,3,3,4,4,4,2,2,1,2,1,4,4,4,4,4,1,2,4,1,3,2,2,1,2,4,4,1,4,1,4,1,4,4,2,1,1,2,2,1
pid_580,1,1,1,1,1,1,1,4,3,4,4,1,1,4,4,4,4,4,1,2,1,2,2,2,1,1,4,4,4,1,1,3,2,3,2,2,2,2,1,2,1,1,3,2,2,2,3,1,3,1,4,4,4,4,4,4,4,4,4,1,1,1,3,3,1,1,4,1,3,4,4,3,4,3,3,3,3,2,1,4,3,4,1,4,1,1,1,1,1,3,1
pid_1628,1,1,3,2,2,2,1,2,2,2,2,1,1,4,4,4,4,4,1,2,1,2,3,3,2,1,4,2,4,1,1,3,2,3,2,3,3,2,1,4,2,1,2,2,2,2,3,1,3,1,4,4,4,4,4,4,4,4,4,2,3,4,2,3,1,1,2,2,3,4,4,4,4,4,3,3,3,1,1,2,4,4,1,4,2,1,1,1,1,4,2
pid_956,1,1,1,1,2,4,1,4,4,4,4,4,2,4,2,4,4,4,1,2,2,2,2,2,4,3,2,3,1,3,2,2,3,3,2,1,1,3,2,2,2,2,3,3,3,2,2,2,1,1,4,4,4,2,4,4,4,1,2,1,2,1,4,4,4,4,4,1,2,4,2,4,3,2,1,2,4,4,1,4,1,4,1,4,3,2,2,3,2,4,3
pid_1981,1,4,1,1,1,4,3,4,4,4,4,4,4,4,1,2,4,4,2,4,4,4,3,4,4,2,2,4,1,4,4,3,3,4,3,1,3,4,4,3,3,3,3,4,3,3,2,2,2,4,2,4,2,2,3,2,1,1,1,1,1,1,4,4,2,4,4,1,3,4,1,2,4,4,1,1,4,4,1,4,1,4,1,4,4,3,4,4,4,4,4
pid_402,1,1,1,1,1,1,1,4,4,4,4,3,1,4,4,4,4,4,1,1,1,1,1,2,1,1,4,3,3,1,2,4,2,3,2,2,3,2,1,2,1,1,3,2,3,2,3,2,3,1,4,4,4,3,4,4,4,2,1,2,2,2,4,4,1,2,4,1,3,4,1,4,4,3,4,3,3,2,1,4,2,4,1,4,3,1,1,1,1,2,1
pid_1666,1,1,3,2,1,4,2,4,4,4,4,4,3,3,2,3,3,4,1,2,2,2,2,2,4,3,3,3,2,3,3,3,4,4,3,1,2,3,3,1,2,2,3,3,2,3,2,2,2,3,4,3,4,3,3,4,2,1,1,1,1,1,4,4,4,4,4,2,3,4,3,3,3,2,2,3,3,3,1,4,2,4,1,4,3,2,2,2,2,2,2
pid_398,1,1,1,3,4,4,1,3,4,4,4,3,2,2,3,2,4,4,1,2,2,2,2,2,4,2,3,3,2,2,2,3,4,4,2,3,2,3,2,3,1,2,3,3,2,2,2,2,2,1,4,3,4,3,2,4,3,4,4,3,4,3,4,4,2,4,4,2,3,4,3,3,3,3,1,3,3,3,1,4,3,4,1,4,2,2,1,1,2,2,1
pid_1301,1,1,1,2,1,1,1,4,4,4,4,3,1,4,3,4,4,4,3,2,2,2,2,2,1,1,2,3,2,3,2,3,4,3,2,1,2,2,2,1,1,1,3,3,3,2,2,2,2,1,4,4,3,3,4,4,4,2,1,1,2,1,3,4,1,4,4,1,3,3,3,4,3,3,2,2,3,4,1,4,2,4,1,4,3,1,1,1,1,1,1
pid_165,1,1,1,1,1,1,1,2,1,4,3,1,1,4,4,4,4,4,1,2,1,3,3,3,1,1,4,4,4,1,1,4,1,4,4,4,3,1,1,4,1,1,3,2,3,2,3,2,4,1,4,4,4,3,4,4,4,2,1,1,2,1,1,2,1,1,2,1,3,3,4,3,4,4,3,2,3,1,1,2,4,4,1,3,3,1,1,1,1,2,2
pid_918,1,3,1,2,1,2,3,3,2,4,3,2,4,2,2,2,3,4,2,2,2,3,2,3,3,1,4,4,2,1,2,4,4,4,3,3,3,3,3,1,2,1,3,3,3,3,3,2,3,3,4,4,4,4,4,4,4,1,1,1,1,1,2,3,1,1,2,2,3,3,4,2,4,3,1,3,4,3,1,2,4,4,1,4,3,1,3,3,1,1,3
pid_1056,1,1,1,1,1,2,1,4,4,4,4,1,2,4,2,4,4,4,1,2,1,2,1,2,1,2,2,2,1,4,3,2,2,3,2,1,2,3,3,1,1,1,3,3,3,3,2,2,1,3,3,4,2,2,4,3,3,1,1,1,1,1,4,4,4,4,4,1,2,3,1,3,2,3,1,2,3,3,1,4,1,4,1,4,3,2,1,1,1,1,1
pid_232,1,1,1,1,2,2,1,2,1,4,2,1,2,4,3,4,4,4,1,2,1,2,3,3,1,1,4,4,4,1,2,4,1,4,3,4,3,2,1,3,2,1,3,2,2,3,4,2,4,1,4,4,4,4,4,4,4,4,4,1,2,1,3,1,1,1,1,1,4,4,4,3,4,4,3,3,2,1,1,1,4,4,1,4,3,1,1,1,1,3,1
pid_755,1,1,2,2,1,1,1,4,4,4,4,3,1,4,4,4,4,4,1,2,2,2,2,2,1,2,2,3,1,3,2,3,2,3,2,1,2,2,2,2,1,1,3,3,3,3,2,2,2,2,3,3,2,2,3,3,3,2,1,3,4,2,3,4,2,4,4,2,3,4,2,3,3,2,1,2,3,4,1,4,2,4,1,4,3,2,1,1,2,2,3
pid_1531,1,1,1,1,2,4,2,4,4,4,4,3,2,4,3,4,4,4,1,2,2,3,2,2,4,3,2,3,1,3,3,2,3,4,2,1,2,3,3,1,1,1,3,3,3,3,2,2,1,3,4,4,4,2,4,4,3,1,1,1,1,1,4,4,4,4,4,1,2,2,3,4,3,2,1,2,4,4,1,4,1,4,1,4,3,3,1,2,2,1,1
pid_1865,1,1,2,1,1,1,1,2,2,4,2,1,3,4,2,4,4,4,1,1,1,3,3,3,1,1,3,3,3,1,2,3,3,4,3,3,3,3,2,4,3,1,3,3,3,2,3,1,3,1,4,4,4,4,4,4,4,2,1,1,1,1,2,1,1,2,1,1,2,4,4,3,4,3,3,3,3,1,1,2,2,4,1,4,3,1,1,1,1,4,3
pid_1018,1,1,1,1,1,4,3,4,4,4,4,4,1,4,4,4,4,4,1,1,1,1,1,1,4,3,2,4,1,3,3,2,3,3,1,1,1,3,2,1,1,1,3,3,3,2,2,1,1,1,4,3,4,2,4,4,3,4,4,1,3,1,4,4,4,4,4,1,1,3,3,3,3,1,1,2,4,4,1,4,1,4,1,4,3,3,1,1,2,1,1
pid_1782,1,1,1,2,1,4,2,4,4,4,4,2,1,4,4,4,4,4,1,2,2,2,2,2,4,1,2,3,2,3,2,3,4,4,2,1,2,3,2,1,2,1,3,3,3,3,2,1,1,1,4,4,3,2,4,4,4,3,3,2,3,2,4,4,4,4,4,1,2,4,3,3,3,2,2,2,3,3,1,4,1,4,1,4,3,2,1,2,2,2,1
pid_68,1,1,1,1,1,1,1,4,4,4,4,4,4,4,2,4,4,4,1,2,2,3,2,2,1,1,2,3,1,3,3,2,4,3,3,1,2,3,3,2,1,1,3,3,3,3,3,2,2,3,4,4,4,1,4,4,4,1,2,1,1,1,3,3,4,4,4,1,3,3,1,3,4,2,1,1,4,4,1,4,1,4,1,4,3,2,1,1,2,3,1
pid_1951,2,3,1,3,1,3,4,4,4,4,4,4,3,3,2,2,2,4,2,3,3,4,3,4,3,1,3,4,4,2,3,4,4,3,3,2,2,3,3,3,3,3,3,3,3,3,3,2,3,3,3,3,4,3,3,2,4,1,2,2,2,2,4,4,2,4,4,2,3,4,2,2,3,3,1,3,3,3,1,4,2,4,1,4,3,1,4,4,2,3,4
pid_348,1,1,1,1,1,1,1,4,2,4,2,3,2,4,3,4,4,4,1,2,2,3,3,2,1,1,3,4,4,2,3,4,4,4,3,3,3,2,2,4,2,1,3,2,3,3,3,1,3,2,4,4,4,3,4,4,4,1,2,1,1,1,1,2,1,1,2,1,4,3,1,3,4,4,2,2,3,3,1,2,4,4,1,4,3,1,1,1,1,4,1
pid_26,1,1,1,1,2,4,2,4,4,4,4,4,1,4,4,4,4,4,1,3,2,3,1,2,4,2,2,3,1,3,3,3,4,3,2,1,1,3,3,1,1,1,3,3,3,2,2,1,1,1,4,4,4,3,4,4,4,4,4,2,4,2,4,4,4,4,4,1,3,4,1,4,3,2,1,2,4,3,1,4,2,4,1,4,3,2,1,2,2,1,2
pid_1162,1,1,1,2,1,3,2,4,3,4,3,2,1,4,4,4,4,4,1,1,1,1,2,2,2,1,3,3,2,1,1,2,3,3,2,1,1,1,1,2,2,1,2,2,2,2,2,1,3,1,4,4,4,4,4,4,4,4,4,3,4,2,4,4,1,2,3,2,2,4,3,4,3,2,3,4,2,2,1,4,3,4,1,4,2,1,1,1,1,2,2
pid_306,1,1,1,1,3,4,1,4,4,4,4,1,1,4,4,4,4,4,1,2,1,2,2,2,4,1,2,2,1,2,2,2,4,3,2,2,2,3,2,2,1,1,2,3,3,2,2,2,2,1,4,4,4,3,4,4,4,4,4,2,4,1,4,4,4,4,4,1,1,4,1,3,2,2,1,2,3,3,1,4,1,4,1,4,3,1,2,1,1,2,2
pid_661,1,2,1,1,4,4,3,4,4,4,4,4,4,2,1,1,3,4,1,2,2,2,2,2,4,2,2,3,1,3,3,2,3,4,2,1,2,4,3,1,1,1,3,3,3,2,2,2,2,3,3,4,4,3,3,2,4,1,1,1,1,1,4,4,4,4,4,1,1,3,2,4,2,2,1,2,4,4,1,4,2,4,1,4,3,2,3,4,1,2,4
pid_1405,1,1,1,1,1,1,1,4,4,4,4,1,1,4,4,4,4,4,1,2,1,4,2,2,1,2,2,3,1,2,1,2,3,3,2,1,2,4,3,1,1,1,3,3,3,2,2,2,1,1,4,4,4,2,4,4,3,4,2,2,3,2,4,4,2,4,4,1,2,3,1,3,2,3,1,2,4,3,1,4,1,4,1,4,3,2,1,1,1,1,1
pid_986,1,1,1,3,2,1,1,4,4,4,4,2,1,4,4,4,4,4,1,1,1,2,1,2,1,1,2,3,2,2,2,2,3,4,2,1,2,2,2,4,1,1,3,2,2,3,2,1,2,1,4,4,3,3,4,4,4,4,4,2,4,2,3,4,2,2,4,2,2,3,3,3,3,2,2,3,3,3,1,4,2,4,1,4,2,1,1,1,1,2,1
pid_536,4,4,1,1,2,4,4,2,1,2,1,4,3,3,4,2,2,4,4,4,4,4,4,4,4,1,4,4,4,1,4,4,3,4,4,3,4,2,4,4,4,4,3,3,3,3,3,2,4,3,4,4,4,4,2,3,4,2,4,2,3,2,4,1,1,4,4,1,4,4,4,1,4,4,1,2,3,1,1,1,1,4,1,4,3,1,4,4,1,4,4
pid_1752,1,1,1,1,1,3,1,3,4,4,4,2,2,4,4,4,4,4,1,2,2,3,3,3,1,1,4,4,3,1,2,3,3,4,3,4,4,2,2,4,2,2,3,2,2,3,3,2,3,2,4,4,4,2,4,4,3,2,2,2,2,2,3,2,1,1,4,1,4,4,4,2,4,4,2,2,3,2,1,2,4,4,1,4,3,1,1,1,1,4,2
pid_2043,1,1,1,1,2,1,1,4,4,4,4,1,3,4,2,4,4,4,1,1,1,1,2,2,1,2,2,3,1,3,3,2,3,3,1,1,1,3,3,1,1,1,3,3,2,2,2,2,1,3,3,4,4,2,4,4,2,1,1,1,1,1,4,4,1,4,4,1,2,3,2,4,2,2,1,2,4,4,1,4,4,4,1,4,3,2,1,1,2,2,1
pid_1235,1,1,1,1,1,1,2,4,4,4,4,4,1,3,3,3,4,4,1,2,2,2,1,2,1,2,2,3,1,3,3,2,3,2,2,1,1,3,3,1,1,1,3,3,2,3,2,1,1,1,3,3,2,2,2,3,4,1,4,1,3,2,4,4,4,4,4,1,2,4,1,4,2,2,1,2,3,3,1,4,1,4,1,4,3,2,1,2,2,4,1
pid_1086,1,1,1,1,1,4,2,4,4,4,4,4,1,4,2,2,4,4,1,3,2,3,2,2,4,3,2,3,1,4,3,2,3,3,2,2,2,4,3,1,1,2,3,3,3,2,2,2,1,3,3,3,2,3,3,3,2,1,1,1,2,1,4,4,4,4,4,1,3,4,2,4,2,2,1,2,4,3,1,4,1,4,1,4,3,2,2,1,3,2,1
pid_578,1,1,1,1,1,4,1,4,4,4,4,3,2,4,4,4,4,4,1,2,1,2,2,2,4,2,2,3,1,3,3,2,3,4,2,1,1,3,2,1,1,1,2,3,3,2,2,2,1,1,4,4,4,3,4,4,3,3,4,1,2,1,4,4,4,4,4,1,2,4,2,4,2,2,1,2,3,4,1,4,1,4,1,4,4,3,1,1,2,2,1
pid_785,1,1,1,1,1,4,2,4,4,4,4,4,4,4,3,4,4,4,1,2,2,3,2,2,4,3,2,3,1,4,3,3,4,3,2,1,3,4,3,1,1,2,3,3,3,2,2,1,1,2,3,3,3,2,4,4,2,1,1,1,1,1,4,4,4,4,4,1,2,4,1,3,4,3,1,2,4,4,1,4,1,4,1,4,3,3,3,3,3,2,1
pid_862,1,1,1,2,1,4,2,4,4,4,4,4,1,4,4,4,4,4,1,3,2,3,3,3,4,2,2,3,1,4,3,3,3,4,3,1,2,3,2,2,1,3,3,3,3,3,3,2,1,1,4,3,4,3,4,4,3,4,2,2,4,2,4,4,4,4,4,1,2,4,1,3,3,3,1,2,3,3,1,4,1,4,1,4,3,2,1,2,3,2,2
pid_354,1,1,1,1,1,4,1,4,4,4,4,1,1,4,4,4,4,4,1,2,1,2,1,1,4,2,2,3,1,3,2,2,3,2,2,1,1,3,3,1,1,1,2,3,3,2,2,2,1,1,4,4,4,2,4,4,3,4,4,2,3,2,4,4,4,4,4,1,1,4,3,3,2,2,1,2,3,3,1,4,1,4,1,4,3,2,1,1,1,1,1
pid_74,1,1,1,2,1,3,1,4,4,4,4,1,1,4,4,4,4,4,1,1,1,2,1,2,2,1,2,2,1,1,1,2,2,2,2,1,1,2,1,3,1,1,2,2,2,2,2,2,2,1,4,4,4,4,4,4,4,1,2,1,2,2,4,4,1,3,4,1,2,4,3,4,2,1,2,3,3,1,1,4,1,4,1,4,2,2,1,1,1,3,1
pid_1130,2,1,1,1,1,4,2,4,4,4,4,4,4,3,2,2,4,4,1,3,2,3,1,2,4,3,2,3,1,4,4,3,3,3,3,1,2,4,3,1,1,1,3,3,3,3,2,2,1,3,2,3,3,1,3,3,1,1,1,1,1,1,4,4,4,4,4,1,3,4,1,3,3,2,1,2,4,4,1,4,2,4,1,4,4,2,4,4,3,4,2
pid_1457,1,1,1,2,1,4,3,4,4,4,4,3,1,4,4,4,4,4,1,2,1,2,1,2,4,2,2,2,1,3,3,2,3,3,2,1,1,4,3,2,1,1,3,3,3,3,2,1,1,1,4,4,4,2,4,4,3,2,2,1,2,1,4,4,4,4,4,1,2,3,1,4,2,2,1,2,4,4,1,4,1,4,1,4,3,2,1,1,2,2,1
pid_633,1,1,1,2,1,2,1,4,4,4,4,1,2,4,3,3,4,4,1,2,2,3,2,2,2,1,3,3,2,2,2,3,4,3,3,1,2,3,2,2,2,1,2,2,3,3,2,2,2,2,4,4,3,3,4,4,4,1,1,2,1,2,4,4,3,2,4,1,2,3,2,3,3,2,2,3,3,2,1,4,1,4,1,4,3,1,1,1,2,3,2
pid_480,1,1,2,2,1,4,1,2,2,3,4,1,2,4,4,4,4,4,1,2,1,2,2,3,4,1,4,4,4,1,1,4,4,3,3,3,2,2,2,3,2,1,3,3,3,3,3,2,3,1,4,4,4,4,4,4,4,2,1,1,2,2,4,4,1,2,1,1,3,4,4,4,4,2,2,3,3,1,1,3,3,4,1,4,2,1,1,1,1,2,2
pid_1903,1,2,2,2,1,4,1,4,4,4,4,4,3,4,4,4,4,4,1,3,2,3,2,2,4,2,3,4,4,2,2,3,4,3,3,1,2,3,2,2,2,2,3,3,3,3,3,2,2,2,4,4,4,3,4,4,3,1,1,2,2,1,4,4,2,4,4,1,3,4,2,3,3,3,2,2,4,3,1,4,1,4,1,4,3,2,2,2,2,3,3
pid_1419,1,1,1,1,3,4,3,4,4,4,4,4,3,4,2,4,4,4,1,2,1,2,1,1,4,3,2,4,1,4,3,3,4,4,2,1,2,4,3,1,1,1,3,3,3,3,2,1,1,3,3,3,2,2,3,4,2,1,1,1,1,1,4,4,4,4,4,1,1,3,1,4,3,2,1,2,4,4,1,4,1,4,1,4,4,4,2,2,3,2,1
pid_1383,1,1,1,1,1,4,3,4,4,4,4,4,1,4,2,4,4,4,1,1,1,1,1,1,4,2,2,3,1,3,2,3,3,3,2,1,2,3,3,1,1,1,3,3,3,2,2,1,1,2,3,3,4,2,4,4,3,2,1,2,2,1,4,4,4,4,4,1,3,4,2,3,2,2,1,2,4,4,1,4,1,4,1,4,3,2,1,3,2,2,1
pid_830,1,1,1,1,1,4,2,4,4,4,4,1,3,4,4,4,4,4,1,2,1,1,2,1,4,2,2,3,2,3,2,3,3,3,3,1,1,3,2,1,1,1,3,3,3,3,2,1,1,2,4,4,4,3,4,4,4,2,1,1,2,1,4,4,4,4,4,1,1,3,2,4,3,2,1,3,3,3,1,4,2,4,1,4,3,2,2,2,2,2,2
pid_1229,1,2,1,3,3,3,4,4,4,4,4,2,2,4,4,4,4,4,1,2,2,3,3,3,4,2,3,4,3,2,3,3,4,4,3,3,3,3,2,2,2,3,3,3,3,2,3,2,3,3,4,4,4,3,4,4,3,2,3,2,2,3,4,4,3,4,4,3,3,4,2,3,3,3,2,3,3,3,1,4,2,4,1,4,3,3,3,3,3,4,4
pid_1700,1,1,1,1,1,3,1,4,4,4,4,1,1,4,4,4,4,4,1,1,1,2,1,1,3,2,2,3,1,3,2,2,3,2,2,1,1,3,2,2,1,1,3,3,3,2,2,1,1,1,4,3,4,3,4,4,3,4,2,2,4,2,4,4,3,4,4,1,2,4,3,4,2,2,1,3,3,3,1,4,1,4,1,4,3,2,1,1,1,1,1
pid_2011,1,1,1,2,1,4,1,4,4,4,4,1,3,4,3,4,4,4,1,2,1,2,1,2,4,2,3,4,2,3,2,3,3,3,2,1,2,2,2,2,1,1,3,2,2,2,2,2,2,1,3,4,4,3,4,3,2,2,1,1,2,1,4,4,4,4,4,1,3,3,2,3,3,2,2,3,3,2,1,4,1,4,1,4,2,2,1,1,1,2,1
pid_564,1,1,1,2,1,3,1,4,4,4,4,3,1,4,4,4,4,4,1,1,1,2,1,2,2,1,3,3,2,1,2,2,3,2,2,1,2,2,2,1,1,1,3,2,2,2,2,2,2,1,4,4,4,3,4,4,3,4,2,2,3,2,4,4,2,3,4,2,2,4,3,4,3,2,2,3,3,4,1,4,2,4,1,4,3,1,1,1,1,1,1
pid_799,1,1,1,1,1,4,1,4,4,4,4,1,4,4,2,4,4,4,1,2,2,2,1,2,4,2,2,2,1,3,4,3,4,4,2,1,2,3,3,3,1,1,3,4,3,3,2,2,1,4,2,3,3,2,4,2,3,1,1,1,1,1,4,4,4,4,4,2,2,4,4,3,2,2,1,1,4,4,1,4,1,4,1,4,3,3,3,3,3,3,3
pid_1267,1,1,1,3,1,3,1,2,2,4,2,3,1,4,3,4,4,4,1,2,1,2,3,3,3,1,3,3,3,1,2,3,4,4,3,3,2,2,2,3,2,2,3,3,2,2,2,3,3,1,4,3,4,3,2,4,4,4,3,2,2,2,4,3,1,1,2,2,2,3,4,3,3,3,1,3,3,3,1,2,2,4,1,4,3,1,2,1,1,1,2
pid_1634,1,1,1,2,1,4,1,4,2,4,4,3,1,4,4,4,4,4,1,2,1,2,2,3,4,1,4,4,3,1,1,4,2,3,3,3,3,2,2,4,2,1,2,2,3,2,3,2,3,1,4,4,4,4,4,4,4,2,4,1,2,1,4,4,1,1,1,1,3,4,4,3,4,3,3,3,2,2,1,2,4,4,1,4,2,1,1,1,1,2,2
pid_450,1,1,1,1,1,4,1,4,4,4,4,4,2,4,2,2,4,4,1,1,1,2,1,2,4,1,2,2,1,2,2,2,3,3,2,1,1,3,2,1,1,1,3,3,3,3,2,2,2,3,3,4,4,2,3,4,3,1,1,1,1,1,4,4,2,2,4,1,2,3,1,3,2,2,1,2,4,4,1,4,1,4,1,4,3,2,1,1,1,2,1
pid_137,1,1,1,1,1,4,1,4,4,4,4,1,3,2,4,2,2,4,1,1,1,1,1,1,4,2,1,4,1,3,3,2,3,3,2,1,2,4,3,1,1,1,3,3,3,2,2,2,1,1,3,2,3,2,3,3,3,1,1,1,4,2,4,4,4,4,4,1,3,3,3,4,3,2,1,2,3,4,1,4,1,4,1,4,3,3,1,1,2,1,2
pid_1353,1,1,1,1,1,4,2,4,4,4,4,4,4,4,2,3,4,4,2,2,2,2,1,2,4,3,2,3,1,4,3,3,4,4,2,1,2,4,3,1,1,2,3,3,3,3,2,2,1,3,3,4,3,2,3,3,3,1,1,1,1,1,4,4,4,4,4,1,2,3,1,3,2,2,1,1,4,4,1,4,2,4,1,4,3,3,2,2,3,2,1
pid_384,1,1,1,1,1,1,1,4,4,4,4,3,1,4,4,4,4,4,1,2,1,2,1,2,1,1,2,2,1,2,2,2,2,2,2,1,2,3,2,2,1,1,3,3,3,2,2,3,2,1,3,4,3,3,3,3,4,4,4,3,3,1,3,4,2,4,4,1,2,4,3,3,3,2,1,2,3,3,1,4,2,4,1,4,3,2,1,1,1,1,1
pid_179,1,1,1,1,2,4,1,4,4,4,4,2,3,4,3,2,4,4,1,2,1,2,2,2,4,2,2,2,1,3,2,2,3,3,2,1,2,4,3,1,1,1,3,3,3,2,2,2,1,2,3,4,3,3,4,4,3,1,1,1,2,2,4,4,4,4,4,1,2,3,4,3,3,2,1,2,3,4,1,4,3,4,1,4,4,2,3,3,2,2,1
pid_904,1,2,1,3,1,4,3,4,4,4,4,4,4,4,2,4,4,4,2,3,3,3,2,3,4,2,3,3,2,3,3,3,4,4,3,2,3,3,3,3,2,3,3,3,3,3,3,3,2,3,2,3,3,2,4,4,3,1,1,1,1,1,4,4,4,4,4,2,3,2,1,3,3,3,1,2,4,2,1,4,1,4,1,4,3,3,3,3,3,3,3
pid_1487,1,1,1,2,1,3,1,3,2,4,2,4,2,4,4,3,4,4,1,3,2,3,3,3,4,1,4,4,4,1,2,4,2,3,3,2,3,1,2,4,2,3,3,2,3,3,3,2,3,2,3,3,4,4,3,4,3,2,1,2,4,3,4,4,1,1,1,2,3,4,4,4,4,3,2,3,3,2,1,3,4,4,1,4,2,1,1,1,1,4,2
pid_1837,1,1,1,1,1,3,1,4,4,4,4,2,3,4,4,4,4,4,1,2,1,2,1,2,3,1,2,2,1,3,2,2,3,3,2,2,1,3,2,1,1,1,3,3,2,2,2,2,2,1,4,3,4,2,4,4,3,1,1,2,4,1,4,4,2,4,4,2,2,3,2,3,2,2,1,2,3,3,1,4,2,4,1,4,3,2,1,1,1,1,1
pid_749,1,1,1,1,1,1,1,4,2,4,2,1,1,4,4,4,4,4,1,1,1,2,1,2,1,1,4,3,4,1,1,2,2,2,1,1,1,2,1,1,1,1,2,2,2,2,3,1,3,1,4,4,4,4,4,4,4,4,4,2,2,2,3,4,1,1,1,1,1,4,1,4,4,3,4,3,1,1,1,2,4,4,1,4,1,1,1,1,1,1,1
pid_260,1,1,1,1,1,1,1,4,1,4,2,1,1,4,4,4,4,4,1,1,1,2,3,2,1,1,4,4,4,1,1,4,2,3,3,1,4,1,1,2,2,1,3,2,2,3,3,2,4,1,4,4,4,2,4,4,4,4,4,1,1,3,2,1,1,1,1,1,4,4,4,4,4,4,4,2,4,1,1,1,1,4,1,4,1,1,1,1,1,1,1
pid_1879,1,1,1,1,2,4,1,2,1,1,2,1,1,4,4,4,4,4,1,2,1,3,3,3,1,1,4,4,4,1,2,4,2,4,4,4,3,2,2,4,2,2,3,2,2,2,3,1,4,1,4,4,4,4,4,4,4,4,4,3,3,3,2,2,1,1,1,1,4,4,1,4,4,4,3,3,2,1,1,2,4,4,1,4,2,1,1,1,1,3,3
pid_1004,1,3,1,3,1,4,2,4,4,4,4,3,3,4,2,4,4,4,1,3,2,3,3,3,4,1,4,3,2,4,3,3,4,3,3,2,3,3,3,4,2,2,3,3,3,3,3,1,3,3,2,4,2,2,1,2,3,1,1,1,1,1,4,4,1,1,4,2,3,3,2,2,3,3,1,2,3,3,1,1,1,2,1,4,3,2,4,4,2,3,4
pid_1563,1,1,1,1,1,4,1,4,4,4,4,2,1,4,3,4,4,4,1,1,1,2,1,1,4,2,2,2,1,3,2,2,3,2,2,1,1,2,2,3,1,1,3,3,3,3,2,2,2,1,4,4,4,2,4,4,3,2,3,1,2,1,4,4,2,4,4,1,1,4,1,4,2,1,1,2,4,4,1,4,1,4,1,4,3,2,1,1,1,3,1
pid_707,1,1,1,1,1,4,1,4,4,4,4,4,4,2,1,1,1,4,1,2,2,2,1,2,4,2,2,2,1,3,3,2,4,4,2,2,2,4,4,1,1,1,3,3,3,3,2,1,1,4,2,2,2,2,4,4,1,1,1,1,1,1,4,4,4,4,4,1,2,4,1,4,2,3,1,1,4,4,1,4,1,4,1,4,4,4,4,4,4,2,4
pid_151,1,1,1,1,1,2,1,2,1,4,2,2,1,4,4,4,4,4,1,2,1,2,2,2,1,1,4,4,4,1,2,4,2,4,3,3,3,1,2,2,2,1,3,2,2,3,3,2,4,1,4,4,4,3,4,4,4,4,2,4,4,4,3,2,1,1,1,1,3,4,4,4,4,4,1,3,3,1,1,2,4,4,1,4,1,1,1,1,1,1,2
pid_1335,1,1,1,2,1,4,3,4,4,4,4,3,3,4,2,2,4,4,1,2,2,2,1,2,4,2,2,3,1,3,3,2,3,4,2,1,2,3,3,2,1,1,3,3,3,3,2,2,1,3,2,4,4,2,4,3,3,1,1,1,1,1,4,4,4,4,4,1,2,4,2,3,2,2,1,2,3,3,1,4,2,4,1,4,3,2,2,3,2,3,2
pid_1652,1,1,1,2,1,2,1,4,4,4,4,3,2,4,4,4,4,4,1,2,1,2,2,2,2,1,3,3,1,2,2,3,4,3,2,1,3,3,3,2,1,1,2,3,2,2,2,2,2,1,4,4,4,4,4,4,4,2,1,1,3,2,4,4,1,1,4,2,3,4,2,3,2,2,2,3,3,2,1,4,2,4,1,4,2,1,1,1,1,1,1
pid_436,1,1,1,1,1,4,2,4,4,4,4,3,3,2,2,2,2,4,1,2,1,3,2,2,4,2,2,3,1,3,2,2,3,4,2,1,1,4,3,1,1,1,3,3,3,2,2,2,2,3,3,4,3,2,4,3,3,1,1,1,2,1,4,4,3,4,4,1,2,4,2,3,2,2,1,2,3,4,1,4,1,4,1,4,3,2,3,3,2,2,2
pid_962,1,1,1,1,2,4,2,4,4,4,4,2,3,2,2,2,2,4,3,4,2,4,2,3,4,3,2,3,1,4,4,4,4,4,3,2,3,4,4,4,2,3,3,3,4,3,2,2,1,3,2,2,2,1,1,2,2,1,1,1,4,1,4,4,4,4,4,1,4,4,1,4,3,3,1,2,3,4,1,4,2,4,1,4,3,3,3,4,3,3,4
pid_685,1,1,1,1,1,4,1,4,4,4,4,4,4,4,2,4,4,4,1,2,1,2,2,2,4,3,2,3,1,3,3,2,3,4,2,1,1,4,3,1,1,1,3,3,3,2,2,2,1,3,3,4,3,2,3,4,3,1,1,1,1,1,4,4,4,4,4,1,1,4,4,4,3,2,1,2,4,4,1,4,1,4,1,4,3,3,1,2,3,2,1
pid_478,1,1,1,2,1,4,1,4,4,4,4,1,1,4,4,4,4,4,1,1,1,1,1,1,3,1,2,3,1,2,2,2,3,2,2,1,1,2,2,1,1,1,2,3,2,2,2,2,2,1,4,4,4,3,4,4,4,4,4,2,3,2,4,4,3,4,4,1,2,4,3,4,2,2,1,3,3,3,1,4,1,4,1,4,3,2,1,1,1,1,1
pid_1186,1,1,2,3,1,4,1,4,4,4,4,3,3,4,2,2,4,4,1,3,2,3,3,3,3,2,3,4,2,2,3,4,4,4,3,2,3,3,2,2,2,2,3,2,2,3,3,2,3,3,4,4,4,4,4,4,3,1,1,1,1,1,4,4,1,2,4,3,2,4,2,3,3,3,2,2,3,3,1,4,3,4,1,4,3,2,3,3,2,3,3
pid_248,1,1,1,1,1,1,1,2,1,4,1,1,1,4,4,4,4,4,1,2,1,3,3,3,1,1,4,4,4,1,2,4,2,4,3,2,3,2,1,2,2,1,3,2,2,3,3,2,4,1,4,4,4,4,4,4,4,4,2,1,2,2,3,2,1,1,1,1,4,4,4,4,4,3,2,3,3,1,1,2,4,4,1,4,3,1,1,1,1,3,2
pid_1851,1,1,1,1,1,4,1,4,4,4,4,3,3,4,2,4,4,4,1,2,1,2,2,2,4,1,2,3,2,2,2,3,3,3,2,1,2,4,2,1,1,1,3,3,3,3,2,2,1,3,3,3,4,2,4,4,4,2,1,1,1,1,4,4,4,4,4,1,2,3,2,4,3,2,1,2,4,3,1,4,1,4,1,4,3,2,2,3,2,3,2
pid_886,1,1,1,1,4,1,1,4,4,4,4,1,1,4,4,4,4,4,1,1,1,2,2,2,1,1,2,3,2,1,2,3,4,2,2,1,2,3,1,2,1,1,3,2,2,2,2,2,2,1,4,4,4,3,4,4,4,4,4,2,4,1,3,4,2,2,4,1,2,4,3,3,3,2,2,3,3,2,1,4,2,4,1,4,2,1,1,1,1,1,1
pid_1505,1,1,1,1,1,1,2,4,4,4,4,3,4,2,2,2,2,4,1,2,1,2,1,1,1,3,2,4,1,3,3,2,4,3,2,1,1,4,3,1,1,1,3,3,2,2,2,2,1,3,2,4,3,2,3,4,2,1,1,1,1,1,4,4,4,4,4,1,1,3,1,4,2,2,1,2,4,4,1,4,1,4,1,4,3,2,1,1,3,2,1
pid_761,1,1,1,1,1,4,3,4,4,4,4,4,3,4,3,4,4,4,1,2,2,3,2,2,4,3,2,3,1,3,3,2,3,3,1,1,1,4,3,1,2,1,3,3,3,2,2,2,1,1,4,4,4,3,4,4,3,2,1,1,2,1,4,4,4,4,4,1,1,3,1,4,2,2,1,2,4,4,1,4,1,4,1,4,4,3,3,3,3,3,2
pid_206,1,1,3,1,1,1,1,2,1,4,1,1,1,4,4,4,4,4,1,4,3,4,4,4,1,1,4,4,4,1,3,4,2,4,4,3,3,1,2,4,4,4,3,3,3,3,3,1,4,1,4,4,4,4,4,4,4,4,4,2,4,4,1,1,1,1,1,1,4,4,4,4,4,4,3,3,3,1,1,4,4,4,1,4,3,1,4,1,1,2,4
pid_1062,1,1,1,1,2,2,3,2,2,4,4,3,3,4,2,2,4,4,2,2,2,3,2,3,1,1,4,4,4,1,3,4,2,4,4,4,3,2,2,2,3,1,3,3,3,3,3,2,3,2,4,4,4,4,4,4,4,2,1,1,1,2,2,1,1,1,4,2,4,4,4,3,4,3,3,3,4,2,1,3,4,4,1,4,2,1,1,1,1,4,3
pid_1431,1,2,1,2,1,4,3,4,4,4,4,4,3,4,3,4,4,4,1,2,2,3,1,2,4,2,3,4,2,2,2,3,4,3,2,1,2,3,2,1,2,2,3,3,2,2,3,2,2,2,3,4,4,3,4,4,4,2,2,2,2,2,4,4,4,4,4,1,2,4,3,3,3,2,2,3,3,3,1,4,2,4,1,4,3,2,2,3,3,3,1
pid_655,1,1,1,1,1,1,1,4,4,4,4,4,1,4,4,4,4,4,1,2,1,2,2,2,1,1,2,2,1,3,3,2,2,3,2,1,2,3,2,1,1,1,3,3,3,2,2,2,2,1,4,4,2,2,4,4,4,4,3,2,4,2,3,4,3,4,4,1,2,4,2,4,2,2,1,2,3,3,1,4,1,4,1,4,3,1,1,1,1,2,1
pid_332,1,1,1,1,1,1,1,2,2,4,2,1,1,4,4,4,4,4,1,2,1,2,2,2,1,1,4,4,4,1,2,3,3,3,2,2,3,1,1,2,2,1,3,2,3,3,3,2,3,1,4,4,4,3,4,4,4,4,3,2,3,2,3,3,1,1,2,1,3,4,4,4,4,3,3,3,2,2,1,4,3,4,1,4,2,1,1,1,1,1,1
pid_1156,1,3,1,2,1,1,3,4,4,4,4,3,2,4,4,4,4,4,1,3,2,3,3,2,1,2,2,4,2,3,2,2,3,3,2,1,2,3,1,1,1,1,3,3,3,3,2,2,2,1,4,4,4,2,4,4,4,4,4,2,3,2,4,4,4,4,4,1,2,3,1,4,2,3,1,2,4,3,1,4,2,4,1,4,3,2,3,3,2,4,3
pid_12,1,1,1,1,1,1,1,3,2,4,4,1,1,4,4,4,4,4,1,1,1,1,1,1,2,1,4,4,4,1,1,4,2,2,3,2,3,1,1,1,1,1,2,2,2,2,3,1,3,1,4,4,4,4,4,4,4,4,2,2,2,3,3,4,1,2,2,1,3,4,4,4,4,2,2,4,2,1,1,4,2,4,1,4,2,1,1,1,1,1,1
pid_181,1,1,1,2,1,1,1,4,4,4,4,1,1,4,4,4,4,4,1,2,1,2,2,2,1,1,2,2,1,2,2,2,3,3,2,1,2,3,2,1,1,1,3,3,2,2,2,1,2,1,4,4,4,3,4,4,4,4,4,2,3,2,4,4,2,4,4,2,2,4,3,4,2,2,1,2,4,3,1,4,2,4,1,4,3,2,1,1,1,3,1
pid_1682,1,1,1,2,1,4,1,4,4,4,4,1,2,4,4,4,4,4,1,2,1,2,2,2,4,2,3,4,2,3,3,3,3,3,2,1,2,3,2,2,2,2,2,2,2,2,2,2,2,1,4,3,4,3,4,3,4,2,1,2,4,4,4,4,2,4,4,1,2,4,3,3,3,3,1,3,3,3,1,4,1,4,1,4,3,2,2,3,2,2,1
pid_1118,1,2,1,2,2,4,2,4,4,4,4,3,2,3,2,3,2,4,1,1,1,1,2,2,4,3,2,4,1,3,3,3,3,3,2,1,1,3,3,2,2,2,3,3,3,3,2,1,1,1,3,3,3,3,3,3,3,1,1,2,4,2,4,4,4,4,4,1,2,3,2,3,3,1,1,2,3,3,1,4,1,4,1,4,3,3,3,3,3,3,3
pid_1965,1,3,1,2,2,3,1,2,1,1,1,4,4,4,1,2,4,4,2,4,3,4,4,4,4,1,4,4,4,1,4,4,4,4,4,3,4,2,4,4,4,4,3,3,3,3,4,3,4,4,1,4,4,3,2,2,4,1,1,1,1,1,2,1,1,1,1,2,4,4,1,2,4,4,1,1,4,1,1,1,4,2,1,4,2,1,4,4,1,4,4
pid_856,1,1,1,2,1,4,1,4,4,4,4,3,1,4,4,2,4,4,1,2,1,2,1,2,4,1,3,2,2,2,2,3,3,3,3,2,3,2,2,1,1,1,3,3,2,2,2,2,2,1,4,4,4,3,3,3,4,4,1,3,4,2,4,4,1,4,4,1,3,4,3,3,3,2,1,4,3,4,1,4,2,4,1,4,3,1,1,1,1,1,1
pid_2039,1,1,1,1,1,2,1,2,2,2,2,1,1,4,4,4,4,4,1,3,1,4,2,4,2,1,4,4,4,1,2,4,4,4,4,3,4,2,2,4,2,2,3,3,3,3,3,1,4,1,4,4,4,4,4,4,4,4,4,4,4,3,4,4,1,1,1,1,4,4,4,4,4,3,2,3,3,2,1,4,4,4,1,4,2,1,1,1,1,2,2
pid_1728,2,1,1,2,1,4,4,4,4,4,4,4,4,2,2,2,1,3,2,3,2,3,2,3,4,3,2,3,1,3,4,3,4,4,3,2,3,4,4,2,2,2,3,3,3,3,2,2,1,3,2,2,3,2,2,2,2,1,1,1,3,2,4,4,4,4,4,2,1,4,1,3,3,2,1,2,4,4,1,4,1,4,1,4,3,3,4,4,3,3,4
pid_818,1,1,1,1,1,3,1,4,4,4,4,4,2,4,2,4,4,4,2,2,2,3,2,2,3,2,2,3,2,3,3,3,3,3,2,1,2,3,2,2,1,1,3,3,3,3,2,2,2,3,3,4,4,2,4,3,3,1,1,1,1,1,4,4,4,4,4,1,2,4,2,3,2,2,1,2,3,4,1,4,1,4,1,4,3,2,1,2,2,2,2
pid_1201,1,1,2,4,1,4,1,4,4,4,4,4,4,4,1,2,2,4,1,3,2,2,2,2,4,2,2,2,2,3,2,3,4,3,3,2,2,3,2,4,2,1,3,3,3,3,3,2,2,4,2,3,2,2,2,1,2,1,1,1,1,1,4,4,2,1,1,3,2,4,2,2,3,2,2,2,4,2,1,4,2,4,1,4,4,3,3,3,2,2,4
pid_298,1,1,1,1,1,1,1,4,2,4,4,4,1,4,4,4,4,4,1,2,1,2,2,2,1,1,4,3,4,1,2,3,2,3,3,1,3,2,1,2,2,1,2,2,2,2,3,1,3,1,4,4,4,3,4,4,4,4,4,2,3,2,4,3,1,4,4,1,3,4,4,3,3,3,3,4,2,3,1,4,3,4,1,4,2,1,1,1,1,2,1
pid_1766,1,1,1,1,1,4,2,4,4,4,4,1,4,2,2,2,2,3,1,2,1,3,2,2,4,3,2,3,1,3,3,3,4,4,3,2,2,4,3,1,1,1,3,3,3,2,2,2,1,3,2,4,3,2,3,3,3,1,1,1,2,1,4,4,4,4,4,1,2,3,1,2,3,3,1,2,4,4,1,4,1,4,1,4,3,3,3,3,3,2,3
pid_502,1,1,1,2,4,4,1,4,4,4,4,1,2,4,4,4,4,4,1,2,1,2,1,2,4,1,2,2,1,3,3,2,3,2,2,1,2,3,1,4,1,1,2,2,2,2,2,1,1,1,4,4,4,3,4,4,4,4,2,2,4,2,4,4,4,4,4,1,1,4,3,4,2,1,1,2,3,3,1,4,1,4,1,4,3,2,2,2,1,2,2
pid_1881,1,2,1,2,3,1,1,2,4,4,4,1,3,2,2,2,4,4,1,3,2,3,3,2,2,1,3,3,1,3,3,3,3,4,3,2,2,3,3,2,2,1,3,3,3,3,3,2,3,3,2,3,2,2,3,2,3,4,1,1,1,1,2,3,1,2,4,2,3,3,2,3,3,3,1,2,3,4,1,4,2,4,1,4,3,1,2,3,1,2,3
pid_461,1,1,1,1,1,2,1,4,4,4,4,1,1,4,4,4,4,4,1,2,1,2,1,1,2,1,2,3,1,3,1,2,3,3,1,1,2,3,2,1,1,1,3,3,2,2,2,1,1,1,4,4,4,2,4,4,4,4,4,1,3,2,4,4,4,4,4,1,1,3,2,4,3,2,1,2,4,3,1,4,1,4,1,4,3,2,1,1,1,1,1
pid_1605,1,1,1,1,1,4,4,4,4,4,4,4,4,4,2,4,4,4,3,2,2,3,2,2,4,3,2,4,1,3,3,2,3,3,2,1,3,3,3,2,1,2,3,3,3,3,2,2,1,3,4,4,4,2,4,4,2,1,1,1,1,1,4,4,4,4,4,1,2,3,1,3,3,2,1,2,4,4,1,4,2,4,1,4,4,2,2,3,3,3,2
pid_1362,1,1,2,1,1,4,2,4,4,4,4,1,1,4,4,4,4,4,1,2,1,2,1,1,4,3,2,3,1,3,2,2,3,2,2,1,2,3,2,1,1,1,3,3,2,2,2,1,1,1,4,4,4,2,4,4,3,4,3,2,4,3,4,4,4,4,4,1,1,4,1,4,2,1,1,2,3,3,1,4,2,4,1,4,3,3,1,2,2,2,1
pid_106,2,1,1,1,1,4,3,4,4,4,4,4,1,4,4,4,4,4,1,2,2,2,1,2,4,2,2,3,1,2,2,2,2,3,2,1,2,3,2,1,1,1,2,3,2,2,3,1,2,1,4,4,4,2,4,4,4,4,4,2,3,1,4,4,2,4,1,1,2,4,2,3,2,2,1,3,3,3,1,4,1,4,1,4,3,2,1,3,2,3,1
pid_95,1,1,1,1,1,1,1,4,2,4,4,3,1,4,4,4,4,4,1,2,1,3,3,2,1,1,4,4,4,1,2,3,2,3,3,2,3,2,1,1,1,1,3,2,3,2,3,1,3,1,4,4,4,4,4,4,4,3,4,1,2,2,4,4,1,2,1,1,3,4,4,3,4,4,3,3,3,2,1,4,3,4,1,4,2,1,1,1,1,2,1
pid_148,1,1,1,1,1,1,2,2,1,4,1,2,2,4,4,4,4,4,1,2,2,2,3,3,1,1,4,4,4,1,2,3,2,4,3,3,3,2,2,4,3,2,3,2,2,3,3,2,3,1,4,4,4,4,4,4,4,2,3,2,2,2,2,2,1,1,2,1,4,4,1,3,4,3,4,3,3,1,1,2,3,4,1,4,3,1,2,2,1,3,2
pid_935,1,2,1,3,3,4,2,4,4,4,4,1,3,4,4,4,4,4,1,2,1,2,2,3,4,1,3,4,2,2,2,3,3,3,2,1,2,3,1,3,1,1,3,3,2,2,2,2,1,1,4,4,4,4,4,4,4,2,2,2,4,2,4,4,2,4,4,3,2,4,3,4,3,2,2,3,3,1,1,4,1,4,1,4,3,2,3,3,2,3,2
pid_1806,1,1,1,1,1,1,1,3,2,4,2,2,2,4,2,4,4,4,1,3,1,4,4,4,1,1,4,4,4,1,2,4,2,3,3,2,3,2,2,3,3,2,3,2,3,3,3,1,4,3,2,4,4,4,4,4,3,1,1,1,1,1,2,2,1,1,1,1,4,3,4,2,4,3,3,2,3,2,1,2,4,4,1,4,3,1,1,1,1,2,1
pid_585,1,4,1,1,1,4,1,1,1,2,1,4,4,4,2,4,4,4,2,3,3,4,3,3,4,1,4,4,4,1,2,4,2,3,4,2,3,1,2,4,4,3,3,2,3,3,4,1,4,3,4,4,4,3,3,4,4,1,1,1,1,1,4,4,1,1,1,2,3,4,1,3,4,4,3,2,3,1,1,1,3,4,1,4,1,1,4,4,1,3,4
pid_1286,1,1,1,2,1,4,1,4,4,4,4,1,1,4,4,4,4,4,2,2,2,3,2,2,4,1,2,3,1,2,2,3,3,2,2,2,2,3,2,1,1,1,3,2,2,2,2,1,2,1,4,4,4,3,4,4,3,4,2,2,4,2,4,4,2,3,4,1,2,4,3,3,3,3,2,3,3,2,1,4,2,4,1,4,3,2,1,2,2,1,1
pid_778,1,1,1,1,1,2,1,4,4,4,4,3,4,2,1,2,1,3,1,2,2,3,3,3,2,1,3,4,2,3,2,4,4,4,3,2,3,4,4,1,2,2,3,3,3,3,2,3,3,4,3,2,4,4,1,2,2,1,1,1,1,1,4,4,1,2,4,2,3,4,2,3,3,3,2,1,4,3,1,4,1,4,1,4,3,2,2,1,2,1,1
pid_1848,1,1,1,2,1,1,1,4,2,4,4,2,1,4,4,4,4,4,1,2,1,4,2,3,1,1,4,3,3,1,2,3,3,3,2,2,2,2,2,3,1,1,3,2,2,3,3,2,3,1,4,4,4,3,4,4,4,4,1,2,4,2,3,4,1,2,3,2,2,4,4,3,3,3,2,3,3,2,1,2,3,4,1,4,2,1,1,1,1,2,1
pid_1035,1,3,3,1,1,3,2,3,2,4,1,3,3,4,3,2,4,4,1,2,1,3,3,3,4,1,4,4,4,1,2,4,3,3,3,3,3,2,2,4,3,3,3,2,3,2,3,2,4,2,4,4,4,4,4,4,4,1,1,2,2,1,4,3,1,1,1,2,3,4,1,1,4,4,3,3,3,1,1,2,4,4,1,4,2,1,2,3,1,4,3
pid_251,1,1,1,1,4,4,1,4,4,4,4,1,1,4,4,4,4,4,1,2,1,2,1,2,4,1,2,2,1,2,2,2,3,3,1,1,1,3,2,1,1,1,3,3,3,2,2,2,2,1,4,4,4,3,4,4,4,4,4,1,4,2,4,4,2,4,4,1,2,3,2,3,2,2,1,2,3,3,1,4,1,4,1,4,3,2,1,1,1,1,1
pid_736,1,1,1,2,4,4,1,4,4,4,4,1,1,4,4,4,4,4,1,1,1,1,1,2,4,1,2,2,1,1,2,2,3,2,2,1,1,3,2,2,1,1,2,2,2,2,2,1,2,1,4,4,4,3,4,4,4,4,4,2,4,3,4,4,2,4,4,2,2,4,2,3,2,2,2,3,3,3,1,4,2,4,1,4,2,1,1,1,1,1,1
pid_1552,1,3,3,2,1,3,2,2,2,2,2,4,2,4,4,4,4,4,1,2,2,2,3,3,2,1,4,4,4,1,2,4,2,3,3,3,3,1,1,4,3,2,3,2,3,3,3,1,4,1,4,4,4,4,4,4,4,2,1,1,2,2,2,1,1,2,2,2,3,4,4,3,4,3,4,2,2,1,1,2,4,4,1,4,2,1,3,3,1,4,4
pid_1101,1,3,1,1,1,4,2,4,4,4,4,1,1,4,4,4,4,4,1,4,3,4,3,3,4,3,2,3,1,4,3,2,4,4,4,2,3,4,3,1,2,3,3,3,3,3,3,2,2,1,4,4,4,3,4,4,3,4,4,2,2,2,4,4,2,4,4,2,2,4,1,2,4,1,1,2,4,3,1,4,1,4,1,4,3,2,4,3,2,4,3
pid_45,1,1,1,1,1,1,1,2,1,4,2,1,1,4,4,4,4,4,1,2,1,3,2,3,1,1,4,4,4,1,2,4,2,4,3,2,3,2,2,2,2,1,3,2,2,3,3,1,3,1,4,4,4,4,4,4,4,4,4,3,2,3,3,3,1,1,2,1,3,4,4,3,4,1,3,3,3,1,1,4,4,4,1,4,1,1,1,1,1,2,1
pid_365,1,1,2,1,1,1,1,4,4,4,4,4,1,4,4,4,4,4,1,2,1,3,2,2,1,1,3,3,2,2,2,3,3,3,2,1,2,2,2,1,1,1,3,3,3,3,3,1,2,1,4,4,4,2,4,4,3,4,2,2,2,2,4,4,1,4,4,1,2,4,4,4,3,3,1,3,3,3,1,4,1,4,1,4,2,1,1,1,1,2,1
pid_602,1,1,1,1,1,4,2,4,4,4,4,3,2,4,4,4,4,4,2,2,2,3,2,2,4,3,2,3,1,3,3,2,4,4,2,1,1,3,3,2,1,2,2,3,3,2,2,1,1,1,4,3,3,2,4,4,3,4,3,2,4,4,4,4,4,4,4,1,1,4,2,4,2,1,1,2,4,3,1,4,2,4,1,4,3,3,3,3,3,3,3
pid_1466,1,1,1,1,3,3,1,2,1,4,2,1,1,4,4,4,4,4,1,2,2,3,2,3,2,1,4,4,3,1,2,3,3,3,3,3,3,2,2,4,3,1,3,2,3,2,3,2,3,1,4,4,4,3,4,4,4,4,3,2,4,3,4,4,1,1,2,1,3,3,4,3,4,4,2,4,3,2,1,2,4,4,1,4,3,1,1,1,1,3,1
pid_198,1,1,1,1,2,3,3,4,4,4,4,4,4,4,2,4,4,4,2,4,3,4,2,2,4,3,2,4,2,4,3,4,4,4,2,1,2,4,3,1,1,1,3,3,3,3,3,2,1,3,3,4,4,2,4,4,3,1,1,1,1,1,4,4,4,4,4,1,3,2,1,3,3,4,1,2,4,4,1,4,1,4,1,4,4,3,3,3,3,3,4
pid_1932,1,2,2,1,1,2,1,3,2,4,4,4,3,4,2,4,4,4,1,3,2,3,3,3,2,1,4,4,4,1,3,4,3,4,3,3,3,2,2,4,2,2,3,2,2,3,3,2,3,3,3,4,4,4,4,4,3,1,1,1,1,1,3,4,1,2,1,2,3,4,4,2,4,4,4,2,2,2,1,2,4,4,1,4,2,1,3,3,1,3,3
pid_1428,1,1,1,1,4,1,1,4,4,4,4,1,3,4,2,3,4,4,1,2,1,2,2,2,1,1,2,2,1,3,3,2,2,3,3,1,2,3,3,3,1,1,3,3,3,2,2,2,1,2,3,4,3,2,3,3,4,4,2,2,3,2,2,4,4,4,4,1,2,4,3,3,2,3,1,2,3,4,1,4,3,4,1,4,3,2,1,1,1,1,2
pid_1898,1,1,1,1,1,4,1,4,4,4,4,3,3,2,1,2,2,4,1,3,2,3,2,2,4,2,2,3,1,3,3,3,4,4,3,2,3,4,4,3,1,2,3,3,3,3,3,2,2,3,2,2,2,2,2,2,2,1,1,1,1,1,4,4,4,4,4,1,3,2,1,2,3,3,1,2,4,4,1,4,2,4,1,4,4,3,2,3,3,2,2
pid_281,1,1,1,3,2,4,1,3,4,4,4,1,3,2,2,2,4,4,1,3,2,4,3,3,4,3,3,3,3,4,3,3,4,4,3,2,3,4,3,3,2,2,3,3,3,3,2,3,3,3,2,3,2,2,2,2,2,1,1,1,1,1,4,4,1,1,4,3,3,4,2,3,3,3,1,2,4,4,1,4,2,4,1,4,3,3,2,2,3,2,3
pid_1218,1,1,2,1,1,4,1,2,1,4,1,1,1,4,4,4,4,4,1,2,1,3,2,3,1,1,4,4,4,1,1,4,2,3,3,3,3,1,2,3,2,1,3,2,3,3,3,2,4,1,4,4,4,3,4,4,4,4,2,4,3,2,4,4,1,1,1,1,3,4,4,2,4,4,3,3,3,1,1,4,4,4,1,4,2,1,1,1,1,1,2
pid_1582,1,1,1,1,1,4,3,4,4,4,4,1,4,2,1,2,2,4,1,2,1,2,2,3,4,1,2,3,2,3,4,2,4,4,2,1,2,4,3,2,1,2,3,3,3,3,2,2,2,4,2,2,2,2,2,2,3,1,1,1,1,1,4,4,4,4,4,1,2,3,1,2,2,1,1,1,4,1,1,4,1,4,1,4,3,2,3,3,3,4,3
pid_801,1,1,1,1,1,4,1,4,4,4,4,1,4,4,2,2,4,4,1,2,2,2,1,2,3,1,2,3,1,4,3,3,3,3,2,1,2,3,3,2,1,2,3,3,3,3,2,2,2,2,2,4,2,2,3,3,3,1,1,1,1,1,4,4,3,4,4,1,3,3,2,3,2,3,1,2,4,3,1,4,1,4,1,4,3,2,1,1,2,2,2
pid_555,1,1,1,1,1,4,1,4,4,4,4,1,1,4,4,2,4,4,1,1,1,2,1,2,4,1,2,2,2,1,1,3,3,3,2,1,1,3,1,1,1,1,2,2,2,2,2,1,2,1,4,4,4,3,4,4,4,1,1,3,3,2,4,4,1,2,4,2,2,4,3,4,3,1,1,3,3,3,1,3,2,4,1,4,2,1,1,1,1,2,1
pid_2020,1,1,1,1,1,1,1,2,1,4,3,1,1,4,4,4,4,4,1,2,1,2,2,3,1,1,4,4,4,1,1,2,2,3,3,3,3,1,1,4,1,1,3,2,2,2,3,2,4,1,4,4,4,4,4,4,4,4,2,2,2,2,3,4,1,1,1,1,4,4,4,3,4,4,3,3,3,1,1,4,4,4,1,4,1,1,1,1,1,3,3
pid_1731,1,2,1,1,1,4,1,2,1,1,1,1,3,4,2,3,4,4,1,3,2,4,4,4,3,1,4,4,4,1,3,4,2,4,4,4,4,2,3,3,3,3,3,2,3,3,4,2,4,3,2,2,4,4,2,2,3,1,1,1,1,2,4,1,1,1,2,1,4,4,4,2,4,4,4,2,4,2,1,2,4,3,1,4,2,1,2,2,1,4,4
pid_1256,1,1,1,3,2,2,2,4,4,4,4,2,1,4,3,4,4,4,1,2,1,4,2,3,2,2,3,3,2,2,2,3,3,3,3,2,3,3,2,4,2,1,3,3,2,3,2,2,2,2,4,4,4,3,4,4,3,2,2,1,2,2,3,4,1,2,4,2,2,4,2,3,3,2,2,2,4,3,1,4,2,4,1,4,3,2,1,2,1,2,2
pid_664,2,2,1,2,4,4,4,4,4,4,4,3,4,2,2,2,4,4,3,3,3,3,3,3,4,2,4,4,3,3,3,4,4,4,3,2,3,3,3,4,2,2,3,3,3,3,3,3,2,3,3,3,2,2,3,2,2,4,1,1,1,1,4,4,4,4,4,2,3,4,2,3,3,3,1,2,4,4,1,4,3,4,1,4,3,3,4,4,3,3,3
pid_1400,1,1,1,1,1,3,1,4,4,4,4,3,4,4,2,4,4,4,1,2,2,2,1,2,3,3,2,4,2,4,3,3,3,3,2,1,2,3,2,1,1,1,3,3,3,3,2,2,1,3,3,4,4,3,4,4,3,1,1,1,1,1,4,4,4,4,4,1,2,4,2,3,3,2,1,2,4,3,1,4,1,4,1,4,3,2,1,1,2,2,1
pid_983,1,1,2,1,1,1,1,2,1,4,2,1,1,4,4,4,4,4,1,1,1,2,3,3,1,1,4,4,4,1,1,4,1,3,3,4,4,1,1,2,2,1,3,2,3,3,3,1,4,1,4,4,4,4,4,4,4,4,4,2,2,4,1,1,1,1,1,1,3,4,4,4,4,4,4,4,3,1,1,2,4,4,1,4,1,1,1,1,1,3,2
pid_23,1,1,1,1,1,4,1,4,4,4,4,3,1,4,4,4,4,4,1,1,1,1,1,1,4,1,2,2,2,2,1,2,2,3,2,1,1,2,1,2,1,1,3,2,2,2,2,2,2,1,4,4,4,3,4,4,4,4,4,3,4,3,4,4,1,4,4,1,1,4,2,4,2,1,2,4,3,3,1,4,1,4,1,4,3,2,1,1,1,1,1
pid_1167,1,3,1,1,1,4,2,4,4,4,4,1,4,4,1,2,4,4,2,4,4,4,3,3,4,4,2,4,1,4,4,4,4,4,3,1,4,4,4,1,1,1,3,3,3,4,3,3,1,4,1,4,1,1,2,1,2,1,1,1,1,1,4,4,4,4,4,1,4,2,1,2,4,4,1,1,4,4,1,4,1,4,1,4,4,4,4,4,4,3,4
pid_499,1,2,1,1,1,4,3,4,4,4,4,2,2,4,3,4,4,4,1,3,2,4,2,3,4,2,2,4,1,2,3,2,4,4,2,1,2,3,3,1,1,2,3,3,3,3,2,2,2,1,4,4,4,2,4,4,3,4,2,1,2,1,4,4,4,4,4,1,3,3,1,3,2,2,1,2,3,2,1,4,1,4,1,4,3,2,3,3,3,3,2
pid_303,1,1,1,1,2,4,1,4,4,4,4,4,1,4,3,4,4,4,1,2,1,2,2,2,4,1,2,2,1,4,3,2,2,3,2,1,1,3,2,1,1,1,3,3,3,2,2,2,2,2,4,4,2,3,4,4,3,4,4,2,3,2,4,4,4,4,4,1,2,3,2,3,2,2,1,2,4,3,1,4,1,4,1,4,3,2,1,1,2,2,1
pid_1129,1,1,3,1,1,1,1,4,1,4,2,3,4,4,2,4,4,4,1,2,2,2,3,3,1,1,4,4,4,1,1,4,2,3,3,4,3,2,1,4,3,1,3,2,3,3,3,2,4,3,4,4,4,4,4,4,4,1,1,1,1,1,1,2,1,1,1,1,4,4,4,4,4,4,4,2,2,2,1,2,4,4,1,4,3,1,2,3,1,3,3
pid_1954,1,2,1,2,1,4,1,4,4,4,4,4,4,4,2,4,4,4,1,2,2,3,1,2,4,1,2,3,2,3,2,2,3,3,2,1,2,3,2,1,1,2,3,3,2,2,2,1,2,3,3,4,4,2,4,4,3,1,1,1,1,1,4,4,1,4,4,2,2,3,2,4,3,2,2,2,3,3,1,4,3,4,1,4,3,2,2,2,2,2,3
pid_780,1,2,1,2,1,4,1,4,2,4,3,3,2,4,4,4,4,4,1,2,2,3,3,3,4,1,4,4,4,1,2,3,3,3,3,3,2,2,2,3,3,2,3,3,3,2,3,1,3,1,4,4,4,3,4,4,4,2,2,1,1,1,4,4,1,2,2,2,3,4,4,2,4,3,2,3,3,2,1,2,2,3,1,4,2,1,2,2,1,4,2
pid_867,3,3,3,2,1,4,3,4,4,4,4,3,2,4,4,4,4,4,2,3,2,3,2,3,4,2,3,4,2,2,3,3,3,3,3,2,3,3,3,3,2,3,3,3,3,3,2,2,2,3,4,3,4,4,4,4,4,1,1,3,4,3,4,4,2,4,4,2,3,3,2,3,3,3,2,3,3,3,1,4,1,4,1,4,3,2,3,4,3,4,3
pid_1083,1,1,1,2,1,1,1,4,4,4,4,2,1,4,4,4,4,4,1,1,1,2,1,1,1,1,2,3,2,1,2,2,3,2,2,1,1,2,2,1,1,1,2,2,2,2,2,2,2,1,4,4,4,4,4,4,4,4,4,2,2,3,4,4,2,2,4,1,1,4,2,3,3,2,2,3,3,2,1,4,1,4,1,4,1,1,1,1,1,1,1
pid_1719,1,1,1,3,1,3,1,4,2,4,3,2,4,2,2,2,3,4,1,3,2,4,3,3,2,1,4,4,3,2,2,3,4,3,3,3,3,3,3,3,2,2,3,3,3,3,3,1,3,3,3,4,4,3,2,3,2,1,1,1,1,1,3,4,1,1,2,2,4,4,4,2,4,3,2,2,3,3,1,1,2,4,1,4,1,1,1,2,1,1,3
pid_2008,1,1,3,3,1,4,1,3,4,4,4,4,3,2,4,3,3,4,1,2,2,3,2,3,4,2,3,3,2,2,2,3,4,3,2,2,2,3,2,2,2,2,3,3,3,3,2,2,3,2,4,4,4,3,3,4,3,1,1,2,2,2,4,4,1,3,2,2,2,3,2,4,3,2,2,3,3,2,1,4,1,4,1,4,3,2,2,2,2,2,2
pid_1230,1,1,1,1,1,3,1,4,4,4,4,1,4,3,4,2,4,4,1,2,1,2,1,2,3,2,2,3,1,3,2,2,3,3,2,1,2,4,3,1,1,1,3,3,2,2,2,2,1,2,4,4,2,2,3,4,3,1,1,1,3,2,4,4,4,4,4,1,1,3,1,3,2,2,1,2,3,4,1,4,1,4,1,4,3,3,1,2,3,2,4
pid_829,1,1,1,1,2,2,1,4,4,4,4,1,3,4,2,2,4,4,1,2,1,2,3,2,2,1,2,2,1,2,2,2,3,4,2,1,1,3,2,2,1,1,3,3,2,3,2,1,2,3,4,3,4,3,4,4,4,1,1,1,2,1,4,4,1,2,4,1,2,3,1,3,2,1,1,2,3,4,1,4,1,4,1,4,3,1,1,1,1,4,2
pid_533,1,1,1,1,2,3,1,4,4,4,4,1,1,4,3,4,4,4,1,1,1,2,2,2,3,1,2,2,1,2,2,2,3,3,2,1,1,3,2,1,1,1,3,3,2,2,2,2,1,1,4,4,4,3,4,4,4,2,4,1,2,1,4,4,4,4,4,1,2,4,3,4,2,2,1,2,3,3,1,4,1,4,1,4,3,1,1,1,1,1,1
pid_1757,1,1,1,2,1,3,1,4,4,4,4,2,1,4,4,4,4,4,1,2,1,3,2,3,2,1,3,4,3,1,2,3,3,3,3,2,3,2,2,2,1,1,3,3,3,2,3,1,2,1,4,4,4,4,4,4,4,4,3,2,3,3,4,4,1,2,2,2,2,4,3,3,4,2,2,4,3,2,1,4,3,4,1,4,2,1,1,1,1,2,1
pid_2046,1,1,1,1,2,4,1,4,4,4,4,1,2,4,4,4,4,4,1,2,1,2,1,2,4,3,2,3,1,4,3,3,3,3,2,1,2,4,3,1,1,1,3,3,2,3,2,1,1,2,3,2,3,2,3,4,3,2,1,1,3,1,4,4,4,4,4,1,1,3,2,4,3,2,1,1,4,3,1,4,1,4,1,4,4,3,1,2,3,2,2
pid_1304,1,1,1,2,1,4,1,4,4,4,4,1,1,4,4,4,4,4,1,1,1,1,1,1,4,1,2,3,2,2,2,2,3,3,2,1,2,2,1,1,1,1,2,2,2,2,2,1,2,1,4,4,4,3,4,4,4,4,4,3,4,3,4,4,2,4,4,1,2,4,2,4,3,2,1,3,3,2,1,4,1,4,1,4,2,2,1,1,1,2,1
pid_160,1,1,1,2,1,4,2,4,4,4,4,2,1,4,4,4,4,4,1,2,1,2,2,2,4,1,3,2,2,1,1,2,3,2,2,1,2,2,2,3,1,1,2,2,2,2,2,2,2,1,4,4,4,3,4,4,4,3,4,3,2,2,4,4,1,4,4,2,2,4,3,4,3,2,2,3,3,2,1,4,2,4,1,4,2,1,1,1,1,2,1
pid_1984,1,1,1,2,2,2,1,4,2,4,4,1,1,4,4,4,4,4,1,2,1,2,2,3,1,1,4,4,4,1,1,3,2,4,2,2,3,1,2,3,1,1,3,2,2,2,4,2,3,1,4,4,4,4,4,4,4,4,4,2,3,2,2,4,1,1,1,1,3,4,4,4,4,3,3,4,2,1,1,2,3,4,1,4,2,1,1,1,1,3,1
pid_407,3,1,1,2,1,4,3,4,4,4,4,3,1,4,4,4,4,4,1,2,1,1,2,2,4,1,2,3,2,2,2,2,3,3,2,1,2,2,1,3,2,1,3,3,3,2,2,2,2,1,4,4,4,2,4,4,4,4,4,3,4,2,4,4,2,4,4,1,1,4,3,3,3,2,2,3,3,3,1,4,2,4,1,4,3,2,2,3,2,3,2
pid_1663,1,1,1,1,2,1,2,4,4,4,4,1,2,4,3,4,4,4,1,2,1,2,2,2,1,1,2,2,1,3,3,2,3,3,2,1,1,3,2,1,1,1,3,3,3,2,2,2,1,2,4,4,4,2,4,4,3,2,1,1,2,1,4,4,2,4,4,1,1,2,1,3,3,1,1,2,4,4,1,4,1,4,1,4,3,2,1,1,1,2,1
pid_953,1,1,1,2,4,1,1,1,1,4,2,1,4,4,2,4,4,4,1,1,1,1,3,3,1,1,4,4,4,1,2,4,2,4,3,4,3,2,1,3,2,1,3,2,2,2,3,2,3,2,2,4,4,4,3,3,3,4,1,1,1,1,1,2,1,1,2,1,4,4,1,4,4,3,2,4,4,2,1,4,4,4,1,4,2,1,1,1,1,2,2
pid_449,1,1,1,2,4,4,2,4,4,4,4,4,1,4,4,4,4,4,1,1,1,2,1,1,4,1,2,3,2,1,2,2,3,3,2,1,2,3,1,1,1,1,2,3,2,2,2,1,2,1,4,4,4,4,4,4,4,4,4,3,4,4,4,4,2,4,4,1,2,4,3,3,3,2,1,3,3,2,1,4,1,4,1,4,2,1,1,1,1,2,1
pid_1860,1,1,1,1,2,4,2,4,4,4,4,1,2,4,3,4,4,4,1,2,1,2,1,2,4,2,2,3,1,3,3,2,3,2,2,1,2,3,3,1,1,1,3,3,3,2,2,2,2,2,4,4,4,3,4,4,3,2,2,1,2,1,4,4,4,4,4,1,2,3,2,4,2,2,1,2,4,4,1,4,2,4,1,4,3,2,2,3,2,2,1
pid_1787,1,1,1,1,1,2,1,4,4,4,4,4,3,2,4,2,3,4,1,2,1,2,1,1,1,2,2,2,1,2,3,2,4,4,2,1,1,3,3,1,1,1,3,3,3,3,2,1,1,3,2,3,3,2,2,2,2,1,1,1,2,1,4,4,4,4,4,1,2,4,2,3,2,1,1,2,3,4,1,4,1,4,1,4,4,1,1,1,1,2,1
pid_279,1,1,2,1,1,2,1,4,4,4,4,1,1,4,2,4,3,4,1,2,1,4,2,2,2,1,2,3,1,3,3,2,3,4,2,1,2,3,3,1,1,1,3,3,3,3,2,2,2,2,3,4,2,2,3,2,3,1,1,1,3,2,4,4,3,4,4,1,2,4,2,3,2,3,1,2,3,3,1,4,1,4,1,4,3,2,1,1,1,2,2
pid_750,1,1,1,1,1,4,1,4,4,4,4,1,2,4,4,4,4,4,1,2,1,2,1,2,4,2,2,2,1,3,2,2,2,3,2,1,1,3,3,1,1,1,2,3,2,2,2,1,2,2,4,4,4,2,4,4,4,1,1,1,2,2,4,4,4,4,4,1,2,4,2,4,2,2,1,2,3,3,1,4,1,4,1,4,3,2,1,1,2,1,1
pid_1534,1,1,1,1,1,1,1,4,4,4,4,2,2,4,2,4,4,4,1,2,2,2,2,2,1,1,2,3,2,3,3,2,3,3,2,1,2,3,2,2,1,1,3,3,2,3,2,2,2,1,3,4,2,2,3,3,4,2,1,2,3,2,4,4,2,4,4,1,2,3,2,3,3,2,1,2,3,3,1,4,1,4,1,4,3,2,1,1,2,2,1
pid_1053,1,1,1,2,1,4,1,4,4,4,4,4,1,4,4,4,4,4,1,1,1,2,1,2,3,1,2,3,1,2,2,2,3,2,2,1,2,3,2,1,1,1,2,2,2,2,2,1,2,1,4,4,4,4,4,4,4,4,4,3,4,2,4,4,2,4,4,1,2,4,3,4,2,2,1,3,3,3,1,4,1,4,1,4,2,2,1,1,2,2,1
pid_237,1,1,1,1,1,4,1,4,4,4,4,1,1,4,3,2,3,4,1,2,1,3,1,2,4,2,2,3,1,3,2,2,3,4,2,1,2,4,3,1,1,1,3,3,3,2,2,2,1,2,3,3,3,2,3,3,3,2,2,1,3,2,4,4,4,4,4,1,2,4,2,3,3,2,1,3,4,3,1,4,3,4,1,4,3,3,1,2,2,2,1
pid_901,1,1,1,2,1,4,1,4,4,4,4,4,3,4,3,2,4,4,1,2,2,2,2,2,4,2,2,4,2,4,3,3,3,4,3,2,2,3,3,3,2,1,3,3,3,2,2,2,1,3,3,4,3,3,4,3,3,1,1,1,3,2,4,4,4,4,4,1,2,4,3,3,3,3,1,3,3,3,1,4,2,4,1,4,3,2,3,3,2,3,2
pid_1482,1,1,1,3,4,4,3,4,4,4,4,2,3,2,2,2,2,4,2,3,3,3,2,3,4,1,3,3,2,3,2,4,4,3,3,2,3,4,3,1,2,2,3,3,3,3,3,1,3,3,4,4,4,4,4,4,4,1,4,2,3,2,4,4,1,4,4,2,2,4,2,3,4,3,2,3,3,2,1,4,2,4,1,4,3,2,3,3,3,4,3
pid_1318,1,2,1,1,2,4,2,4,4,4,4,2,2,4,3,4,4,4,1,3,2,3,2,2,4,1,2,3,1,3,3,2,3,4,2,2,2,3,3,3,1,1,3,3,3,3,2,2,2,3,3,4,4,2,4,4,3,1,1,1,1,1,4,4,4,4,4,2,2,4,2,3,2,2,1,2,3,4,1,4,1,4,1,4,3,2,2,2,2,2,2
pid_381,1,2,2,2,1,4,2,4,4,4,4,4,2,4,4,4,4,4,1,3,2,3,2,3,4,1,2,3,3,2,1,3,4,3,2,1,2,2,2,2,2,2,3,3,2,3,2,1,3,1,4,4,4,3,4,4,4,4,4,3,3,2,4,4,2,4,4,1,2,3,3,3,3,2,2,3,3,2,1,4,1,4,1,4,3,2,2,3,2,3,3
pid_1998,1,1,2,1,1,4,2,4,4,4,4,3,2,2,3,2,2,4,1,2,1,1,1,1,4,1,2,3,1,3,2,2,3,4,2,1,2,4,3,1,1,1,2,3,2,2,2,2,2,2,3,4,4,2,3,4,3,1,1,2,2,1,4,4,4,4,4,1,2,3,2,3,2,1,1,2,3,4,1,4,2,4,1,4,3,2,1,1,2,3,1
pid_132,1,3,3,2,1,4,1,2,2,2,1,4,4,4,2,2,1,4,4,4,4,4,4,4,4,1,4,4,4,1,4,4,4,4,4,4,4,4,4,4,4,4,3,3,3,3,4,2,4,4,3,4,4,4,3,2,4,1,1,1,1,1,4,4,1,1,1,2,4,4,1,2,4,4,1,2,4,1,1,1,2,4,1,4,4,1,4,4,2,4,4
pid_1356,1,1,2,1,2,4,3,4,4,4,4,1,3,2,3,2,2,4,1,2,2,2,2,2,4,2,2,3,1,3,3,3,4,4,2,1,2,4,3,2,1,1,3,3,3,3,2,2,1,3,3,3,3,2,3,3,4,1,4,2,3,1,4,4,4,4,4,1,3,3,2,4,2,2,1,2,3,3,1,4,1,4,1,4,3,2,3,3,2,3,3
pid_1631,1,2,1,1,1,2,1,2,1,4,2,2,1,4,3,4,4,4,1,2,2,3,3,3,2,1,4,4,4,1,2,3,2,4,3,2,3,1,2,4,3,2,3,3,3,3,3,2,4,1,4,4,4,4,4,4,4,2,4,1,1,2,4,3,1,1,2,1,4,4,4,3,4,3,2,3,3,2,1,4,4,4,1,4,3,1,1,1,1,2,3
pid_455,1,1,1,1,2,1,1,2,1,4,3,1,2,4,4,4,4,4,1,2,2,3,3,3,1,1,4,4,4,1,1,3,2,3,2,4,2,1,2,2,1,2,3,2,3,3,3,1,3,1,4,4,4,3,4,4,4,4,3,1,2,2,2,2,1,1,2,2,3,4,1,2,4,4,3,3,3,2,1,2,2,4,1,4,1,1,1,1,1,3,2
pid_1566,1,1,1,2,1,4,1,4,2,4,3,3,2,4,4,4,4,4,1,2,2,3,2,3,4,1,4,4,4,1,3,3,2,4,3,2,3,2,2,2,3,2,3,2,2,2,3,2,3,1,3,4,4,2,4,4,4,4,2,2,3,3,4,4,1,3,4,2,3,4,1,3,4,3,3,3,2,1,1,2,3,4,1,4,2,1,2,3,1,3,3
pid_702,1,1,1,1,1,2,1,4,4,4,4,1,1,4,4,4,4,4,1,1,1,2,1,2,2,1,2,3,2,1,2,2,3,3,2,1,2,2,1,2,1,1,2,2,2,2,2,2,2,1,4,4,4,3,4,4,4,3,4,2,3,2,4,4,1,4,4,1,2,3,3,4,3,2,2,3,3,3,1,4,1,4,1,4,2,1,1,1,1,1,1
pid_265,1,1,1,2,4,1,1,4,4,4,4,1,1,4,4,4,4,4,1,2,1,3,2,2,1,1,2,2,1,2,3,3,3,2,2,1,2,3,2,1,1,1,3,3,2,2,2,2,2,1,4,4,4,4,4,4,4,4,4,2,4,2,1,4,1,2,4,1,2,3,2,3,3,2,1,3,3,3,1,4,1,4,1,4,2,1,1,1,1,1,1
pid_1001,1,3,1,2,1,3,2,2,1,1,1,3,2,4,2,3,4,4,1,3,2,4,3,3,3,1,4,4,4,1,3,4,3,4,4,4,3,2,2,4,3,3,3,3,3,3,4,2,4,3,2,3,4,3,3,3,3,1,1,2,2,2,3,2,1,1,2,2,4,4,4,3,4,3,1,2,3,1,1,2,4,3,1,4,2,1,3,3,1,3,3
pid_1528,1,1,1,2,1,4,3,4,4,4,4,1,1,4,4,3,4,4,1,2,2,2,2,2,4,2,2,3,2,3,3,3,3,3,2,2,2,3,3,3,1,2,3,2,3,2,2,1,2,1,4,3,3,2,3,2,3,4,3,2,4,3,4,4,4,4,4,2,2,4,2,4,3,2,1,3,3,4,1,4,2,4,1,4,3,2,2,3,2,4,1
pid_1832,1,1,1,2,1,1,2,3,4,4,3,3,1,4,4,4,4,4,1,2,2,2,3,3,1,1,3,3,2,1,2,3,4,2,2,1,2,3,2,3,3,1,3,3,3,2,2,2,3,1,4,3,4,4,4,4,4,3,4,3,4,3,4,4,1,2,2,2,2,4,3,4,3,3,2,3,3,2,1,4,1,4,1,4,2,2,2,2,1,2,2
pid_678,1,2,1,1,1,4,3,4,4,4,4,4,3,4,3,4,4,4,2,3,2,3,2,3,2,2,2,3,2,4,3,2,3,3,2,1,2,3,3,2,2,2,3,3,3,3,3,2,2,3,3,3,2,2,3,3,4,2,4,1,2,2,4,4,4,4,4,1,3,3,1,2,2,2,1,2,3,4,1,4,1,4,1,4,3,2,3,3,2,3,3
pid_1386,1,1,1,2,1,1,1,4,4,4,4,1,1,4,4,4,4,4,1,1,1,2,2,1,3,1,2,3,1,2,2,3,3,3,2,1,1,2,2,3,1,1,2,2,3,2,2,1,1,1,4,4,3,4,4,4,4,4,2,2,3,2,3,4,3,4,4,1,1,4,2,4,2,2,1,2,3,2,1,4,1,4,1,4,3,1,1,1,1,1,1
pid_485,1,1,1,1,1,4,2,4,4,4,4,4,2,4,4,4,4,4,1,2,2,3,1,2,4,3,2,4,1,3,2,2,3,3,2,1,2,4,3,1,1,1,3,3,2,2,2,1,1,1,4,4,4,2,4,4,4,3,3,1,3,1,4,4,4,4,4,1,2,4,1,4,3,1,1,2,4,3,1,4,2,4,1,4,3,2,1,2,2,2,1
pid_1906,1,1,1,2,1,4,1,4,4,4,4,3,3,3,3,3,4,4,1,3,2,3,2,3,4,3,3,3,1,3,3,3,3,3,2,1,2,3,3,1,1,2,3,3,3,2,2,1,1,3,3,3,4,3,3,4,2,1,1,1,2,1,4,4,4,4,4,2,2,4,2,3,2,2,1,2,3,3,1,4,1,4,1,4,3,2,2,3,2,3,2
pid_1452,1,1,1,1,1,4,2,4,4,4,4,1,1,4,4,4,4,4,1,2,1,2,1,1,4,2,2,2,1,3,1,2,3,2,1,1,1,2,2,2,1,1,2,3,2,2,2,1,1,1,4,4,4,3,4,4,4,4,4,2,4,2,4,4,3,4,4,1,1,4,3,3,2,1,1,2,3,3,1,4,2,4,1,4,3,2,2,2,2,2,1
pid_636,1,1,2,3,1,4,2,4,4,4,4,4,1,4,4,4,4,4,1,3,2,3,3,3,4,3,2,4,2,2,2,3,4,3,3,2,2,3,1,3,2,2,3,3,3,2,3,1,2,1,4,4,4,4,4,4,3,2,2,3,4,3,4,4,2,2,3,3,2,3,3,4,3,3,2,3,3,2,1,4,2,4,1,4,2,2,2,3,3,4,3
pid_351,1,1,2,1,1,4,2,4,4,4,4,1,4,4,3,4,4,4,1,2,2,3,1,2,4,3,2,3,1,3,3,2,3,3,2,1,2,4,3,1,1,1,3,3,3,3,2,2,1,3,3,3,4,3,3,3,3,1,1,1,1,1,4,4,4,4,4,1,1,4,4,3,2,2,1,2,3,4,1,4,2,4,1,4,3,2,2,3,2,2,3
pid_71,1,1,1,1,4,1,1,4,4,4,4,1,1,4,4,4,4,4,1,1,1,1,1,1,1,1,2,2,1,1,1,2,2,2,2,1,1,2,2,1,1,1,2,2,2,2,2,2,1,1,4,4,4,3,4,4,4,4,2,2,4,2,4,4,1,3,4,1,1,4,4,4,2,2,2,3,2,2,1,4,1,4,1,4,2,1,1,1,1,1,1
pid_1135,1,2,3,2,1,4,2,3,2,4,2,2,2,2,4,2,2,4,1,3,2,3,2,4,4,1,4,4,4,1,2,4,4,4,3,4,3,2,3,3,3,2,3,3,3,3,3,2,3,1,3,4,4,3,3,4,4,1,4,3,3,3,4,4,1,1,2,1,4,4,1,3,4,4,2,3,4,2,1,2,4,4,1,4,2,1,2,3,1,3,3
pid_1948,1,1,1,1,1,4,1,4,4,4,4,4,3,4,2,4,4,4,1,2,2,2,2,2,4,2,2,3,1,3,3,2,3,3,2,1,2,3,2,2,1,1,3,3,3,2,2,2,1,3,4,4,4,2,4,4,3,1,1,1,1,1,4,4,2,4,4,1,2,3,2,2,3,3,1,2,4,4,1,4,2,4,1,4,3,3,2,3,2,3,2
pid_1262,1,1,1,1,1,4,1,4,4,4,4,1,2,4,2,4,4,4,1,2,2,3,2,2,4,2,2,2,1,3,3,2,4,3,2,2,2,4,3,1,1,1,3,3,3,3,2,2,1,3,2,2,2,2,2,3,3,1,1,1,1,1,4,4,4,4,4,1,2,4,1,4,3,1,1,2,4,4,1,4,1,4,1,4,4,2,2,2,2,2,1
pid_1705,1,2,2,2,1,4,2,4,4,4,4,4,1,4,4,4,4,4,1,3,3,4,2,4,4,3,3,3,3,3,2,3,3,3,3,1,2,3,2,1,2,1,3,3,3,3,3,1,2,1,4,4,4,3,4,4,3,4,4,4,3,3,4,4,4,4,4,1,3,3,2,3,3,3,2,3,3,2,1,4,1,4,1,4,3,2,4,4,3,4,1
pid_2014,1,2,3,2,1,4,2,4,4,4,4,4,4,2,2,2,2,4,1,3,2,3,2,2,4,2,2,4,2,3,3,4,4,4,3,2,3,3,3,2,2,2,4,3,3,3,3,2,2,4,2,3,3,2,2,3,2,1,1,1,1,1,4,4,2,4,4,2,2,4,2,2,3,3,1,2,4,4,1,4,1,4,1,4,3,2,3,3,3,2,4
pid_561,1,1,1,1,1,3,1,4,4,4,4,1,3,3,2,2,3,4,1,3,2,4,2,3,2,2,2,3,1,3,3,2,3,3,2,2,2,3,3,1,1,1,3,3,3,3,2,2,1,3,2,4,3,3,3,3,2,1,1,1,2,1,4,4,4,4,4,2,2,3,3,3,3,2,1,2,3,3,1,4,1,4,1,4,3,2,2,2,2,2,2
pid_835,1,1,1,1,1,3,2,4,4,4,4,4,3,4,3,4,4,4,1,2,1,2,1,2,3,1,1,4,1,3,3,2,3,3,3,1,1,4,3,2,1,1,3,3,3,3,2,2,1,2,3,4,3,2,4,4,3,2,2,1,1,1,4,4,4,4,4,1,3,4,1,3,4,2,1,2,4,4,1,4,2,4,1,4,4,2,2,2,2,3,1
pid_379,1,1,1,2,1,4,3,4,4,4,4,2,1,4,4,4,4,4,1,2,2,2,2,2,4,1,2,3,2,2,2,3,3,3,2,2,2,2,2,4,2,2,3,2,3,3,3,2,1,1,4,4,4,3,4,4,4,4,4,3,4,3,4,4,3,4,4,1,2,4,2,3,3,2,2,3,3,2,1,4,2,4,1,4,2,1,1,1,1,3,2
pid_1687,1,1,1,1,1,2,1,4,4,4,4,1,1,4,4,4,4,4,1,2,1,2,1,1,2,2,2,2,1,3,2,2,3,3,2,1,2,3,3,1,1,1,3,3,3,3,2,2,1,1,4,4,4,3,4,4,3,4,4,2,4,1,4,4,4,4,4,1,2,4,1,3,2,1,1,2,3,4,1,4,2,4,1,4,3,1,1,1,1,1,1
pid_1960,1,2,1,1,1,4,2,4,4,4,4,1,1,4,4,4,4,4,1,2,1,2,2,2,4,2,2,3,1,2,2,2,3,3,2,1,2,3,2,1,1,1,3,3,2,2,2,2,2,1,4,4,4,3,4,4,4,4,4,3,4,2,4,4,4,4,4,1,1,3,2,4,2,2,1,3,4,3,1,4,1,4,1,4,3,2,2,2,2,2,1
pid_59,1,1,3,1,1,2,1,4,2,4,4,1,1,4,4,4,4,4,1,2,1,2,2,2,2,1,4,4,3,1,2,3,2,3,2,2,3,2,1,3,2,1,2,2,2,2,3,1,3,1,4,4,4,4,4,4,4,4,4,2,3,3,4,4,1,1,2,1,2,4,4,4,4,2,3,3,3,2,1,4,3,4,1,4,1,1,1,2,1,3,1
pid_184,1,1,1,2,1,1,1,4,2,4,4,1,1,4,4,4,4,4,1,1,1,1,2,1,1,1,4,3,4,1,2,3,2,4,2,3,3,2,2,3,1,1,2,2,2,2,3,2,3,1,4,4,4,4,4,4,4,2,3,1,1,1,1,1,1,1,1,1,3,4,4,3,4,3,2,3,2,1,1,3,2,4,1,3,3,1,1,1,1,1,1
pid_337,1,1,1,2,1,1,1,3,4,4,4,1,1,4,2,3,4,4,1,1,1,2,2,2,1,1,3,3,3,1,2,4,3,4,3,2,2,2,2,4,2,1,3,3,3,2,3,2,3,1,4,4,4,3,4,3,4,1,2,1,2,2,4,4,1,2,4,1,2,4,3,3,4,2,1,2,3,2,1,4,2,4,1,4,3,1,1,1,1,2,1
pid_1153,2,1,1,2,1,4,3,4,4,4,4,4,2,4,3,4,4,4,2,2,2,3,2,2,4,3,2,4,2,3,2,4,4,4,3,1,3,3,2,2,2,1,3,3,3,3,2,2,2,2,4,3,4,3,4,3,3,3,1,1,3,1,4,4,4,4,4,2,3,4,2,3,3,2,1,3,3,3,1,4,2,4,1,4,3,3,3,3,3,3,2
pid_17,3,2,1,1,3,4,4,4,4,4,4,4,1,3,3,4,3,4,2,2,2,3,2,1,4,3,2,3,1,4,3,2,3,4,2,1,1,4,4,1,1,1,3,3,3,3,2,1,1,2,4,3,3,2,3,4,4,4,3,3,4,4,4,4,4,4,4,1,2,4,1,4,3,1,1,2,4,4,1,4,1,4,1,4,3,3,3,3,3,2,2
pid_1434,1,1,1,2,1,1,1,4,4,4,4,3,1,4,4,4,4,4,1,2,1,3,2,3,1,2,3,3,2,2,2,3,3,4,2,2,3,3,2,1,1,1,3,2,2,2,2,2,2,1,4,4,4,3,4,4,4,3,1,2,3,3,2,4,2,4,4,2,2,4,2,4,3,3,1,3,3,3,1,4,1,4,1,4,2,2,1,1,2,2,1
pid_650,1,1,1,3,1,3,2,4,4,4,4,4,3,2,1,2,1,4,2,2,2,3,2,2,4,2,3,4,2,2,2,3,4,3,3,3,3,3,3,4,2,2,3,3,3,3,3,2,2,3,2,3,3,3,3,2,2,1,1,1,1,1,4,4,2,4,4,3,2,4,3,3,3,3,1,2,3,3,1,4,2,4,1,4,3,2,3,3,2,3,3
pid_1763,1,1,1,1,1,1,1,4,4,4,4,4,1,4,3,4,4,4,1,2,1,3,3,2,1,1,4,3,4,1,2,4,2,3,3,2,3,1,2,1,1,1,3,2,3,3,3,1,3,1,4,4,4,4,4,3,4,1,1,1,1,1,2,4,1,1,1,1,3,4,4,3,4,3,2,3,2,1,1,2,4,4,1,4,1,1,1,1,1,1,1
pid_507,1,1,1,2,1,2,1,4,2,4,4,1,1,4,4,4,4,4,1,2,1,2,1,2,2,1,4,3,3,1,2,3,4,4,2,2,2,2,1,1,1,1,2,2,2,2,3,2,3,1,4,4,3,3,4,4,4,4,4,2,3,2,3,4,1,4,2,1,1,4,1,3,3,2,1,3,3,3,1,4,1,4,1,4,2,1,1,1,1,2,1
pid_1884,1,2,1,2,1,3,1,4,2,4,3,1,2,4,4,4,4,4,1,1,1,2,1,2,2,1,4,3,4,1,1,4,2,3,3,2,3,1,1,3,2,1,2,2,2,2,3,1,3,1,4,4,4,4,4,4,4,2,2,1,2,2,4,4,1,1,2,1,2,4,1,4,4,3,4,3,2,2,1,3,4,4,1,4,1,1,1,1,1,3,2
pid_1204,1,1,1,1,1,4,1,4,4,4,4,4,3,4,2,4,4,4,1,2,1,2,1,1,4,3,2,4,1,4,3,3,3,2,2,1,2,4,2,1,1,1,3,3,3,2,2,2,1,3,3,3,3,2,4,4,2,1,1,1,1,1,4,4,4,4,4,1,1,3,2,3,2,2,1,2,3,4,1,4,1,4,1,4,3,3,3,2,3,1,2
pid_549,1,1,1,1,1,2,1,4,4,4,4,4,1,4,4,4,4,4,1,2,1,2,1,2,2,2,2,3,1,2,2,2,3,2,2,1,1,3,2,1,1,1,3,3,2,3,2,2,2,1,4,4,4,3,4,4,4,3,2,1,2,2,4,4,4,4,4,1,2,4,2,3,2,2,1,3,3,3,1,4,1,4,1,4,3,2,1,1,2,2,1
pid_853,1,1,1,3,2,1,1,4,3,4,4,4,2,4,4,4,4,4,1,2,2,3,3,3,1,1,3,3,3,2,2,3,4,3,3,1,3,2,2,3,2,2,2,2,2,2,2,1,2,1,4,4,4,3,4,4,4,2,2,2,3,2,4,2,2,3,4,3,2,4,3,3,3,3,3,3,3,2,1,4,2,4,1,4,2,2,2,2,2,2,3
pid_1619,1,1,1,1,1,4,1,4,4,4,4,1,4,2,2,2,2,4,1,2,2,2,1,2,4,3,3,4,1,4,3,4,4,4,2,1,3,4,4,2,1,1,3,3,3,3,3,3,1,3,2,2,2,2,2,2,2,1,1,1,2,1,4,4,4,4,4,1,3,1,1,2,3,2,1,1,4,4,1,4,2,4,1,4,4,3,1,2,3,2,2
pid_1183,1,1,1,2,4,1,1,2,2,4,3,1,2,4,3,4,4,4,1,2,1,2,3,3,1,1,4,3,4,1,2,3,3,4,3,3,3,2,2,4,1,2,2,2,2,2,3,1,3,2,4,4,4,4,4,4,4,4,1,1,1,1,2,4,1,1,2,2,3,4,4,3,4,3,3,3,2,2,1,2,4,4,1,4,2,1,1,1,1,3,3
pid_967,1,1,1,1,1,1,1,1,2,4,4,2,2,4,4,4,4,4,1,1,1,3,3,3,1,1,4,3,4,1,1,4,2,3,3,3,3,2,2,4,1,1,3,2,3,2,3,1,3,1,4,4,4,4,4,4,4,1,3,1,1,1,1,2,1,1,1,1,4,4,1,3,4,4,2,2,2,1,1,3,4,4,1,4,2,1,1,1,1,2,1
pid_680,1,1,1,1,1,1,2,4,4,4,4,1,1,4,4,4,4,4,1,2,1,2,1,1,1,2,2,4,1,4,2,2,3,2,2,1,1,4,3,1,1,1,3,3,3,2,2,2,1,1,4,4,3,3,4,4,3,2,2,1,4,2,4,4,4,4,4,1,1,4,2,3,2,2,1,2,3,2,1,4,1,4,1,4,3,3,1,2,2,2,1
pid_1657,1,2,2,1,1,4,3,4,4,4,4,2,2,4,4,4,4,4,1,2,1,2,1,1,4,1,2,3,1,3,2,2,3,3,1,1,2,3,3,1,1,1,3,3,2,3,2,2,2,2,4,4,4,2,4,4,3,2,2,2,2,1,4,4,4,4,4,1,1,4,2,4,2,2,1,2,4,3,1,4,1,4,1,4,3,2,3,3,2,3,3
pid_433,1,1,2,3,1,3,1,4,4,4,4,2,3,4,3,4,4,4,1,2,1,2,2,2,2,2,3,4,1,2,2,3,3,3,2,2,2,2,2,3,1,1,3,3,2,2,2,2,2,2,4,4,4,4,4,4,3,2,1,1,2,1,4,4,2,4,4,2,2,4,2,4,3,2,2,3,3,3,1,4,2,4,1,4,2,2,1,1,2,3,1
pid_89,1,1,1,1,4,3,1,4,4,4,4,4,3,4,2,4,4,4,1,2,1,2,1,2,2,2,2,2,1,1,2,2,2,2,2,1,1,3,2,2,1,1,3,3,3,2,2,1,1,3,4,4,4,3,4,4,4,4,4,1,1,1,4,4,4,4,4,1,2,4,2,3,2,2,1,2,3,4,1,4,1,4,1,4,3,2,2,2,1,3,1
pid_154,1,1,2,1,1,3,1,2,2,4,2,1,1,4,4,4,4,4,1,1,1,2,3,2,2,1,4,4,4,1,2,3,2,3,3,3,2,1,1,3,2,1,2,2,2,2,3,2,3,1,4,4,4,4,4,4,4,4,4,3,3,4,4,4,1,1,2,1,2,4,1,4,4,2,3,3,1,2,1,3,4,4,1,4,1,1,1,1,1,1,2
pid_929,1,3,2,2,1,3,1,3,1,4,1,4,2,4,3,4,4,4,1,3,3,3,3,3,3,1,4,4,4,1,2,4,2,3,3,3,3,1,2,4,3,3,3,2,3,3,4,2,4,2,3,4,4,4,3,3,4,2,2,2,1,2,3,2,1,1,1,2,3,4,1,2,4,4,3,4,3,1,1,2,1,4,1,4,3,1,3,3,1,4,3
pid_1330,2,2,1,2,1,4,3,4,4,4,4,4,3,4,4,4,4,4,2,2,2,2,2,2,4,2,3,3,3,2,3,3,4,3,3,2,2,3,3,1,2,3,3,3,2,3,3,2,3,2,4,4,4,4,4,4,4,3,1,2,4,3,4,4,4,4,4,2,2,3,3,4,3,3,2,3,3,2,1,4,2,4,1,4,3,3,4,4,3,3,3
pid_203,1,1,1,1,1,1,1,2,1,4,2,1,1,4,4,4,4,4,1,1,1,2,2,2,1,1,4,4,4,1,1,3,1,2,2,2,3,1,1,2,1,1,3,2,3,3,4,1,3,1,4,4,4,4,4,4,4,4,4,1,1,1,1,4,1,1,1,1,4,4,4,3,4,3,4,2,3,1,1,1,4,4,1,4,3,1,1,1,1,2,1
pid_599,1,2,4,1,1,4,1,4,4,4,3,1,1,4,4,4,4,4,1,2,1,2,1,2,4,1,3,2,2,1,1,2,3,3,2,1,2,2,2,2,2,1,2,3,2,2,2,2,2,1,4,4,4,3,4,4,4,3,1,2,3,2,4,4,1,2,4,1,2,4,2,4,3,2,2,3,3,2,1,4,1,4,1,4,2,1,1,1,1,4,1
pid_1067,1,1,1,1,2,3,1,3,1,4,2,2,2,3,3,2,4,4,1,1,1,1,2,3,2,1,4,4,4,1,1,4,2,3,4,4,4,1,1,1,1,1,3,2,3,3,3,1,4,1,3,4,4,4,4,4,4,4,4,2,2,2,3,4,1,2,1,1,4,4,4,2,4,4,2,3,2,1,1,1,4,4,1,4,2,1,1,1,1,1,1
pid_883,1,1,1,2,1,3,2,4,4,4,4,3,1,4,4,4,4,4,1,2,2,3,2,2,3,2,2,3,2,3,2,2,3,3,2,1,2,3,3,3,1,2,3,3,3,2,2,2,2,1,4,4,4,3,4,4,4,2,4,2,3,2,4,4,3,4,4,1,2,4,2,3,3,2,2,3,3,3,1,4,2,4,1,4,3,2,1,2,2,2,2
pid_1500,1,2,1,1,2,4,2,4,4,4,4,1,4,4,1,4,4,4,1,3,2,2,1,2,4,2,2,2,1,3,3,2,3,4,2,1,2,3,2,1,1,1,3,3,3,2,2,2,1,3,4,3,3,2,4,4,2,1,1,1,1,1,4,4,4,4,4,1,3,3,1,4,2,2,1,1,4,4,1,4,1,4,1,4,4,2,3,3,3,3,3
pid_764,2,2,3,2,1,3,3,4,1,2,1,4,1,4,4,4,4,4,2,4,4,4,4,4,2,1,4,4,4,1,2,4,3,4,4,3,4,1,3,4,4,4,3,3,3,3,3,2,4,2,3,4,4,4,4,4,4,4,4,4,2,2,4,2,1,1,1,1,3,4,4,2,4,4,1,2,3,1,1,2,1,4,1,4,3,1,4,4,1,4,4
pid_1854,1,2,1,1,1,4,1,4,4,4,4,4,4,2,2,1,2,4,1,2,1,2,1,2,3,2,2,4,1,3,3,2,4,4,2,1,2,4,3,1,1,2,3,3,3,3,2,2,1,4,2,3,3,2,2,2,3,1,1,1,1,1,4,4,4,4,4,1,2,3,1,2,3,3,1,2,4,4,1,4,1,4,1,4,3,3,3,2,3,2,4
pid_1029,1,1,1,1,1,3,1,4,4,4,4,4,3,2,2,2,2,4,2,2,2,3,1,2,2,2,2,3,1,4,4,2,3,3,2,1,3,3,3,3,1,1,3,3,3,3,2,3,1,3,2,2,2,2,2,2,2,1,1,1,1,1,4,4,3,4,4,1,3,3,1,2,3,3,1,1,4,4,1,4,1,4,1,4,4,2,1,1,2,2,2
